Version,Platform,Released,VirusTotal
[`9.0.0` {octicon}`link-external`](https://github.com/kdeldycke/click-extra/releases/tag/v9.0.0),[{octicon}`download` `linux-arm64`](https://github.com/kdeldycke/click-extra/releases/download/v9.0.0/click-extra-9.0.0-linux-arm64.bin),2026-08-29,[{octicon}`shield-check;1em;sd-text-success`](https://www.virustotal.com/gui/file/347a462b4f06b32ae4233d842d115d9d1d15aea766f48f9e37bf813fa366908f)
[`9.0.0` {octicon}`link-external`](https://github.com/kdeldycke/click-extra/releases/tag/v9.0.0),[{octicon}`download` `linux-x64`](https://github.com/kdeldycke/click-extra/releases/download/v9.0.0/click-extra-9.0.0-linux-x64.bin),2026-08-29,[{octicon}`shield-check;1em;sd-text-success`](https://www.virustotal.com/gui/file/6556c07e49cc1939a46961fd545d8a6fa447df65077659cf43c7d33c7511fe66)
[`9.0.0` {octicon}`link-external`](https://github.com/kdeldycke/click-extra/releases/tag/v9.0.0),[{octicon}`download` `macos-arm64`](https://github.com/kdeldycke/click-extra/releases/download/v9.0.0/click-extra-9.0.0-macos-arm64.bin),2026-08-29,[{octicon}`shield-check;1em;sd-text-success`](https://www.virustotal.com/gui/file/fe9510e86025dc4504f58ecf293cdd783fb6c73aa92d6f8ed6d08be7072e726a)
[`9.0.0` {octicon}`link-external`](https://github.com/kdeldycke/click-extra/releases/tag/v9.0.0),[{octicon}`download` `macos-x64`](https://github.com/kdeldycke/click-extra/releases/download/v9.0.0/click-extra-9.0.0-macos-x64.bin),2026-08-29,[{octicon}`shield-check;1em;sd-text-success`](https://www.virustotal.com/gui/file/8e90c5a70532b0bb8ccaac67717e7e98b97f2178ac6533251e154b0a27289ec3)
[`9.0.0` {octicon}`link-external`](https://github.com/kdeldycke/click-extra/releases/tag/v9.0.0),[{octicon}`download` `windows-arm64`](https://github.com/kdeldycke/click-extra/releases/download/v9.0.0/click-extra-9.0.0-windows-arm64.exe),2026-08-29,[{octicon}`shield;1em;sd-text-warning` 2.9%](https://www.virustotal.com/gui/file/906ab791cfaf1396f29cff6ff48d4359854e1a28ba92d49da15a66e9d256977d)
[`9.0.0` {octicon}`link-external`](https://github.com/kdeldycke/click-extra/releases/tag/v9.0.0),[{octicon}`download` `windows-x64`](https://github.com/kdeldycke/click-extra/releases/download/v9.0.0/click-extra-9.0.0-windows-x64.exe),2026-08-29,[{octicon}`shield;1em;sd-text-danger` 22.9%](https://www.virustotal.com/gui/file/7ba47a4b6051fdcdb34c17fefa934bc829647322bd01744548142df042a428db)
[`8.9.1` {octicon}`link-external`](https://github.com/kdeldycke/click-extra/releases/tag/v8.9.1),[{octicon}`download` `linux-arm64`](https://github.com/kdeldycke/click-extra/releases/download/v8.9.1/click-extra-8.9.1-linux-arm64.bin),2026-08-15,[{octicon}`shield;1em;sd-text-warning` 1.6%](https://www.virustotal.com/gui/file/0f717cd76034bd5888b3109870d6d3ca4daa87b7e78ed6a3dd923291e1c7473e)
[`8.9.1` {octicon}`link-external`](https://github.com/kdeldycke/click-extra/releases/tag/v8.9.1),[{octicon}`download` `linux-x64`](https://github.com/kdeldycke/click-extra/releases/download/v8.9.1/click-extra-8.9.1-linux-x64.bin),2026-08-15,[{octicon}`shield;1em;sd-text-warning` 1.6%](https://www.virustotal.com/gui/file/2a7464080fae3555ec3e2ba12e6ece638e4a6ef5604307dc55e041a7d5167366)
[`8.9.1` {octicon}`link-external`](https://github.com/kdeldycke/click-extra/releases/tag/v8.9.1),[{octicon}`download` `macos-arm64`](https://github.com/kdeldycke/click-extra/releases/download/v8.9.1/click-extra-8.9.1-macos-arm64.bin),2026-08-15,[{octicon}`shield;1em;sd-text-warning` 1.6%](https://www.virustotal.com/gui/file/6fca8708ec85308c941df2d191dfa7ce9fb0b427c84494c1dfe2a8b328ec8d95)
[`8.9.1` {octicon}`link-external`](https://github.com/kdeldycke/click-extra/releases/tag/v8.9.1),[{octicon}`download` `macos-x64`](https://github.com/kdeldycke/click-extra/releases/download/v8.9.1/click-extra-8.9.1-macos-x64.bin),2026-08-15,[{octicon}`shield;1em;sd-text-warning` 1.6%](https://www.virustotal.com/gui/file/ec3b45e7bec88ca140430c43f5dbf159b6f075946f82da750463770370dd828c)
[`8.9.1` {octicon}`link-external`](https://github.com/kdeldycke/click-extra/releases/tag/v8.9.1),[{octicon}`download` `windows-arm64`](https://github.com/kdeldycke/click-extra/releases/download/v8.9.1/click-extra-8.9.1-windows-arm64.exe),2026-08-15,[{octicon}`shield;1em;sd-text-warning` 2.9%](https://www.virustotal.com/gui/file/5e94da897922f942bf1294ccce1ac54629460d9f221d7ff8fd5a3c7bcb679299)
[`8.9.1` {octicon}`link-external`](https://github.com/kdeldycke/click-extra/releases/tag/v8.9.1),[{octicon}`download` `windows-x64`](https://github.com/kdeldycke/click-extra/releases/download/v8.9.1/click-extra-8.9.1-windows-x64.exe),2026-08-15,[{octicon}`shield;1em;sd-text-danger` 24.3%](https://www.virustotal.com/gui/file/0b0cf7dfa4f1f19fb126c17ae7be09a730897af537699e6e3beec9b528cc9514)
[`8.9.0` {octicon}`link-external`](https://github.com/kdeldycke/click-extra/releases/tag/v8.9.0),[{octicon}`download` `linux-arm64`](https://github.com/kdeldycke/click-extra/releases/download/v8.9.0/click-extra-8.9.0-linux-arm64.bin),2026-08-14,[{octicon}`shield;1em;sd-text-warning` 1.8%](https://www.virustotal.com/gui/file/da6378dd2fce01b26586f9a73b409df62a1ae336adeefbfab623023f0cfecf27)
[`8.9.0` {octicon}`link-external`](https://github.com/kdeldycke/click-extra/releases/tag/v8.9.0),[{octicon}`download` `linux-x64`](https://github.com/kdeldycke/click-extra/releases/download/v8.9.0/click-extra-8.9.0-linux-x64.bin),2026-08-14,[{octicon}`shield;1em;sd-text-warning` 1.7%](https://www.virustotal.com/gui/file/546132c24287f0c0e0fe7b02b0925f37ed47fecd53fa7605dd03221dcc58bb4d)
[`8.9.0` {octicon}`link-external`](https://github.com/kdeldycke/click-extra/releases/tag/v8.9.0),[{octicon}`download` `macos-arm64`](https://github.com/kdeldycke/click-extra/releases/download/v8.9.0/click-extra-8.9.0-macos-arm64.bin),2026-08-14,[{octicon}`shield;1em;sd-text-warning` 2.0%](https://www.virustotal.com/gui/file/7e00b03f73394ab3c801d5ba86c2d11e4cbf5bbf2b29b71143ec11b9a47e1a17)
[`8.9.0` {octicon}`link-external`](https://github.com/kdeldycke/click-extra/releases/tag/v8.9.0),[{octicon}`download` `macos-x64`](https://github.com/kdeldycke/click-extra/releases/download/v8.9.0/click-extra-8.9.0-macos-x64.bin),2026-08-14,[{octicon}`shield-check;1em;sd-text-success`](https://www.virustotal.com/gui/file/fb4691368b02ea8b0f717a769579e288a42a171905f86ac112c3259f27c1ea5f)
[`8.9.0` {octicon}`link-external`](https://github.com/kdeldycke/click-extra/releases/tag/v8.9.0),[{octicon}`download` `windows-arm64`](https://github.com/kdeldycke/click-extra/releases/download/v8.9.0/click-extra-8.9.0-windows-arm64.exe),2026-08-14,[{octicon}`shield;1em;sd-text-warning` 4.6%](https://www.virustotal.com/gui/file/5c969f6b57ee4afb9633febd5af247817dd91bbeb3306d99635f7c854fb5809f)
[`8.9.0` {octicon}`link-external`](https://github.com/kdeldycke/click-extra/releases/tag/v8.9.0),[{octicon}`download` `windows-x64`](https://github.com/kdeldycke/click-extra/releases/download/v8.9.0/click-extra-8.9.0-windows-x64.exe),2026-08-14,[{octicon}`shield;1em;sd-text-danger` 23.2%](https://www.virustotal.com/gui/file/604b004dd97404f7912c0f8bf71b453f99f1180c6d669a49dcb8ff76b07dd41f)
[`8.8.1` {octicon}`link-external`](https://github.com/kdeldycke/click-extra/releases/tag/v8.8.1),[{octicon}`download` `linux-arm64`](https://github.com/kdeldycke/click-extra/releases/download/v8.8.1/click-extra-8.8.1-linux-arm64.bin),2026-08-02,[{octicon}`shield-check;1em;sd-text-success`](https://www.virustotal.com/gui/file/25fa36c9e4051b70d94907be97c85aedcca5c827f993d201da54da5a74141117)
[`8.8.1` {octicon}`link-external`](https://github.com/kdeldycke/click-extra/releases/tag/v8.8.1),[{octicon}`download` `linux-x64`](https://github.com/kdeldycke/click-extra/releases/download/v8.8.1/click-extra-8.8.1-linux-x64.bin),2026-08-02,[{octicon}`shield;1em;sd-text-warning` 1.6%](https://www.virustotal.com/gui/file/1240cf19a5523fd9ec337d42cbb72523caa0677d4adcb652af079fbbadce51b4)
[`8.8.1` {octicon}`link-external`](https://github.com/kdeldycke/click-extra/releases/tag/v8.8.1),[{octicon}`download` `macos-arm64`](https://github.com/kdeldycke/click-extra/releases/download/v8.8.1/click-extra-8.8.1-macos-arm64.bin),2026-08-02,[{octicon}`shield-check;1em;sd-text-success`](https://www.virustotal.com/gui/file/fc6a5f9a14c6dbdd27ece12950e504fcf73744c736bf2dbe1fdabf76db944566)
[`8.8.1` {octicon}`link-external`](https://github.com/kdeldycke/click-extra/releases/tag/v8.8.1),[{octicon}`download` `macos-x64`](https://github.com/kdeldycke/click-extra/releases/download/v8.8.1/click-extra-8.8.1-macos-x64.bin),2026-08-02,[{octicon}`shield;1em;sd-text-warning` 1.6%](https://www.virustotal.com/gui/file/4df34fc372c8fedf52ed2aef1fff774be93a298548a249df2a0dfe72f7c49eb1)
[`8.8.1` {octicon}`link-external`](https://github.com/kdeldycke/click-extra/releases/tag/v8.8.1),[{octicon}`download` `windows-arm64`](https://github.com/kdeldycke/click-extra/releases/download/v8.8.1/click-extra-8.8.1-windows-arm64.exe),2026-08-02,[{octicon}`shield;1em;sd-text-warning` 4.8%](https://www.virustotal.com/gui/file/7d7ed566b8ef7364c18f322c074118b7bb348a1b4dafb2c9822f8d2d005bffe8)
[`8.8.1` {octicon}`link-external`](https://github.com/kdeldycke/click-extra/releases/tag/v8.8.1),[{octicon}`download` `windows-x64`](https://github.com/kdeldycke/click-extra/releases/download/v8.8.1/click-extra-8.8.1-windows-x64.exe),2026-08-02,[{octicon}`shield;1em;sd-text-danger` 18.6%](https://www.virustotal.com/gui/file/253df5442841863b8ec156d31aef440684c62c59bc0eb3e7dda12af88c8ca3f6)
[`8.8.0` {octicon}`link-external`](https://github.com/kdeldycke/click-extra/releases/tag/v8.8.0),[{octicon}`download` `linux-arm64`](https://github.com/kdeldycke/click-extra/releases/download/v8.8.0/click-extra-8.8.0-linux-arm64.bin),2026-07-31,[{octicon}`shield-check;1em;sd-text-success`](https://www.virustotal.com/gui/file/71f4516adea9f29e555ffb954eb8ad8a1c2d3f8c1b2f19f170dbb9bd83cbec8c)
[`8.8.0` {octicon}`link-external`](https://github.com/kdeldycke/click-extra/releases/tag/v8.8.0),[{octicon}`download` `linux-x64`](https://github.com/kdeldycke/click-extra/releases/download/v8.8.0/click-extra-8.8.0-linux-x64.bin),2026-07-31,[{octicon}`shield-check;1em;sd-text-success`](https://www.virustotal.com/gui/file/3ea1e23d82c24b6026fd681bf71fdf62dce7dabad3e4033b820ec20871c3c706)
[`8.8.0` {octicon}`link-external`](https://github.com/kdeldycke/click-extra/releases/tag/v8.8.0),[{octicon}`download` `macos-arm64`](https://github.com/kdeldycke/click-extra/releases/download/v8.8.0/click-extra-8.8.0-macos-arm64.bin),2026-07-31,[{octicon}`shield;1em;sd-text-warning` 1.7%](https://www.virustotal.com/gui/file/ee67395129abd186a91c2cb798157b0416f0ccf0c8ce436bcd93d36491660da3)
[`8.8.0` {octicon}`link-external`](https://github.com/kdeldycke/click-extra/releases/tag/v8.8.0),[{octicon}`download` `macos-x64`](https://github.com/kdeldycke/click-extra/releases/download/v8.8.0/click-extra-8.8.0-macos-x64.bin),2026-07-31,
[`8.8.0` {octicon}`link-external`](https://github.com/kdeldycke/click-extra/releases/tag/v8.8.0),[{octicon}`download` `windows-arm64`](https://github.com/kdeldycke/click-extra/releases/download/v8.8.0/click-extra-8.8.0-windows-arm64.exe),2026-07-31,[{octicon}`shield;1em;sd-text-warning` 4.4%](https://www.virustotal.com/gui/file/d9137dea803b11d3e72ba59a5d33bd1d2eb2e34cbcc6569526e0b7b8646df97c)
[`8.8.0` {octicon}`link-external`](https://github.com/kdeldycke/click-extra/releases/tag/v8.8.0),[{octicon}`download` `windows-x64`](https://github.com/kdeldycke/click-extra/releases/download/v8.8.0/click-extra-8.8.0-windows-x64.exe),2026-07-31,[{octicon}`shield;1em;sd-text-danger` 20.0%](https://www.virustotal.com/gui/file/600b01e27c8bf008470d3a042b3d26161076e130628333365fa367656cbb575d)
[`8.7.0` {octicon}`link-external`](https://github.com/kdeldycke/click-extra/releases/tag/v8.7.0),[{octicon}`download` `linux-arm64`](https://github.com/kdeldycke/click-extra/releases/download/v8.7.0/click-extra-8.7.0-linux-arm64.bin),2026-07-30,[{octicon}`shield-check;1em;sd-text-success`](https://www.virustotal.com/gui/file/48803136b7c50124ad18e8f4fb57b0ecbbe646c3611508362b9e457e0619bae6)
[`8.7.0` {octicon}`link-external`](https://github.com/kdeldycke/click-extra/releases/tag/v8.7.0),[{octicon}`download` `linux-x64`](https://github.com/kdeldycke/click-extra/releases/download/v8.7.0/click-extra-8.7.0-linux-x64.bin),2026-07-30,[{octicon}`shield;1em;sd-text-warning` 1.6%](https://www.virustotal.com/gui/file/519e057ea6f2b44a4acc1443ee9c94f09adf7224e609e2e2cccf0fb7281492a1)
[`8.7.0` {octicon}`link-external`](https://github.com/kdeldycke/click-extra/releases/tag/v8.7.0),[{octicon}`download` `macos-arm64`](https://github.com/kdeldycke/click-extra/releases/download/v8.7.0/click-extra-8.7.0-macos-arm64.bin),2026-07-30,[{octicon}`shield;1em;sd-text-warning` 1.6%](https://www.virustotal.com/gui/file/63aa8b5d4cf28e3dfdbbb5402623428f51b3a5acc5eba14914c16ccc719de4ca)
[`8.7.0` {octicon}`link-external`](https://github.com/kdeldycke/click-extra/releases/tag/v8.7.0),[{octicon}`download` `macos-x64`](https://github.com/kdeldycke/click-extra/releases/download/v8.7.0/click-extra-8.7.0-macos-x64.bin),2026-07-30,[{octicon}`shield-check;1em;sd-text-success`](https://www.virustotal.com/gui/file/6f4a0204c5aea7ff292adb6e684babfcfab73bee6d6d9e75c6164529f05ff28b)
[`8.7.0` {octicon}`link-external`](https://github.com/kdeldycke/click-extra/releases/tag/v8.7.0),[{octicon}`download` `windows-arm64`](https://github.com/kdeldycke/click-extra/releases/download/v8.7.0/click-extra-8.7.0-windows-arm64.exe),2026-07-30,[{octicon}`shield;1em;sd-text-warning` 4.4%](https://www.virustotal.com/gui/file/a75e26f5be4d3ddee6167c877d4670c66f9e48922cf40a232064bc219323a4b8)
[`8.7.0` {octicon}`link-external`](https://github.com/kdeldycke/click-extra/releases/tag/v8.7.0),[{octicon}`download` `windows-x64`](https://github.com/kdeldycke/click-extra/releases/download/v8.7.0/click-extra-8.7.0-windows-x64.exe),2026-07-30,[{octicon}`shield;1em;sd-text-danger` 20.0%](https://www.virustotal.com/gui/file/47a3037218f2f9549e861555edef1cd6a623bfb5527d73f136e27d4f3cc9a628)
[`8.6.3` {octicon}`link-external`](https://github.com/kdeldycke/click-extra/releases/tag/v8.6.3),[{octicon}`download` `linux-arm64`](https://github.com/kdeldycke/click-extra/releases/download/v8.6.3/click-extra-8.6.3-linux-arm64.bin),2026-07-29,[{octicon}`shield-check;1em;sd-text-success`](https://www.virustotal.com/gui/file/e2e1fdba43176d091dfb13f5291e922964fc262cc34b1ee32e02a247f616c430)
[`8.6.3` {octicon}`link-external`](https://github.com/kdeldycke/click-extra/releases/tag/v8.6.3),[{octicon}`download` `linux-x64`](https://github.com/kdeldycke/click-extra/releases/download/v8.6.3/click-extra-8.6.3-linux-x64.bin),2026-07-29,[{octicon}`shield;1em;sd-text-warning` 1.6%](https://www.virustotal.com/gui/file/30907659003ef5f0f0343d9cb95a75ad37f172c2296294b01dabc6cba7ba8bc1)
[`8.6.3` {octicon}`link-external`](https://github.com/kdeldycke/click-extra/releases/tag/v8.6.3),[{octicon}`download` `macos-arm64`](https://github.com/kdeldycke/click-extra/releases/download/v8.6.3/click-extra-8.6.3-macos-arm64.bin),2026-07-29,[{octicon}`shield-check;1em;sd-text-success`](https://www.virustotal.com/gui/file/c7ff27320bdf5178abf26b9def3d11cf92322fccd5726d21fb967e2369d33d63)
[`8.6.3` {octicon}`link-external`](https://github.com/kdeldycke/click-extra/releases/tag/v8.6.3),[{octicon}`download` `macos-x64`](https://github.com/kdeldycke/click-extra/releases/download/v8.6.3/click-extra-8.6.3-macos-x64.bin),2026-07-29,[{octicon}`shield-check;1em;sd-text-success`](https://www.virustotal.com/gui/file/fc95d66f8b7a965adf6a154db18092dbf532616d3e4cc85fb13706b07bffda44)
[`8.6.3` {octicon}`link-external`](https://github.com/kdeldycke/click-extra/releases/tag/v8.6.3),[{octicon}`download` `windows-arm64`](https://github.com/kdeldycke/click-extra/releases/download/v8.6.3/click-extra-8.6.3-windows-arm64.exe),2026-07-29,[{octicon}`shield;1em;sd-text-warning` 4.5%](https://www.virustotal.com/gui/file/010fe5a6000f2585235045806e933b218e4f9921365138cbb6ba9b2794b92bce)
[`8.6.3` {octicon}`link-external`](https://github.com/kdeldycke/click-extra/releases/tag/v8.6.3),[{octicon}`download` `windows-x64`](https://github.com/kdeldycke/click-extra/releases/download/v8.6.3/click-extra-8.6.3-windows-x64.exe),2026-07-29,[{octicon}`shield;1em;sd-text-danger` 18.8%](https://www.virustotal.com/gui/file/75a47a1295b11e8fcc727129da55b07f54e32fbef7cf4dc57008aa0a1a051872)
[`8.6.2` {octicon}`link-external`](https://github.com/kdeldycke/click-extra/releases/tag/v8.6.2),[{octicon}`download` `linux-arm64`](https://github.com/kdeldycke/click-extra/releases/download/v8.6.2/click-extra-8.6.2-linux-arm64.bin),2026-07-27,[{octicon}`shield-check;1em;sd-text-success`](https://www.virustotal.com/gui/file/32da527ea50a7dfc05754f717bbd918d13f21a525197ab2bef48818a6f5bf032)
[`8.6.2` {octicon}`link-external`](https://github.com/kdeldycke/click-extra/releases/tag/v8.6.2),[{octicon}`download` `linux-x64`](https://github.com/kdeldycke/click-extra/releases/download/v8.6.2/click-extra-8.6.2-linux-x64.bin),2026-07-27,[{octicon}`shield-check;1em;sd-text-success`](https://www.virustotal.com/gui/file/8393056f70c34b6056444fe36176cebb1cc5c7702acf85dca2340854cfe24ee7)
[`8.6.2` {octicon}`link-external`](https://github.com/kdeldycke/click-extra/releases/tag/v8.6.2),[{octicon}`download` `macos-arm64`](https://github.com/kdeldycke/click-extra/releases/download/v8.6.2/click-extra-8.6.2-macos-arm64.bin),2026-07-27,[{octicon}`shield;1em;sd-text-warning` 2.0%](https://www.virustotal.com/gui/file/965c59728c43bcbdcad202802d0f8b4b3353a2e7f6d75d9b72b07418c095c92a)
[`8.6.2` {octicon}`link-external`](https://github.com/kdeldycke/click-extra/releases/tag/v8.6.2),[{octicon}`download` `macos-x64`](https://github.com/kdeldycke/click-extra/releases/download/v8.6.2/click-extra-8.6.2-macos-x64.bin),2026-07-27,[{octicon}`shield-check;1em;sd-text-success`](https://www.virustotal.com/gui/file/69e438bf40a06f55b8236a6fc95aa34eede7f02bd8a7447062b513b2b8b2ebf7)
[`8.6.2` {octicon}`link-external`](https://github.com/kdeldycke/click-extra/releases/tag/v8.6.2),[{octicon}`download` `windows-arm64`](https://github.com/kdeldycke/click-extra/releases/download/v8.6.2/click-extra-8.6.2-windows-arm64.exe),2026-07-27,[{octicon}`shield;1em;sd-text-warning` 3.0%](https://www.virustotal.com/gui/file/f289e21d9f5c0cac6fec6fbe1410fc68243becf22a8404d0354c328dc7a612e1)
[`8.6.2` {octicon}`link-external`](https://github.com/kdeldycke/click-extra/releases/tag/v8.6.2),[{octicon}`download` `windows-x64`](https://github.com/kdeldycke/click-extra/releases/download/v8.6.2/click-extra-8.6.2-windows-x64.exe),2026-07-27,[{octicon}`shield;1em;sd-text-danger` 19.1%](https://www.virustotal.com/gui/file/02d0a48d80fc4d181572aa8a6986cd20ed68cb45dbb53964a02fca57e12ea1a4)
[`8.6.1` {octicon}`link-external`](https://github.com/kdeldycke/click-extra/releases/tag/v8.6.1),[{octicon}`download` `linux-arm64`](https://github.com/kdeldycke/click-extra/releases/download/v8.6.1/click-extra-8.6.1-linux-arm64.bin),2026-07-27,[{octicon}`shield-check;1em;sd-text-success`](https://www.virustotal.com/gui/file/0d5a3e17b60967767e4641fc18c59e218540c785276b43bcc1f7278a9236079b)
[`8.6.1` {octicon}`link-external`](https://github.com/kdeldycke/click-extra/releases/tag/v8.6.1),[{octicon}`download` `linux-x64`](https://github.com/kdeldycke/click-extra/releases/download/v8.6.1/click-extra-8.6.1-linux-x64.bin),2026-07-27,[{octicon}`shield-check;1em;sd-text-success`](https://www.virustotal.com/gui/file/e6a2d90486c38b33e8178059b2493abcec49e33d427943acef764de1ec97ecb5)
[`8.6.1` {octicon}`link-external`](https://github.com/kdeldycke/click-extra/releases/tag/v8.6.1),[{octicon}`download` `macos-arm64`](https://github.com/kdeldycke/click-extra/releases/download/v8.6.1/click-extra-8.6.1-macos-arm64.bin),2026-07-27,[{octicon}`shield;1em;sd-text-warning` 3.3%](https://www.virustotal.com/gui/file/fbeceb684d1b8ca8909158bf9557791adf4d159fe512c4e5820758eac5ac542f)
[`8.6.1` {octicon}`link-external`](https://github.com/kdeldycke/click-extra/releases/tag/v8.6.1),[{octicon}`download` `macos-x64`](https://github.com/kdeldycke/click-extra/releases/download/v8.6.1/click-extra-8.6.1-macos-x64.bin),2026-07-27,[{octicon}`shield-check;1em;sd-text-success`](https://www.virustotal.com/gui/file/a8db36770a28518071357554a3d3f887ebcccc667d9fdc49d760d6e67822c0be)
[`8.6.1` {octicon}`link-external`](https://github.com/kdeldycke/click-extra/releases/tag/v8.6.1),[{octicon}`download` `windows-arm64`](https://github.com/kdeldycke/click-extra/releases/download/v8.6.1/click-extra-8.6.1-windows-arm64.exe),2026-07-27,[{octicon}`shield;1em;sd-text-warning` 2.9%](https://www.virustotal.com/gui/file/e8e9775a0a89dd7a2928f010ed2fb56a98da77afe37f346373d53e75f1c85d1f)
[`8.6.1` {octicon}`link-external`](https://github.com/kdeldycke/click-extra/releases/tag/v8.6.1),[{octicon}`download` `windows-x64`](https://github.com/kdeldycke/click-extra/releases/download/v8.6.1/click-extra-8.6.1-windows-x64.exe),2026-07-27,[{octicon}`shield;1em;sd-text-danger` 20.3%](https://www.virustotal.com/gui/file/374552ace2f88132293f23ef319e2d3d41bf14d5033aa883e39cf5de2815ef0e)
[`8.6.0` {octicon}`link-external`](https://github.com/kdeldycke/click-extra/releases/tag/v8.6.0),[{octicon}`download` `linux-arm64`](https://github.com/kdeldycke/click-extra/releases/download/v8.6.0/click-extra-8.6.0-linux-arm64.bin),2026-07-24,[{octicon}`shield-check;1em;sd-text-success`](https://www.virustotal.com/gui/file/7efdd93ef43c46bdfb0a98a9a10ba4eeb41466b4ba8e657e12934177bfb23604)
[`8.6.0` {octicon}`link-external`](https://github.com/kdeldycke/click-extra/releases/tag/v8.6.0),[{octicon}`download` `linux-x64`](https://github.com/kdeldycke/click-extra/releases/download/v8.6.0/click-extra-8.6.0-linux-x64.bin),2026-07-24,[{octicon}`shield-check;1em;sd-text-success`](https://www.virustotal.com/gui/file/f0548912c38068309b7166b44bf8cc1b2ec27ed915ebbe300b2770e0c4de6553)
[`8.6.0` {octicon}`link-external`](https://github.com/kdeldycke/click-extra/releases/tag/v8.6.0),[{octicon}`download` `macos-arm64`](https://github.com/kdeldycke/click-extra/releases/download/v8.6.0/click-extra-8.6.0-macos-arm64.bin),2026-07-24,[{octicon}`shield-check;1em;sd-text-success`](https://www.virustotal.com/gui/file/ccbefdcc92c72e109d14cb265f0144b3ef81d23de6949858e7329a574b549c80)
[`8.6.0` {octicon}`link-external`](https://github.com/kdeldycke/click-extra/releases/tag/v8.6.0),[{octicon}`download` `macos-x64`](https://github.com/kdeldycke/click-extra/releases/download/v8.6.0/click-extra-8.6.0-macos-x64.bin),2026-07-24,[{octicon}`shield-check;1em;sd-text-success`](https://www.virustotal.com/gui/file/2ac626639271ec7f5c88f50480bf487e92d6e7366f7957350e5b559e566f1fc2)
[`8.6.0` {octicon}`link-external`](https://github.com/kdeldycke/click-extra/releases/tag/v8.6.0),[{octicon}`download` `windows-arm64`](https://github.com/kdeldycke/click-extra/releases/download/v8.6.0/click-extra-8.6.0-windows-arm64.exe),2026-07-24,[{octicon}`shield;1em;sd-text-warning` 4.4%](https://www.virustotal.com/gui/file/6c9a3e098c08830587be7389abb12d85ffec55d68c76b70c207a5c9a4c4d0bf6)
[`8.6.0` {octicon}`link-external`](https://github.com/kdeldycke/click-extra/releases/tag/v8.6.0),[{octicon}`download` `windows-x64`](https://github.com/kdeldycke/click-extra/releases/download/v8.6.0/click-extra-8.6.0-windows-x64.exe),2026-07-24,[{octicon}`shield;1em;sd-text-danger` 20.3%](https://www.virustotal.com/gui/file/f92ad575bcef1a76b5b9deddb1ff86d230b3dbfe73a13d905a5f922a3f54cfe9)
[`8.5.0` {octicon}`link-external`](https://github.com/kdeldycke/click-extra/releases/tag/v8.5.0),[{octicon}`download` `linux-arm64`](https://github.com/kdeldycke/click-extra/releases/download/v8.5.0/click-extra-8.5.0-linux-arm64.bin),2026-07-22,[{octicon}`shield-check;1em;sd-text-success`](https://www.virustotal.com/gui/file/cf48e9bb8c354a473808e0ab2e1a0079041cf48be1cd1c1c95250c6237d24f41)
[`8.5.0` {octicon}`link-external`](https://github.com/kdeldycke/click-extra/releases/tag/v8.5.0),[{octicon}`download` `linux-x64`](https://github.com/kdeldycke/click-extra/releases/download/v8.5.0/click-extra-8.5.0-linux-x64.bin),2026-07-22,[{octicon}`shield-check;1em;sd-text-success`](https://www.virustotal.com/gui/file/86342800504ce416808c03dea9c58173e2ef83f0861f2e50a7751908ccea733a)
[`8.5.0` {octicon}`link-external`](https://github.com/kdeldycke/click-extra/releases/tag/v8.5.0),[{octicon}`download` `macos-arm64`](https://github.com/kdeldycke/click-extra/releases/download/v8.5.0/click-extra-8.5.0-macos-arm64.bin),2026-07-22,[{octicon}`shield-check;1em;sd-text-success`](https://www.virustotal.com/gui/file/a24915efb08cb456537d6ada61b6c59dd72506326e5c6daaac1e720837e43bae)
[`8.5.0` {octicon}`link-external`](https://github.com/kdeldycke/click-extra/releases/tag/v8.5.0),[{octicon}`download` `macos-x64`](https://github.com/kdeldycke/click-extra/releases/download/v8.5.0/click-extra-8.5.0-macos-x64.bin),2026-07-22,[{octicon}`shield-check;1em;sd-text-success`](https://www.virustotal.com/gui/file/e47c9db73ff37ad7e41588d66017bb7e1b24072904af5ee59ffcea287d7e12d0)
[`8.5.0` {octicon}`link-external`](https://github.com/kdeldycke/click-extra/releases/tag/v8.5.0),[{octicon}`download` `windows-arm64`](https://github.com/kdeldycke/click-extra/releases/download/v8.5.0/click-extra-8.5.0-windows-arm64.exe),2026-07-22,[{octicon}`shield;1em;sd-text-warning` 4.9%](https://www.virustotal.com/gui/file/5240988faf90a41c442a3820985d25fd998a2e4799a9a8c97625d0c251494887)
[`8.5.0` {octicon}`link-external`](https://github.com/kdeldycke/click-extra/releases/tag/v8.5.0),[{octicon}`download` `windows-x64`](https://github.com/kdeldycke/click-extra/releases/download/v8.5.0/click-extra-8.5.0-windows-x64.exe),2026-07-22,[{octicon}`shield;1em;sd-text-danger` 17.4%](https://www.virustotal.com/gui/file/e92766c6355ae0eeabc6461c296de8e4316093ff65e5919c259af689e5d03348)
[`8.4.0` {octicon}`link-external`](https://github.com/kdeldycke/click-extra/releases/tag/v8.4.0),[{octicon}`download` `linux-x64`](https://github.com/kdeldycke/click-extra/releases/download/v8.4.0/click-extra-8.4.0-linux-x64.bin),2026-07-16,[{octicon}`shield-check;1em;sd-text-success`](https://www.virustotal.com/gui/file/dec67aff4d98f2329568061fc4b687a9ae85a6eeb3726bacdfdc799c93f0ab08)
[`8.4.0` {octicon}`link-external`](https://github.com/kdeldycke/click-extra/releases/tag/v8.4.0),[{octicon}`download` `macos-arm64`](https://github.com/kdeldycke/click-extra/releases/download/v8.4.0/click-extra-8.4.0-macos-arm64.bin),2026-07-16,[{octicon}`shield;1em;sd-text-warning` 1.9%](https://www.virustotal.com/gui/file/d11e481860fcb21f71f17596be51e31ad758165b5b57869c6b5b49b07a094579)
[`8.4.0` {octicon}`link-external`](https://github.com/kdeldycke/click-extra/releases/tag/v8.4.0),[{octicon}`download` `macos-x64`](https://github.com/kdeldycke/click-extra/releases/download/v8.4.0/click-extra-8.4.0-macos-x64.bin),2026-07-16,[{octicon}`shield-check;1em;sd-text-success`](https://www.virustotal.com/gui/file/9a7999807946ebe2f2d88a84f99d83d88409df905176c188bef50c7fba5d0495)
[`8.4.0` {octicon}`link-external`](https://github.com/kdeldycke/click-extra/releases/tag/v8.4.0),[{octicon}`download` `windows-arm64`](https://github.com/kdeldycke/click-extra/releases/download/v8.4.0/click-extra-8.4.0-windows-arm64.exe),2026-07-16,[{octicon}`shield;1em;sd-text-warning` 3.0%](https://www.virustotal.com/gui/file/afc65ef981e7e332921dda63690520e485ccfd3d59f92c407811a268dd0cb4c4)
[`8.4.0` {octicon}`link-external`](https://github.com/kdeldycke/click-extra/releases/tag/v8.4.0),[{octicon}`download` `windows-x64`](https://github.com/kdeldycke/click-extra/releases/download/v8.4.0/click-extra-8.4.0-windows-x64.exe),2026-07-16,[{octicon}`shield;1em;sd-text-danger` 17.6%](https://www.virustotal.com/gui/file/1e38b9e853f0175bff0b27a7f5ee7b773b3796e6ffdf23ed90eaee9241c6df70)
[`8.3.0` {octicon}`link-external`](https://github.com/kdeldycke/click-extra/releases/tag/v8.3.0),[{octicon}`download` `linux-arm64`](https://github.com/kdeldycke/click-extra/releases/download/v8.3.0/click-extra-8.3.0-linux-arm64.bin),2026-07-08,[{octicon}`shield;1em;sd-text-warning` 1.6%](https://www.virustotal.com/gui/file/223c214c34b4776bd8374e5505c38917c0213dee574c539a27060cee1f94b7a2)
[`8.3.0` {octicon}`link-external`](https://github.com/kdeldycke/click-extra/releases/tag/v8.3.0),[{octicon}`download` `linux-x64`](https://github.com/kdeldycke/click-extra/releases/download/v8.3.0/click-extra-8.3.0-linux-x64.bin),2026-07-08,[{octicon}`shield;1em;sd-text-warning` 1.6%](https://www.virustotal.com/gui/file/d5afe22fb8402326f758c22e6a96088bf9c7d47241df9a4aa60af59b658e0bb6)
[`8.3.0` {octicon}`link-external`](https://github.com/kdeldycke/click-extra/releases/tag/v8.3.0),[{octicon}`download` `macos-arm64`](https://github.com/kdeldycke/click-extra/releases/download/v8.3.0/click-extra-8.3.0-macos-arm64.bin),2026-07-08,[{octicon}`shield;1em;sd-text-warning` 1.6%](https://www.virustotal.com/gui/file/ff40b1162adc553a63e5e34b52e7b3f5ab0b120b18ee52be1717d24412791792)
[`8.3.0` {octicon}`link-external`](https://github.com/kdeldycke/click-extra/releases/tag/v8.3.0),[{octicon}`download` `macos-x64`](https://github.com/kdeldycke/click-extra/releases/download/v8.3.0/click-extra-8.3.0-macos-x64.bin),2026-07-08,[{octicon}`shield-check;1em;sd-text-success`](https://www.virustotal.com/gui/file/2190283f22f92a932772ad137c4b7b4f1d3552a25f2bc599a02b9ebae3cc9309)
[`8.3.0` {octicon}`link-external`](https://github.com/kdeldycke/click-extra/releases/tag/v8.3.0),[{octicon}`download` `windows-arm64`](https://github.com/kdeldycke/click-extra/releases/download/v8.3.0/click-extra-8.3.0-windows-arm64.exe),2026-07-08,[{octicon}`shield;1em;sd-text-warning` 4.5%](https://www.virustotal.com/gui/file/d2d62f4a1d474a973c78513bde42d0c7690816aadf6befa7d1bbed02c4a4a4f4)
[`8.3.0` {octicon}`link-external`](https://github.com/kdeldycke/click-extra/releases/tag/v8.3.0),[{octicon}`download` `windows-x64`](https://github.com/kdeldycke/click-extra/releases/download/v8.3.0/click-extra-8.3.0-windows-x64.exe),2026-07-08,[{octicon}`shield;1em;sd-text-danger` 23.5%](https://www.virustotal.com/gui/file/dd826076bdd075151ab0107eba73c770116b7f7a157a22cd289d0833df98c935)
[`8.2.0` {octicon}`link-external`](https://github.com/kdeldycke/click-extra/releases/tag/v8.2.0),[{octicon}`download` `linux-arm64`](https://github.com/kdeldycke/click-extra/releases/download/v8.2.0/click-extra-8.2.0-linux-arm64.bin),2026-07-01,[{octicon}`shield;1em;sd-text-warning` 1.6%](https://www.virustotal.com/gui/file/d50383414aff1e9bb0d1b1378e9dd3ce6b99dd1afdf193dc9f5e2403abe88ca7)
[`8.2.0` {octicon}`link-external`](https://github.com/kdeldycke/click-extra/releases/tag/v8.2.0),[{octicon}`download` `linux-x64`](https://github.com/kdeldycke/click-extra/releases/download/v8.2.0/click-extra-8.2.0-linux-x64.bin),2026-07-01,[{octicon}`shield;1em;sd-text-warning` 1.6%](https://www.virustotal.com/gui/file/054c0670191759d0d5a02c69472efabdf447f90ac6fc5aff3160baebb4f2c770)
[`8.2.0` {octicon}`link-external`](https://github.com/kdeldycke/click-extra/releases/tag/v8.2.0),[{octicon}`download` `macos-arm64`](https://github.com/kdeldycke/click-extra/releases/download/v8.2.0/click-extra-8.2.0-macos-arm64.bin),2026-07-01,[{octicon}`shield-check;1em;sd-text-success`](https://www.virustotal.com/gui/file/9f93a6f32b7fbe7d91d11a1895462724bd9ff6c7bf3d9131131918d5466ac0ca)
[`8.2.0` {octicon}`link-external`](https://github.com/kdeldycke/click-extra/releases/tag/v8.2.0),[{octicon}`download` `macos-x64`](https://github.com/kdeldycke/click-extra/releases/download/v8.2.0/click-extra-8.2.0-macos-x64.bin),2026-07-01,[{octicon}`shield;1em;sd-text-warning` 1.6%](https://www.virustotal.com/gui/file/7f4f8abdde6831968b7f7aabafdf7f634d34f133c0c737d997727471a84492e4)
[`8.2.0` {octicon}`link-external`](https://github.com/kdeldycke/click-extra/releases/tag/v8.2.0),[{octicon}`download` `windows-arm64`](https://github.com/kdeldycke/click-extra/releases/download/v8.2.0/click-extra-8.2.0-windows-arm64.exe),2026-07-01,[{octicon}`shield;1em;sd-text-warning` 2.9%](https://www.virustotal.com/gui/file/d007f68c871dbc0909bf6c91680788f21851a8f1244f89b4f99b34a71f0fe9b5)
[`8.2.0` {octicon}`link-external`](https://github.com/kdeldycke/click-extra/releases/tag/v8.2.0),[{octicon}`download` `windows-x64`](https://github.com/kdeldycke/click-extra/releases/download/v8.2.0/click-extra-8.2.0-windows-x64.exe),2026-07-01,[{octicon}`shield;1em;sd-text-danger` 25.4%](https://www.virustotal.com/gui/file/8d3d173ea23a23d9c26bf6869246d6d44e14485b6022f66cab4e17f34dc431c2)
[`8.1.4` {octicon}`link-external`](https://github.com/kdeldycke/click-extra/releases/tag/v8.1.4),[{octicon}`download` `linux-arm64`](https://github.com/kdeldycke/click-extra/releases/download/v8.1.4/click-extra-8.1.4-linux-arm64.bin),2026-06-27,[{octicon}`shield-check;1em;sd-text-success`](https://www.virustotal.com/gui/file/7a0e5f5cd8abf8971fb857afaafe7f317ca26f8551d87e3f13cccd53ac6630fc)
[`8.1.4` {octicon}`link-external`](https://github.com/kdeldycke/click-extra/releases/tag/v8.1.4),[{octicon}`download` `linux-x64`](https://github.com/kdeldycke/click-extra/releases/download/v8.1.4/click-extra-8.1.4-linux-x64.bin),2026-06-27,[{octicon}`shield-check;1em;sd-text-success`](https://www.virustotal.com/gui/file/66c18da7d3fe74d02c51f7f587d479c8f8bb23d83e331a3bd6e534d60c7e9145)
[`8.1.4` {octicon}`link-external`](https://github.com/kdeldycke/click-extra/releases/tag/v8.1.4),[{octicon}`download` `macos-arm64`](https://github.com/kdeldycke/click-extra/releases/download/v8.1.4/click-extra-8.1.4-macos-arm64.bin),2026-06-27,[{octicon}`shield-check;1em;sd-text-success`](https://www.virustotal.com/gui/file/4fc1966e2a26fce59a467d8998adf3930481bd28b2b03303aa284608ce63a2b9)
[`8.1.4` {octicon}`link-external`](https://github.com/kdeldycke/click-extra/releases/tag/v8.1.4),[{octicon}`download` `macos-x64`](https://github.com/kdeldycke/click-extra/releases/download/v8.1.4/click-extra-8.1.4-macos-x64.bin),2026-06-27,[{octicon}`shield-check;1em;sd-text-success`](https://www.virustotal.com/gui/file/3c7666fb9bc4d55a829906f71a0163de6805ca53238a7887d3a9ce87bfa74c04)
[`8.1.4` {octicon}`link-external`](https://github.com/kdeldycke/click-extra/releases/tag/v8.1.4),[{octicon}`download` `windows-arm64`](https://github.com/kdeldycke/click-extra/releases/download/v8.1.4/click-extra-8.1.4-windows-arm64.exe),2026-06-27,[{octicon}`shield;1em;sd-text-warning` 2.9%](https://www.virustotal.com/gui/file/e4c33ad0e681b4cbae002d5088ed013fe278c54ccf14b0892cf02d69765e5d0b)
[`8.1.4` {octicon}`link-external`](https://github.com/kdeldycke/click-extra/releases/tag/v8.1.4),[{octicon}`download` `windows-x64`](https://github.com/kdeldycke/click-extra/releases/download/v8.1.4/click-extra-8.1.4-windows-x64.exe),2026-06-27,[{octicon}`shield;1em;sd-text-danger` 12.7%](https://www.virustotal.com/gui/file/79ba13118eef0d1d9d1a8daf54eb3333d312256e68c5e3b28542fb74a57bf709)
[`8.1.3` {octicon}`link-external`](https://github.com/kdeldycke/click-extra/releases/tag/v8.1.3),[{octicon}`download` `linux-arm64`](https://github.com/kdeldycke/click-extra/releases/download/v8.1.3/click-extra-8.1.3-linux-arm64.bin),2026-06-27,[{octicon}`shield-check;1em;sd-text-success`](https://www.virustotal.com/gui/file/80c5cc12a87b558d8ba16c62a90e5c99fa5f1c70d535acd8cb604ec05b57549b)
[`8.1.3` {octicon}`link-external`](https://github.com/kdeldycke/click-extra/releases/tag/v8.1.3),[{octicon}`download` `linux-x64`](https://github.com/kdeldycke/click-extra/releases/download/v8.1.3/click-extra-8.1.3-linux-x64.bin),2026-06-27,[{octicon}`shield-check;1em;sd-text-success`](https://www.virustotal.com/gui/file/0ed708783c353ad71f4b74b487bc081d996fe73e5e816aee41b2f58b2ac93654)
[`8.1.3` {octicon}`link-external`](https://github.com/kdeldycke/click-extra/releases/tag/v8.1.3),[{octicon}`download` `macos-arm64`](https://github.com/kdeldycke/click-extra/releases/download/v8.1.3/click-extra-8.1.3-macos-arm64.bin),2026-06-27,[{octicon}`shield-check;1em;sd-text-success`](https://www.virustotal.com/gui/file/21d66ffb00ca46d94a60b3ad917a0166a2a1f4ab7a0be3cd9d7162137e4cf140)
[`8.1.3` {octicon}`link-external`](https://github.com/kdeldycke/click-extra/releases/tag/v8.1.3),[{octicon}`download` `macos-x64`](https://github.com/kdeldycke/click-extra/releases/download/v8.1.3/click-extra-8.1.3-macos-x64.bin),2026-06-27,[{octicon}`shield-check;1em;sd-text-success`](https://www.virustotal.com/gui/file/480c22de6e54f45e45e1804fd10b1a5fc4194d7a4ecb850e61696d3179fbd25d)
[`8.1.3` {octicon}`link-external`](https://github.com/kdeldycke/click-extra/releases/tag/v8.1.3),[{octicon}`download` `windows-arm64`](https://github.com/kdeldycke/click-extra/releases/download/v8.1.3/click-extra-8.1.3-windows-arm64.exe),2026-06-27,[{octicon}`shield;1em;sd-text-warning` 4.4%](https://www.virustotal.com/gui/file/855ec642ca239891034a9d8f470d6088304365029923ebdf6cd72fa3cbe0e864)
[`8.1.3` {octicon}`link-external`](https://github.com/kdeldycke/click-extra/releases/tag/v8.1.3),[{octicon}`download` `windows-x64`](https://github.com/kdeldycke/click-extra/releases/download/v8.1.3/click-extra-8.1.3-windows-x64.exe),2026-06-27,[{octicon}`shield;1em;sd-text-danger` 13.2%](https://www.virustotal.com/gui/file/d6b30b0c2def337c9b57bbd2dcfad25e2285f243ed31d1f809cb4bcad512b187)
[`8.1.2` {octicon}`link-external`](https://github.com/kdeldycke/click-extra/releases/tag/v8.1.2),[{octicon}`download` `linux-arm64`](https://github.com/kdeldycke/click-extra/releases/download/v8.1.2/click-extra-8.1.2-linux-arm64.bin),2026-06-27,[{octicon}`shield-check;1em;sd-text-success`](https://www.virustotal.com/gui/file/86eaea291c4fe82b708071f6146114d44f76c777825711348db1196ea8feaa93)
[`8.1.2` {octicon}`link-external`](https://github.com/kdeldycke/click-extra/releases/tag/v8.1.2),[{octicon}`download` `linux-x64`](https://github.com/kdeldycke/click-extra/releases/download/v8.1.2/click-extra-8.1.2-linux-x64.bin),2026-06-27,[{octicon}`shield-check;1em;sd-text-success`](https://www.virustotal.com/gui/file/eeaf497954f73c3b5c4a1a163375b5ad1b8430d1ae9dfd58971f79f3d8a07246)
[`8.1.2` {octicon}`link-external`](https://github.com/kdeldycke/click-extra/releases/tag/v8.1.2),[{octicon}`download` `macos-arm64`](https://github.com/kdeldycke/click-extra/releases/download/v8.1.2/click-extra-8.1.2-macos-arm64.bin),2026-06-27,[{octicon}`shield-check;1em;sd-text-success`](https://www.virustotal.com/gui/file/370148d2573a1da0f6fe268ca804bafffcc7168d5c1e9a758d49c37161bc756f)
[`8.1.2` {octicon}`link-external`](https://github.com/kdeldycke/click-extra/releases/tag/v8.1.2),[{octicon}`download` `macos-x64`](https://github.com/kdeldycke/click-extra/releases/download/v8.1.2/click-extra-8.1.2-macos-x64.bin),2026-06-27,[{octicon}`shield-check;1em;sd-text-success`](https://www.virustotal.com/gui/file/eeadc952ae1e2baf64f79187d1431fecb2c557d3cf09986732e7f71ff24051b2)
[`8.1.2` {octicon}`link-external`](https://github.com/kdeldycke/click-extra/releases/tag/v8.1.2),[{octicon}`download` `windows-arm64`](https://github.com/kdeldycke/click-extra/releases/download/v8.1.2/click-extra-8.1.2-windows-arm64.exe),2026-06-27,[{octicon}`shield;1em;sd-text-warning` 2.9%](https://www.virustotal.com/gui/file/812fd9a1b6b16d75b8fa65c0814e4405d788b81234f8058eef71377a334c584b)
[`8.1.2` {octicon}`link-external`](https://github.com/kdeldycke/click-extra/releases/tag/v8.1.2),[{octicon}`download` `windows-x64`](https://github.com/kdeldycke/click-extra/releases/download/v8.1.2/click-extra-8.1.2-windows-x64.exe),2026-06-27,[{octicon}`shield;1em;sd-text-danger` 14.3%](https://www.virustotal.com/gui/file/00f1bea7cf9165ad52878a7fe0522c337eec764829d112bda4ddc8407f903054)
[`8.1.1` {octicon}`link-external`](https://github.com/kdeldycke/click-extra/releases/tag/v8.1.1),[{octicon}`download` `linux-arm64`](https://github.com/kdeldycke/click-extra/releases/download/v8.1.1/click-extra-8.1.1-linux-arm64.bin),2026-06-24,[{octicon}`shield-check;1em;sd-text-success`](https://www.virustotal.com/gui/file/eaefe04f7ac047957c295c8b4372a34b8a8ae77815a61c884526946dd8a31be3)
[`8.1.1` {octicon}`link-external`](https://github.com/kdeldycke/click-extra/releases/tag/v8.1.1),[{octicon}`download` `linux-x64`](https://github.com/kdeldycke/click-extra/releases/download/v8.1.1/click-extra-8.1.1-linux-x64.bin),2026-06-24,[{octicon}`shield-check;1em;sd-text-success`](https://www.virustotal.com/gui/file/b97c426b0eec2a841e4b13a29afa11aff0e27f4944b108a0ac9c9e059768a708)
[`8.1.1` {octicon}`link-external`](https://github.com/kdeldycke/click-extra/releases/tag/v8.1.1),[{octicon}`download` `macos-arm64`](https://github.com/kdeldycke/click-extra/releases/download/v8.1.1/click-extra-8.1.1-macos-arm64.bin),2026-06-24,
[`8.1.1` {octicon}`link-external`](https://github.com/kdeldycke/click-extra/releases/tag/v8.1.1),[{octicon}`download` `macos-x64`](https://github.com/kdeldycke/click-extra/releases/download/v8.1.1/click-extra-8.1.1-macos-x64.bin),2026-06-24,[{octicon}`shield-check;1em;sd-text-success`](https://www.virustotal.com/gui/file/0dd21cf61119135ad45f88af682056be6603b03fe492c751ae82a0b56be5a022)
[`8.1.1` {octicon}`link-external`](https://github.com/kdeldycke/click-extra/releases/tag/v8.1.1),[{octicon}`download` `windows-arm64`](https://github.com/kdeldycke/click-extra/releases/download/v8.1.1/click-extra-8.1.1-windows-arm64.exe),2026-06-24,[{octicon}`shield;1em;sd-text-warning` 3.1%](https://www.virustotal.com/gui/file/117db914b45e6f18e34f4712bf404acc8dca318449aa0991b7259d1f316bbc3e)
[`8.1.1` {octicon}`link-external`](https://github.com/kdeldycke/click-extra/releases/tag/v8.1.1),[{octicon}`download` `windows-x64`](https://github.com/kdeldycke/click-extra/releases/download/v8.1.1/click-extra-8.1.1-windows-x64.exe),2026-06-24,[{octicon}`shield;1em;sd-text-danger` 21.7%](https://www.virustotal.com/gui/file/e1b95d456d23e8244553b8a0eb22d3a5250ea349c9967256772a55e4566e635b)
[`8.1.0` {octicon}`link-external`](https://github.com/kdeldycke/click-extra/releases/tag/v8.1.0),[{octicon}`download` `linux-arm64`](https://github.com/kdeldycke/click-extra/releases/download/v8.1.0/click-extra-8.1.0-linux-arm64.bin),2026-06-24,[{octicon}`shield-check;1em;sd-text-success`](https://www.virustotal.com/gui/file/1c09f4c802464cf67ea308a0b548f484d9fb1950d4489b159b62109c9f6d24c7)
[`8.1.0` {octicon}`link-external`](https://github.com/kdeldycke/click-extra/releases/tag/v8.1.0),[{octicon}`download` `linux-x64`](https://github.com/kdeldycke/click-extra/releases/download/v8.1.0/click-extra-8.1.0-linux-x64.bin),2026-06-24,[{octicon}`shield;1em;sd-text-warning` 1.6%](https://www.virustotal.com/gui/file/83dc0c04cbaa96d7ca6d5f6c02295fdadbc1c343e985de995f135734893ba418)
[`8.1.0` {octicon}`link-external`](https://github.com/kdeldycke/click-extra/releases/tag/v8.1.0),[{octicon}`download` `macos-arm64`](https://github.com/kdeldycke/click-extra/releases/download/v8.1.0/click-extra-8.1.0-macos-arm64.bin),2026-06-24,[{octicon}`shield;1em;sd-text-warning` 1.7%](https://www.virustotal.com/gui/file/18d7da187c8ff6f71e8d2adba3c1e2696801f92a53670a61e1ba81948f7bb757)
[`8.1.0` {octicon}`link-external`](https://github.com/kdeldycke/click-extra/releases/tag/v8.1.0),[{octicon}`download` `macos-x64`](https://github.com/kdeldycke/click-extra/releases/download/v8.1.0/click-extra-8.1.0-macos-x64.bin),2026-06-24,[{octicon}`shield;1em;sd-text-warning` 1.7%](https://www.virustotal.com/gui/file/16ae1cf3ab37e85c8afa4f8df46baf2e67b57dd9a4efa94428e534210c22fd02)
[`8.1.0` {octicon}`link-external`](https://github.com/kdeldycke/click-extra/releases/tag/v8.1.0),[{octicon}`download` `windows-arm64`](https://github.com/kdeldycke/click-extra/releases/download/v8.1.0/click-extra-8.1.0-windows-arm64.exe),2026-06-24,[{octicon}`shield;1em;sd-text-warning` 2.9%](https://www.virustotal.com/gui/file/d5b51e49c6293723090bd73c64374ecc77901262bc5d9c698d1627f36a090a4e)
[`8.1.0` {octicon}`link-external`](https://github.com/kdeldycke/click-extra/releases/tag/v8.1.0),[{octicon}`download` `windows-x64`](https://github.com/kdeldycke/click-extra/releases/download/v8.1.0/click-extra-8.1.0-windows-x64.exe),2026-06-24,[{octicon}`shield;1em;sd-text-danger` 20.9%](https://www.virustotal.com/gui/file/1d8bd7c8a007becbf4215a2f76dd483d90207427d92feafb6c2604df18848af0)
[`8.0.1` {octicon}`link-external`](https://github.com/kdeldycke/click-extra/releases/tag/v8.0.1),[{octicon}`download` `linux-arm64`](https://github.com/kdeldycke/click-extra/releases/download/v8.0.1/click-extra-8.0.1-linux-arm64.bin),2026-06-22,[{octicon}`shield-check;1em;sd-text-success`](https://www.virustotal.com/gui/file/b50df45522330acce506dea1166346d6a87c044333013a6025e09389d1a962b8)
[`8.0.1` {octicon}`link-external`](https://github.com/kdeldycke/click-extra/releases/tag/v8.0.1),[{octicon}`download` `linux-x64`](https://github.com/kdeldycke/click-extra/releases/download/v8.0.1/click-extra-8.0.1-linux-x64.bin),2026-06-22,[{octicon}`shield-check;1em;sd-text-success`](https://www.virustotal.com/gui/file/694c82927d199e6995afe2627e420c472a842f030a29ec4f40d06e73a9d95b94)
[`8.0.1` {octicon}`link-external`](https://github.com/kdeldycke/click-extra/releases/tag/v8.0.1),[{octicon}`download` `macos-arm64`](https://github.com/kdeldycke/click-extra/releases/download/v8.0.1/click-extra-8.0.1-macos-arm64.bin),2026-06-22,[{octicon}`shield-check;1em;sd-text-success`](https://www.virustotal.com/gui/file/61c63cea2175a1d9f59d623e433397ffa801d78bf02ef50dc27acf93ffd018c0)
[`8.0.1` {octicon}`link-external`](https://github.com/kdeldycke/click-extra/releases/tag/v8.0.1),[{octicon}`download` `macos-x64`](https://github.com/kdeldycke/click-extra/releases/download/v8.0.1/click-extra-8.0.1-macos-x64.bin),2026-06-22,[{octicon}`shield-check;1em;sd-text-success`](https://www.virustotal.com/gui/file/3b7624f615911d01b9cc062766df6b5ea1d9bd7cb747d998b5875bd0a48dbe9c)
[`8.0.1` {octicon}`link-external`](https://github.com/kdeldycke/click-extra/releases/tag/v8.0.1),[{octicon}`download` `windows-arm64`](https://github.com/kdeldycke/click-extra/releases/download/v8.0.1/click-extra-8.0.1-windows-arm64.exe),2026-06-22,[{octicon}`shield;1em;sd-text-warning` 3.4%](https://www.virustotal.com/gui/file/55843575d2f522adeac81b527ee06fed2875e0cdfc56fbe2508496290bbe83ee)
[`8.0.1` {octicon}`link-external`](https://github.com/kdeldycke/click-extra/releases/tag/v8.0.1),[{octicon}`download` `windows-x64`](https://github.com/kdeldycke/click-extra/releases/download/v8.0.1/click-extra-8.0.1-windows-x64.exe),2026-06-22,[{octicon}`shield;1em;sd-text-danger` 20.6%](https://www.virustotal.com/gui/file/8767cc9170a8dc62c3fad196a7332e1e25c13aa29b0ef621e1927aee8ccbf53f)
[`7.20.1` {octicon}`link-external`](https://github.com/kdeldycke/click-extra/releases/tag/v7.20.1),[{octicon}`download` `linux-arm64`](https://github.com/kdeldycke/click-extra/releases/download/v7.20.1/click-extra-7.20.1-linux-arm64.bin),2026-06-18,[{octicon}`shield-check;1em;sd-text-success`](https://www.virustotal.com/gui/file/4c161e7682420df0b4e85aa528dd8b77355ae1f56ccf7d9d90a429ebf2d43d1e)
[`7.20.1` {octicon}`link-external`](https://github.com/kdeldycke/click-extra/releases/tag/v7.20.1),[{octicon}`download` `linux-x64`](https://github.com/kdeldycke/click-extra/releases/download/v7.20.1/click-extra-7.20.1-linux-x64.bin),2026-06-18,[{octicon}`shield-check;1em;sd-text-success`](https://www.virustotal.com/gui/file/caf18fd3c8f440c39358f2d566a217cba7859404b877ef0d81544f48c306ffcb)
[`7.20.1` {octicon}`link-external`](https://github.com/kdeldycke/click-extra/releases/tag/v7.20.1),[{octicon}`download` `macos-arm64`](https://github.com/kdeldycke/click-extra/releases/download/v7.20.1/click-extra-7.20.1-macos-arm64.bin),2026-06-18,[{octicon}`shield;1em;sd-text-warning` 1.7%](https://www.virustotal.com/gui/file/98d845807587244bc1755519612890e3320ce8aa611b5af76e15f108e36ca430)
[`7.20.1` {octicon}`link-external`](https://github.com/kdeldycke/click-extra/releases/tag/v7.20.1),[{octicon}`download` `macos-x64`](https://github.com/kdeldycke/click-extra/releases/download/v7.20.1/click-extra-7.20.1-macos-x64.bin),2026-06-18,[{octicon}`shield;1em;sd-text-warning` 1.7%](https://www.virustotal.com/gui/file/58c53c5b24696d9981641cc0a8270db50299c303ad983cf3a86a57e252e5596f)
[`7.20.1` {octicon}`link-external`](https://github.com/kdeldycke/click-extra/releases/tag/v7.20.1),[{octicon}`download` `windows-arm64`](https://github.com/kdeldycke/click-extra/releases/download/v7.20.1/click-extra-7.20.1-windows-arm64.exe),2026-06-18,[{octicon}`shield;1em;sd-text-warning` 3.0%](https://www.virustotal.com/gui/file/0fe6baac2dbac7683e74384ba9c9606968893fd06924dd64fd0342892378dd14)
[`7.20.1` {octicon}`link-external`](https://github.com/kdeldycke/click-extra/releases/tag/v7.20.1),[{octicon}`download` `windows-x64`](https://github.com/kdeldycke/click-extra/releases/download/v7.20.1/click-extra-7.20.1-windows-x64.exe),2026-06-18,[{octicon}`shield;1em;sd-text-danger` 30.4%](https://www.virustotal.com/gui/file/100e60b457515d71a52415da569e327dbee4464eaa211aa5b27014a8e8a4b645)
[`7.20.0` {octicon}`link-external`](https://github.com/kdeldycke/click-extra/releases/tag/v7.20.0),[{octicon}`download` `linux-arm64`](https://github.com/kdeldycke/click-extra/releases/download/v7.20.0/click-extra-7.20.0-linux-arm64.bin),2026-06-17,[{octicon}`shield-check;1em;sd-text-success`](https://www.virustotal.com/gui/file/12ebe07b9958b0ecc7660160e2ea3050d63f17ccdf7c516fff8b82e9435f3969)
[`7.20.0` {octicon}`link-external`](https://github.com/kdeldycke/click-extra/releases/tag/v7.20.0),[{octicon}`download` `linux-x64`](https://github.com/kdeldycke/click-extra/releases/download/v7.20.0/click-extra-7.20.0-linux-x64.bin),2026-06-17,[{octicon}`shield-check;1em;sd-text-success`](https://www.virustotal.com/gui/file/8c6e9cf3934a2bada496b33cced55922e0ad53d8cf8753198590995f4f0928f9)
[`7.20.0` {octicon}`link-external`](https://github.com/kdeldycke/click-extra/releases/tag/v7.20.0),[{octicon}`download` `macos-arm64`](https://github.com/kdeldycke/click-extra/releases/download/v7.20.0/click-extra-7.20.0-macos-arm64.bin),2026-06-17,[{octicon}`shield;1em;sd-text-warning` 1.7%](https://www.virustotal.com/gui/file/c05aed806deb27513f62004299cade29ec0b1412d941404c6a20949866511d2d)
[`7.20.0` {octicon}`link-external`](https://github.com/kdeldycke/click-extra/releases/tag/v7.20.0),[{octicon}`download` `macos-x64`](https://github.com/kdeldycke/click-extra/releases/download/v7.20.0/click-extra-7.20.0-macos-x64.bin),2026-06-17,[{octicon}`shield;1em;sd-text-warning` 1.7%](https://www.virustotal.com/gui/file/305e970a6675663ab4cc57f2f9dafbc2f6bda2a422e4b565ed25f62a097b6e93)
[`7.20.0` {octicon}`link-external`](https://github.com/kdeldycke/click-extra/releases/tag/v7.20.0),[{octicon}`download` `windows-arm64`](https://github.com/kdeldycke/click-extra/releases/download/v7.20.0/click-extra-7.20.0-windows-arm64.exe),2026-06-17,[{octicon}`shield;1em;sd-text-warning` 3.0%](https://www.virustotal.com/gui/file/8b084dbcac22ff0185dc7cdd09a372b05589651ae7146516dcc9a1d28ebf54ad)
[`7.20.0` {octicon}`link-external`](https://github.com/kdeldycke/click-extra/releases/tag/v7.20.0),[{octicon}`download` `windows-x64`](https://github.com/kdeldycke/click-extra/releases/download/v7.20.0/click-extra-7.20.0-windows-x64.exe),2026-06-17,[{octicon}`shield;1em;sd-text-danger` 26.1%](https://www.virustotal.com/gui/file/59692334a3540c3b35942a5b43a2e90c062958a53b7d5b804fe451e0c92cf1a1)
[`7.19.0` {octicon}`link-external`](https://github.com/kdeldycke/click-extra/releases/tag/v7.19.0),[{octicon}`download` `linux-arm64`](https://github.com/kdeldycke/click-extra/releases/download/v7.19.0/click-extra-7.19.0-linux-arm64.bin),2026-06-12,[{octicon}`shield-check;1em;sd-text-success`](https://www.virustotal.com/gui/file/28937f184966f49f53eae107f83c02678c46544f32d57718490ef38c309583c8)
[`7.19.0` {octicon}`link-external`](https://github.com/kdeldycke/click-extra/releases/tag/v7.19.0),[{octicon}`download` `linux-x64`](https://github.com/kdeldycke/click-extra/releases/download/v7.19.0/click-extra-7.19.0-linux-x64.bin),2026-06-12,[{octicon}`shield-check;1em;sd-text-success`](https://www.virustotal.com/gui/file/a9c30c4c51ebc8c2e32c09679b8234b4241fbedae422b979b0e18b33aebe70eb)
[`7.19.0` {octicon}`link-external`](https://github.com/kdeldycke/click-extra/releases/tag/v7.19.0),[{octicon}`download` `macos-arm64`](https://github.com/kdeldycke/click-extra/releases/download/v7.19.0/click-extra-7.19.0-macos-arm64.bin),2026-06-12,[{octicon}`shield-check;1em;sd-text-success`](https://www.virustotal.com/gui/file/a1fa16abe68c6cd62ab0dd2a4b4f6abbd29f135ed8a72270a31c6b28f6acd725)
[`7.19.0` {octicon}`link-external`](https://github.com/kdeldycke/click-extra/releases/tag/v7.19.0),[{octicon}`download` `macos-x64`](https://github.com/kdeldycke/click-extra/releases/download/v7.19.0/click-extra-7.19.0-macos-x64.bin),2026-06-12,[{octicon}`shield-check;1em;sd-text-success`](https://www.virustotal.com/gui/file/b5f66d446418183a66a3db3c8af26a4909564a79279fb4bd73453e5a73cfd9d8)
[`7.19.0` {octicon}`link-external`](https://github.com/kdeldycke/click-extra/releases/tag/v7.19.0),[{octicon}`download` `windows-arm64`](https://github.com/kdeldycke/click-extra/releases/download/v7.19.0/click-extra-7.19.0-windows-arm64.exe),2026-06-12,[{octicon}`shield;1em;sd-text-warning` 4.4%](https://www.virustotal.com/gui/file/6700402e82ee08081961d4092d4c52af10feb8a5edb797d29cf9cd4d684d2f3a)
[`7.19.0` {octicon}`link-external`](https://github.com/kdeldycke/click-extra/releases/tag/v7.19.0),[{octicon}`download` `windows-x64`](https://github.com/kdeldycke/click-extra/releases/download/v7.19.0/click-extra-7.19.0-windows-x64.exe),2026-06-12,[{octicon}`shield;1em;sd-text-danger` 32.4%](https://www.virustotal.com/gui/file/5772ffcdf5981ac33fae00ec74c127d329db5054cad1b08adee9df7cd9c5c55b)
[`7.18.0` {octicon}`link-external`](https://github.com/kdeldycke/click-extra/releases/tag/v7.18.0),[{octicon}`download` `linux-arm64`](https://github.com/kdeldycke/click-extra/releases/download/v7.18.0/click-extra-7.18.0-linux-arm64.bin),2026-05-29,[{octicon}`shield-check;1em;sd-text-success`](https://www.virustotal.com/gui/file/3878d4659c2e2f46d18c5b5755f881829e777e1afc02179559830392ab571ddc)
[`7.18.0` {octicon}`link-external`](https://github.com/kdeldycke/click-extra/releases/tag/v7.18.0),[{octicon}`download` `linux-x64`](https://github.com/kdeldycke/click-extra/releases/download/v7.18.0/click-extra-7.18.0-linux-x64.bin),2026-05-29,[{octicon}`shield-check;1em;sd-text-success`](https://www.virustotal.com/gui/file/07b4199a1b90b8671f957f0a0cc422e21c98cd09186a87e0b2454c413b11cf24)
[`7.18.0` {octicon}`link-external`](https://github.com/kdeldycke/click-extra/releases/tag/v7.18.0),[{octicon}`download` `macos-arm64`](https://github.com/kdeldycke/click-extra/releases/download/v7.18.0/click-extra-7.18.0-macos-arm64.bin),2026-05-29,[{octicon}`shield;1em;sd-text-warning` 3.3%](https://www.virustotal.com/gui/file/ff80aada936ba3882422e80de817d82c5842c4c2d7340af4934d62cfe0102b88)
[`7.18.0` {octicon}`link-external`](https://github.com/kdeldycke/click-extra/releases/tag/v7.18.0),[{octicon}`download` `macos-x64`](https://github.com/kdeldycke/click-extra/releases/download/v7.18.0/click-extra-7.18.0-macos-x64.bin),2026-05-29,[{octicon}`shield-check;1em;sd-text-success`](https://www.virustotal.com/gui/file/5e9b3f943434912cd6f15e8cbc687828f2bdb07c60f2f09b14d11c408b1ab4f6)
[`7.18.0` {octicon}`link-external`](https://github.com/kdeldycke/click-extra/releases/tag/v7.18.0),[{octicon}`download` `windows-arm64`](https://github.com/kdeldycke/click-extra/releases/download/v7.18.0/click-extra-7.18.0-windows-arm64.exe),2026-05-29,[{octicon}`shield;1em;sd-text-warning` 2.9%](https://www.virustotal.com/gui/file/a7e04d0363cc03b33ba6bfa9625a567973a81ab2eb84192ba31191ca74342952)
[`7.18.0` {octicon}`link-external`](https://github.com/kdeldycke/click-extra/releases/tag/v7.18.0),[{octicon}`download` `windows-x64`](https://github.com/kdeldycke/click-extra/releases/download/v7.18.0/click-extra-7.18.0-windows-x64.exe),2026-05-29,[{octicon}`shield;1em;sd-text-danger` 11.3%](https://www.virustotal.com/gui/file/31560e08bb160b261a3f5ae0f7ba72a6774251cd4af9cec9276e22c9aeebb187)
[`7.17.2` {octicon}`link-external`](https://github.com/kdeldycke/click-extra/releases/tag/v7.17.2),[{octicon}`download` `linux-arm64`](https://github.com/kdeldycke/click-extra/releases/download/v7.17.2/click-extra-7.17.2-linux-arm64.bin),2026-05-26,[{octicon}`shield-check;1em;sd-text-success`](https://www.virustotal.com/gui/file/c1149e9777a5f3813f1ce41b9580879747f45d94842ba0e6980bb8bd46cc897b)
[`7.17.2` {octicon}`link-external`](https://github.com/kdeldycke/click-extra/releases/tag/v7.17.2),[{octicon}`download` `linux-x64`](https://github.com/kdeldycke/click-extra/releases/download/v7.17.2/click-extra-7.17.2-linux-x64.bin),2026-05-26,[{octicon}`shield;1em;sd-text-warning` 1.6%](https://www.virustotal.com/gui/file/dc7e48ed4a380594400fa845c52d7cd9d15b14ea4f3ad0daafa98a1f105913b6)
[`7.17.2` {octicon}`link-external`](https://github.com/kdeldycke/click-extra/releases/tag/v7.17.2),[{octicon}`download` `macos-arm64`](https://github.com/kdeldycke/click-extra/releases/download/v7.17.2/click-extra-7.17.2-macos-arm64.bin),2026-05-26,[{octicon}`shield-check;1em;sd-text-success`](https://www.virustotal.com/gui/file/3e5e338ec5446a56535c68b1d7a7eab742b3dd6f5789eff56d2396b0566859fc)
[`7.17.2` {octicon}`link-external`](https://github.com/kdeldycke/click-extra/releases/tag/v7.17.2),[{octicon}`download` `macos-x64`](https://github.com/kdeldycke/click-extra/releases/download/v7.17.2/click-extra-7.17.2-macos-x64.bin),2026-05-26,[{octicon}`shield-check;1em;sd-text-success`](https://www.virustotal.com/gui/file/88140011c52feaeca55f9a380e469913839cc34883175b6643ccce0b4b46fe27)
[`7.17.2` {octicon}`link-external`](https://github.com/kdeldycke/click-extra/releases/tag/v7.17.2),[{octicon}`download` `windows-arm64`](https://github.com/kdeldycke/click-extra/releases/download/v7.17.2/click-extra-7.17.2-windows-arm64.exe),2026-05-26,[{octicon}`shield;1em;sd-text-warning` 1.5%](https://www.virustotal.com/gui/file/86e4eea57525d2716ef86fb1e506ac720545b87865f0bf83c5746b3a058510cd)
[`7.17.2` {octicon}`link-external`](https://github.com/kdeldycke/click-extra/releases/tag/v7.17.2),[{octicon}`download` `windows-x64`](https://github.com/kdeldycke/click-extra/releases/download/v7.17.2/click-extra-7.17.2-windows-x64.exe),2026-05-26,[{octicon}`shield;1em;sd-text-warning` 7.1%](https://www.virustotal.com/gui/file/6db4d52c046b046b7290449a5f3677f78657276ac1452571ee24a669c341f086)
[`7.17.1` {octicon}`link-external`](https://github.com/kdeldycke/click-extra/releases/tag/v7.17.1),[{octicon}`download` `linux-arm64`](https://github.com/kdeldycke/click-extra/releases/download/v7.17.1/click-extra-7.17.1-linux-arm64.bin),2026-05-25,[{octicon}`shield-check;1em;sd-text-success`](https://www.virustotal.com/gui/file/540d1984af724907e32ba2ff4e8c7758b035e4f9d6f8e043787c06507473c0f0)
[`7.17.1` {octicon}`link-external`](https://github.com/kdeldycke/click-extra/releases/tag/v7.17.1),[{octicon}`download` `linux-x64`](https://github.com/kdeldycke/click-extra/releases/download/v7.17.1/click-extra-7.17.1-linux-x64.bin),2026-05-25,[{octicon}`shield;1em;sd-text-warning` 1.8%](https://www.virustotal.com/gui/file/9b69224964ea42b2987b2648a3aa0e5ac63fbbe93c0e6fe4f64e0218b4cba2e9)
[`7.17.1` {octicon}`link-external`](https://github.com/kdeldycke/click-extra/releases/tag/v7.17.1),[{octicon}`download` `macos-arm64`](https://github.com/kdeldycke/click-extra/releases/download/v7.17.1/click-extra-7.17.1-macos-arm64.bin),2026-05-25,[{octicon}`shield-check;1em;sd-text-success`](https://www.virustotal.com/gui/file/9a3a8fc60ef512070dd87b30fa2d048bb42fd49422b0de86eff17f7e9765d8d3)
[`7.17.1` {octicon}`link-external`](https://github.com/kdeldycke/click-extra/releases/tag/v7.17.1),[{octicon}`download` `macos-x64`](https://github.com/kdeldycke/click-extra/releases/download/v7.17.1/click-extra-7.17.1-macos-x64.bin),2026-05-25,[{octicon}`shield-check;1em;sd-text-success`](https://www.virustotal.com/gui/file/cf08946ae14bbce9ad8a3bec027753c65579f71546bc9edc368011d2127297ec)
[`7.17.1` {octicon}`link-external`](https://github.com/kdeldycke/click-extra/releases/tag/v7.17.1),[{octicon}`download` `windows-arm64`](https://github.com/kdeldycke/click-extra/releases/download/v7.17.1/click-extra-7.17.1-windows-arm64.exe),2026-05-25,[{octicon}`shield;1em;sd-text-warning` 1.4%](https://www.virustotal.com/gui/file/1fd50a9649b60b8f604f6d0b767947dda7396b6b1f32cade502949288094745e)
[`7.17.1` {octicon}`link-external`](https://github.com/kdeldycke/click-extra/releases/tag/v7.17.1),[{octicon}`download` `windows-x64`](https://github.com/kdeldycke/click-extra/releases/download/v7.17.1/click-extra-7.17.1-windows-x64.exe),2026-05-25,[{octicon}`shield;1em;sd-text-warning` 7.4%](https://www.virustotal.com/gui/file/d82a26c4f3a6b3c092dcb97aa1ce7fcb713dc9a0cf6e8897d62159015d10eed1)
[`7.17.0` {octicon}`link-external`](https://github.com/kdeldycke/click-extra/releases/tag/v7.17.0),[{octicon}`download` `linux-arm64`](https://github.com/kdeldycke/click-extra/releases/download/v7.17.0/click-extra-7.17.0-linux-arm64.bin),2026-05-25,[{octicon}`shield-check;1em;sd-text-success`](https://www.virustotal.com/gui/file/3506d1d6a4d77ec20029ab976f72cb5d72dc0c40142f8282a7740b3899556756)
[`7.17.0` {octicon}`link-external`](https://github.com/kdeldycke/click-extra/releases/tag/v7.17.0),[{octicon}`download` `linux-x64`](https://github.com/kdeldycke/click-extra/releases/download/v7.17.0/click-extra-7.17.0-linux-x64.bin),2026-05-25,[{octicon}`shield-check;1em;sd-text-success`](https://www.virustotal.com/gui/file/aea51dfea4e0f3202960ade115929013723771fdeaa1b5bab9234ffb256fb5f9)
[`7.17.0` {octicon}`link-external`](https://github.com/kdeldycke/click-extra/releases/tag/v7.17.0),[{octicon}`download` `macos-arm64`](https://github.com/kdeldycke/click-extra/releases/download/v7.17.0/click-extra-7.17.0-macos-arm64.bin),2026-05-25,[{octicon}`shield;1em;sd-text-warning` 1.7%](https://www.virustotal.com/gui/file/6868a86118f1aea4dd0a030ec3b970e8ef4127fc8e438826691829149ef61c00)
[`7.17.0` {octicon}`link-external`](https://github.com/kdeldycke/click-extra/releases/tag/v7.17.0),[{octicon}`download` `macos-x64`](https://github.com/kdeldycke/click-extra/releases/download/v7.17.0/click-extra-7.17.0-macos-x64.bin),2026-05-25,
[`7.17.0` {octicon}`link-external`](https://github.com/kdeldycke/click-extra/releases/tag/v7.17.0),[{octicon}`download` `windows-arm64`](https://github.com/kdeldycke/click-extra/releases/download/v7.17.0/click-extra-7.17.0-windows-arm64.exe),2026-05-25,[{octicon}`shield;1em;sd-text-warning` 1.5%](https://www.virustotal.com/gui/file/592d386eb4e5d3c47de85890714026d83c4a96559270f61def4d90f31c5ce50b)
[`7.17.0` {octicon}`link-external`](https://github.com/kdeldycke/click-extra/releases/tag/v7.17.0),[{octicon}`download` `windows-x64`](https://github.com/kdeldycke/click-extra/releases/download/v7.17.0/click-extra-7.17.0-windows-x64.exe),2026-05-25,[{octicon}`shield;1em;sd-text-warning` 7.0%](https://www.virustotal.com/gui/file/1044d7c096e6c893dfca612418fc9b7083cd69771a7863bd9896c7da9e4b3c02)
[`7.16.1` {octicon}`link-external`](https://github.com/kdeldycke/click-extra/releases/tag/v7.16.1),[{octicon}`download` `linux-arm64`](https://github.com/kdeldycke/click-extra/releases/download/v7.16.1/click-extra-7.16.1-linux-arm64.bin),2026-05-15,[{octicon}`shield;1em;sd-text-warning` 1.6%](https://www.virustotal.com/gui/file/1cf1938838613effafaa2b50448e8941629f7fa8a1d300f1dc89782943c4c23b)
[`7.16.1` {octicon}`link-external`](https://github.com/kdeldycke/click-extra/releases/tag/v7.16.1),[{octicon}`download` `linux-x64`](https://github.com/kdeldycke/click-extra/releases/download/v7.16.1/click-extra-7.16.1-linux-x64.bin),2026-05-15,[{octicon}`shield;1em;sd-text-warning` 1.6%](https://www.virustotal.com/gui/file/dcfdea45fd01656d8c70d347f78a7383d7bfd7375a25218a23e173d026e0b5f7)
[`7.16.1` {octicon}`link-external`](https://github.com/kdeldycke/click-extra/releases/tag/v7.16.1),[{octicon}`download` `macos-arm64`](https://github.com/kdeldycke/click-extra/releases/download/v7.16.1/click-extra-7.16.1-macos-arm64.bin),2026-05-15,[{octicon}`shield;1em;sd-text-warning` 1.6%](https://www.virustotal.com/gui/file/7e93fb71c70cea5eec6828ecb54c39086966d19dcad218e953abf8951e48d488)
[`7.16.1` {octicon}`link-external`](https://github.com/kdeldycke/click-extra/releases/tag/v7.16.1),[{octicon}`download` `macos-x64`](https://github.com/kdeldycke/click-extra/releases/download/v7.16.1/click-extra-7.16.1-macos-x64.bin),2026-05-15,[{octicon}`shield-check;1em;sd-text-success`](https://www.virustotal.com/gui/file/3a600cdb1aaa6ebb430f7649f762d1d6e002dadd8b23a3d36bd5030d56755a89)
[`7.16.1` {octicon}`link-external`](https://github.com/kdeldycke/click-extra/releases/tag/v7.16.1),[{octicon}`download` `windows-arm64`](https://github.com/kdeldycke/click-extra/releases/download/v7.16.1/click-extra-7.16.1-windows-arm64.exe),2026-05-15,[{octicon}`shield;1em;sd-text-warning` 1.4%](https://www.virustotal.com/gui/file/a9456884c4f57995e2dadf24d33c19c4235ff6f150ac5b13f5eef5713c38c32f)
[`7.16.1` {octicon}`link-external`](https://github.com/kdeldycke/click-extra/releases/tag/v7.16.1),[{octicon}`download` `windows-x64`](https://github.com/kdeldycke/click-extra/releases/download/v7.16.1/click-extra-7.16.1-windows-x64.exe),2026-05-15,[{octicon}`shield;1em;sd-text-danger` 32.4%](https://www.virustotal.com/gui/file/9b77f2d57089a6dccce4eac1eefa98f72d7b699df52552376089375f9b5dc939)
[`7.16.0` {octicon}`link-external`](https://github.com/kdeldycke/click-extra/releases/tag/v7.16.0),[{octicon}`download` `linux-arm64`](https://github.com/kdeldycke/click-extra/releases/download/v7.16.0/click-extra-7.16.0-linux-arm64.bin),2026-05-14,[{octicon}`shield;1em;sd-text-warning` 1.6%](https://www.virustotal.com/gui/file/3ea2dd64118f04777381014e050c646b54a3fb4a93734cb6cca71b0cc3f604ee)
[`7.16.0` {octicon}`link-external`](https://github.com/kdeldycke/click-extra/releases/tag/v7.16.0),[{octicon}`download` `linux-x64`](https://github.com/kdeldycke/click-extra/releases/download/v7.16.0/click-extra-7.16.0-linux-x64.bin),2026-05-14,[{octicon}`shield;1em;sd-text-warning` 1.7%](https://www.virustotal.com/gui/file/ecad69aa2fa07a0e2aa836ab4118b935d9e78c47f8e06e2e387e68c92c812743)
[`7.16.0` {octicon}`link-external`](https://github.com/kdeldycke/click-extra/releases/tag/v7.16.0),[{octicon}`download` `macos-arm64`](https://github.com/kdeldycke/click-extra/releases/download/v7.16.0/click-extra-7.16.0-macos-arm64.bin),2026-05-14,[{octicon}`shield;1em;sd-text-warning` 8.2%](https://www.virustotal.com/gui/file/67f2d7fdd03df08bd40d450ed6d2bd8b17586c2a9f5d6f2bda9192c0df40628b)
[`7.16.0` {octicon}`link-external`](https://github.com/kdeldycke/click-extra/releases/tag/v7.16.0),[{octicon}`download` `macos-x64`](https://github.com/kdeldycke/click-extra/releases/download/v7.16.0/click-extra-7.16.0-macos-x64.bin),2026-05-14,[{octicon}`shield;1em;sd-text-warning` 1.6%](https://www.virustotal.com/gui/file/1f9dd5a54b1ce3b880e88e43a52211fe88bcd2e5864de5a2cc7e068d0a4b22fc)
[`7.16.0` {octicon}`link-external`](https://github.com/kdeldycke/click-extra/releases/tag/v7.16.0),[{octicon}`download` `windows-arm64`](https://github.com/kdeldycke/click-extra/releases/download/v7.16.0/click-extra-7.16.0-windows-arm64.exe),2026-05-14,[{octicon}`shield-check;1em;sd-text-success`](https://www.virustotal.com/gui/file/bf2d1b03432c4d29c170f8bfdbda0a7fb41376e316b49525a0ac161f55782b76)
[`7.16.0` {octicon}`link-external`](https://github.com/kdeldycke/click-extra/releases/tag/v7.16.0),[{octicon}`download` `windows-x64`](https://github.com/kdeldycke/click-extra/releases/download/v7.16.0/click-extra-7.16.0-windows-x64.exe),2026-05-14,[{octicon}`shield;1em;sd-text-danger` 34.3%](https://www.virustotal.com/gui/file/fcd87667eada9b49e0a64d078e6f3c5e587c97fb166a776663346990e843e96c)
[`7.15.0` {octicon}`link-external`](https://github.com/kdeldycke/click-extra/releases/tag/v7.15.0),[{octicon}`download` `linux-arm64`](https://github.com/kdeldycke/click-extra/releases/download/v7.15.0/click-extra-7.15.0-linux-arm64.bin),2026-05-03,[{octicon}`shield-check;1em;sd-text-success`](https://www.virustotal.com/gui/file/7ccf4eadbf7454559e5bec0efd87bf5dd770d33573fae5c1b7d03408c0101d5a)
[`7.15.0` {octicon}`link-external`](https://github.com/kdeldycke/click-extra/releases/tag/v7.15.0),[{octicon}`download` `linux-x64`](https://github.com/kdeldycke/click-extra/releases/download/v7.15.0/click-extra-7.15.0-linux-x64.bin),2026-05-03,[{octicon}`shield;1em;sd-text-warning` 1.6%](https://www.virustotal.com/gui/file/3e89a03373686e9493a1a6cb6bbcf9b7186f3a4af42348fd5b85d6dac3905666)
[`7.15.0` {octicon}`link-external`](https://github.com/kdeldycke/click-extra/releases/tag/v7.15.0),[{octicon}`download` `macos-arm64`](https://github.com/kdeldycke/click-extra/releases/download/v7.15.0/click-extra-7.15.0-macos-arm64.bin),2026-05-03,[{octicon}`shield;1em;sd-text-warning` 6.6%](https://www.virustotal.com/gui/file/37ebc7905827893845a6c3da363cd2b7b3a98fe83e2e3cda794d1f0fae943fe0)
[`7.15.0` {octicon}`link-external`](https://github.com/kdeldycke/click-extra/releases/tag/v7.15.0),[{octicon}`download` `macos-x64`](https://github.com/kdeldycke/click-extra/releases/download/v7.15.0/click-extra-7.15.0-macos-x64.bin),2026-05-03,[{octicon}`shield;1em;sd-text-warning` 1.6%](https://www.virustotal.com/gui/file/0915d1e20bd53c45b0ecbac5ea032a31f8a985cc145651656cde33f116ced20d)
[`7.15.0` {octicon}`link-external`](https://github.com/kdeldycke/click-extra/releases/tag/v7.15.0),[{octicon}`download` `windows-arm64`](https://github.com/kdeldycke/click-extra/releases/download/v7.15.0/click-extra-7.15.0-windows-arm64.exe),2026-05-03,[{octicon}`shield;1em;sd-text-warning` 1.5%](https://www.virustotal.com/gui/file/4728bc14b288198a618f627778df986350bac4b7d215208af298c66f141e9950)
[`7.15.0` {octicon}`link-external`](https://github.com/kdeldycke/click-extra/releases/tag/v7.15.0),[{octicon}`download` `windows-x64`](https://github.com/kdeldycke/click-extra/releases/download/v7.15.0/click-extra-7.15.0-windows-x64.exe),2026-05-03,[{octicon}`shield;1em;sd-text-danger` 29.0%](https://www.virustotal.com/gui/file/1d99f554a7f198d37f8b034933284abc714ffe7d6b6918279b0e98351b3acfdb)
[`7.14.1` {octicon}`link-external`](https://github.com/kdeldycke/click-extra/releases/tag/v7.14.1),[{octicon}`download` `linux-arm64`](https://github.com/kdeldycke/click-extra/releases/download/v7.14.1/click-extra-7.14.1-linux-arm64.bin),2026-04-26,[{octicon}`shield-check;1em;sd-text-success`](https://www.virustotal.com/gui/file/97e7281e8ce89dfab9b4fe6fcda38b29864930e26a2c918189e5be0969cdc2b2)
[`7.14.1` {octicon}`link-external`](https://github.com/kdeldycke/click-extra/releases/tag/v7.14.1),[{octicon}`download` `linux-x64`](https://github.com/kdeldycke/click-extra/releases/download/v7.14.1/click-extra-7.14.1-linux-x64.bin),2026-04-26,[{octicon}`shield-check;1em;sd-text-success`](https://www.virustotal.com/gui/file/cf0ed2d269fbc132443fc7dd9e75343c4eb22988c7153b0568a0583a499aa7e0)
[`7.14.1` {octicon}`link-external`](https://github.com/kdeldycke/click-extra/releases/tag/v7.14.1),[{octicon}`download` `macos-arm64`](https://github.com/kdeldycke/click-extra/releases/download/v7.14.1/click-extra-7.14.1-macos-arm64.bin),2026-04-26,[{octicon}`shield;1em;sd-text-warning` 6.5%](https://www.virustotal.com/gui/file/4d9b6178253e69289c8ee230176cc1ff1533c10b98ddf5a7f86693b88d49d42c)
[`7.14.1` {octicon}`link-external`](https://github.com/kdeldycke/click-extra/releases/tag/v7.14.1),[{octicon}`download` `macos-x64`](https://github.com/kdeldycke/click-extra/releases/download/v7.14.1/click-extra-7.14.1-macos-x64.bin),2026-04-26,[{octicon}`shield;1em;sd-text-warning` 3.2%](https://www.virustotal.com/gui/file/0ba041f98e7258fc59acdef912dba40fd89175fbd36ad5eaf0f48f480a29196c)
[`7.14.1` {octicon}`link-external`](https://github.com/kdeldycke/click-extra/releases/tag/v7.14.1),[{octicon}`download` `windows-arm64`](https://github.com/kdeldycke/click-extra/releases/download/v7.14.1/click-extra-7.14.1-windows-arm64.exe),2026-04-26,[{octicon}`shield;1em;sd-text-warning` 1.4%](https://www.virustotal.com/gui/file/4a47561c696cf90c1ae6ff6c5aad590f2f75cf7d97921812acdb71424645b952)
[`7.14.1` {octicon}`link-external`](https://github.com/kdeldycke/click-extra/releases/tag/v7.14.1),[{octicon}`download` `windows-x64`](https://github.com/kdeldycke/click-extra/releases/download/v7.14.1/click-extra-7.14.1-windows-x64.exe),2026-04-26,[{octicon}`shield;1em;sd-text-danger` 31.0%](https://www.virustotal.com/gui/file/c85a22cdd6ff2170cedede66c91c94ec8cf536489a168c494e7410138978909c)
[`7.14.0` {octicon}`link-external`](https://github.com/kdeldycke/click-extra/releases/tag/v7.14.0),[{octicon}`download` `linux-arm64`](https://github.com/kdeldycke/click-extra/releases/download/v7.14.0/click-extra-7.14.0-linux-arm64.bin),2026-04-24,[{octicon}`shield-check;1em;sd-text-success`](https://www.virustotal.com/gui/file/87404c27be4d1856d39ee9b240549fe5401c668a52e9f770bdbb33b93e146a24)
[`7.14.0` {octicon}`link-external`](https://github.com/kdeldycke/click-extra/releases/tag/v7.14.0),[{octicon}`download` `linux-x64`](https://github.com/kdeldycke/click-extra/releases/download/v7.14.0/click-extra-7.14.0-linux-x64.bin),2026-04-24,[{octicon}`shield-check;1em;sd-text-success`](https://www.virustotal.com/gui/file/aec1d1c93202c32e420afc402a86fc8b8b3a02e75e2ce4ec28f5d1404c81012a)
[`7.14.0` {octicon}`link-external`](https://github.com/kdeldycke/click-extra/releases/tag/v7.14.0),[{octicon}`download` `macos-arm64`](https://github.com/kdeldycke/click-extra/releases/download/v7.14.0/click-extra-7.14.0-macos-arm64.bin),2026-04-24,[{octicon}`shield;1em;sd-text-warning` 6.5%](https://www.virustotal.com/gui/file/f1c1d4b253410b175e021a310cf952130adec8ff58ef3a300de0366068844326)
[`7.14.0` {octicon}`link-external`](https://github.com/kdeldycke/click-extra/releases/tag/v7.14.0),[{octicon}`download` `macos-x64`](https://github.com/kdeldycke/click-extra/releases/download/v7.14.0/click-extra-7.14.0-macos-x64.bin),2026-04-24,[{octicon}`shield;1em;sd-text-warning` 3.2%](https://www.virustotal.com/gui/file/8da47a49bb6f3c651d704cac94ab45f2d3a7e7925611123a33f9fcfd2f85e7f2)
[`7.14.0` {octicon}`link-external`](https://github.com/kdeldycke/click-extra/releases/tag/v7.14.0),[{octicon}`download` `windows-arm64`](https://github.com/kdeldycke/click-extra/releases/download/v7.14.0/click-extra-7.14.0-windows-arm64.exe),2026-04-24,[{octicon}`shield;1em;sd-text-warning` 1.4%](https://www.virustotal.com/gui/file/505e07583e2911d9df7b6d557c942bce18634183e1456579344fdf5295cbbf33)
[`7.14.0` {octicon}`link-external`](https://github.com/kdeldycke/click-extra/releases/tag/v7.14.0),[{octicon}`download` `windows-x64`](https://github.com/kdeldycke/click-extra/releases/download/v7.14.0/click-extra-7.14.0-windows-x64.exe),2026-04-24,[{octicon}`shield;1em;sd-text-danger` 32.4%](https://www.virustotal.com/gui/file/dc551286a44493fb3177fb5a6a5e35a923ac8e4e38ee5c70b03298637aa4f57d)
[`7.13.0` {octicon}`link-external`](https://github.com/kdeldycke/click-extra/releases/tag/v7.13.0),[{octicon}`download` `linux-arm64`](https://github.com/kdeldycke/click-extra/releases/download/v7.13.0/click-extra-7.13.0-linux-arm64.bin),2026-04-16,[{octicon}`shield-check;1em;sd-text-success`](https://www.virustotal.com/gui/file/a5937747e0725a14e60df2aee6c8fd78c03b22a9282f1553df0b597ebbee9bcc)
[`7.13.0` {octicon}`link-external`](https://github.com/kdeldycke/click-extra/releases/tag/v7.13.0),[{octicon}`download` `linux-x64`](https://github.com/kdeldycke/click-extra/releases/download/v7.13.0/click-extra-7.13.0-linux-x64.bin),2026-04-16,[{octicon}`shield-check;1em;sd-text-success`](https://www.virustotal.com/gui/file/d545c7a38d35a14a1a6e09835cfcb6500ccf75d6a9ae5e3c620266bbc57264ba)
[`7.13.0` {octicon}`link-external`](https://github.com/kdeldycke/click-extra/releases/tag/v7.13.0),[{octicon}`download` `macos-arm64`](https://github.com/kdeldycke/click-extra/releases/download/v7.13.0/click-extra-7.13.0-macos-arm64.bin),2026-04-16,[{octicon}`shield;1em;sd-text-warning` 4.9%](https://www.virustotal.com/gui/file/94e744d596536502cf0863e000824254868c58cb8776dc3c384a5b00a9d473b1)
[`7.13.0` {octicon}`link-external`](https://github.com/kdeldycke/click-extra/releases/tag/v7.13.0),[{octicon}`download` `macos-x64`](https://github.com/kdeldycke/click-extra/releases/download/v7.13.0/click-extra-7.13.0-macos-x64.bin),2026-04-16,[{octicon}`shield;1em;sd-text-warning` 3.1%](https://www.virustotal.com/gui/file/5d8e43b34eb1145e9eb3e1b22c7156acdec4fbdd6904352fa33cdbc7a1948dee)
[`7.13.0` {octicon}`link-external`](https://github.com/kdeldycke/click-extra/releases/tag/v7.13.0),[{octicon}`download` `windows-arm64`](https://github.com/kdeldycke/click-extra/releases/download/v7.13.0/click-extra-7.13.0-windows-arm64.exe),2026-04-16,[{octicon}`shield;1em;sd-text-warning` 1.4%](https://www.virustotal.com/gui/file/a6975c29d4b2f78ab30799f6e508ffebc3515024231125e2b3270fad9a08b489)
[`7.13.0` {octicon}`link-external`](https://github.com/kdeldycke/click-extra/releases/tag/v7.13.0),[{octicon}`download` `windows-x64`](https://github.com/kdeldycke/click-extra/releases/download/v7.13.0/click-extra-7.13.0-windows-x64.exe),2026-04-16,[{octicon}`shield;1em;sd-text-danger` 29.6%](https://www.virustotal.com/gui/file/aa1a5516415001aefafb96e6d0158e5cbfaa289e430b3e5b57a835a0db0e5be3)
[`7.12.0` {octicon}`link-external`](https://github.com/kdeldycke/click-extra/releases/tag/v7.12.0),[{octicon}`download` `linux-arm64`](https://github.com/kdeldycke/click-extra/releases/download/v7.12.0/click-extra-7.12.0-linux-arm64.bin),2026-04-16,[{octicon}`shield-check;1em;sd-text-success`](https://www.virustotal.com/gui/file/5eec730893924fcdcc63283788e8e26eb491b095f2965a1b9ad81e49018eea6f)
[`7.12.0` {octicon}`link-external`](https://github.com/kdeldycke/click-extra/releases/tag/v7.12.0),[{octicon}`download` `linux-x64`](https://github.com/kdeldycke/click-extra/releases/download/v7.12.0/click-extra-7.12.0-linux-x64.bin),2026-04-16,[{octicon}`shield-check;1em;sd-text-success`](https://www.virustotal.com/gui/file/702567ce9be49ddae732fcc0ecd303e676ec323fafe5fc661952c6e846df885e)
[`7.12.0` {octicon}`link-external`](https://github.com/kdeldycke/click-extra/releases/tag/v7.12.0),[{octicon}`download` `macos-arm64`](https://github.com/kdeldycke/click-extra/releases/download/v7.12.0/click-extra-7.12.0-macos-arm64.bin),2026-04-16,[{octicon}`shield;1em;sd-text-warning` 4.8%](https://www.virustotal.com/gui/file/8ecbb445928caa92569accfca84dc4dbb6f124dc9f589c359495bae396f9dcc5)
[`7.12.0` {octicon}`link-external`](https://github.com/kdeldycke/click-extra/releases/tag/v7.12.0),[{octicon}`download` `macos-x64`](https://github.com/kdeldycke/click-extra/releases/download/v7.12.0/click-extra-7.12.0-macos-x64.bin),2026-04-16,[{octicon}`shield-check;1em;sd-text-success`](https://www.virustotal.com/gui/file/af1f540c409ead131189c819d9aa011d9bf27df33248404693c6546b4ce51b67)
[`7.12.0` {octicon}`link-external`](https://github.com/kdeldycke/click-extra/releases/tag/v7.12.0),[{octicon}`download` `windows-arm64`](https://github.com/kdeldycke/click-extra/releases/download/v7.12.0/click-extra-7.12.0-windows-arm64.exe),2026-04-16,[{octicon}`shield;1em;sd-text-warning` 1.5%](https://www.virustotal.com/gui/file/e212a35e72fbb1bf3c067c8afc49d1dca4b7181509d79d335cc97a65e6902a1c)
[`7.12.0` {octicon}`link-external`](https://github.com/kdeldycke/click-extra/releases/tag/v7.12.0),[{octicon}`download` `windows-x64`](https://github.com/kdeldycke/click-extra/releases/download/v7.12.0/click-extra-7.12.0-windows-x64.exe),2026-04-16,[{octicon}`shield;1em;sd-text-danger` 30.6%](https://www.virustotal.com/gui/file/041f6f116e588e4590e606001f7015379d7087aa6ed8d93017738444f0f0cd5a)
[`7.11.0` {octicon}`link-external`](https://github.com/kdeldycke/click-extra/releases/tag/v7.11.0),[{octicon}`download` `linux-arm64`](https://github.com/kdeldycke/click-extra/releases/download/v7.11.0/click-extra-7.11.0-linux-arm64.bin),2026-04-13,
[`7.11.0` {octicon}`link-external`](https://github.com/kdeldycke/click-extra/releases/tag/v7.11.0),[{octicon}`download` `linux-x64`](https://github.com/kdeldycke/click-extra/releases/download/v7.11.0/click-extra-7.11.0-linux-x64.bin),2026-04-13,
[`7.11.0` {octicon}`link-external`](https://github.com/kdeldycke/click-extra/releases/tag/v7.11.0),[{octicon}`download` `macos-arm64`](https://github.com/kdeldycke/click-extra/releases/download/v7.11.0/click-extra-7.11.0-macos-arm64.bin),2026-04-13,
[`7.11.0` {octicon}`link-external`](https://github.com/kdeldycke/click-extra/releases/tag/v7.11.0),[{octicon}`download` `macos-x64`](https://github.com/kdeldycke/click-extra/releases/download/v7.11.0/click-extra-7.11.0-macos-x64.bin),2026-04-13,
[`7.11.0` {octicon}`link-external`](https://github.com/kdeldycke/click-extra/releases/tag/v7.11.0),[{octicon}`download` `windows-arm64`](https://github.com/kdeldycke/click-extra/releases/download/v7.11.0/click-extra-7.11.0-windows-arm64.exe),2026-04-13,
[`7.11.0` {octicon}`link-external`](https://github.com/kdeldycke/click-extra/releases/tag/v7.11.0),[{octicon}`download` `windows-x64`](https://github.com/kdeldycke/click-extra/releases/download/v7.11.0/click-extra-7.11.0-windows-x64.exe),2026-04-13,
[`7.11.0` {octicon}`link-external`](https://github.com/kdeldycke/click-extra/releases/tag/v7.11.0),[{octicon}`download` `linux-arm64`](https://github.com/kdeldycke/click-extra/releases/download/v7.11.0/click-extra-demo-7.11.0-linux-arm64.bin),2026-04-13,
[`7.11.0` {octicon}`link-external`](https://github.com/kdeldycke/click-extra/releases/tag/v7.11.0),[{octicon}`download` `linux-x64`](https://github.com/kdeldycke/click-extra/releases/download/v7.11.0/click-extra-demo-7.11.0-linux-x64.bin),2026-04-13,
[`7.11.0` {octicon}`link-external`](https://github.com/kdeldycke/click-extra/releases/tag/v7.11.0),[{octicon}`download` `macos-arm64`](https://github.com/kdeldycke/click-extra/releases/download/v7.11.0/click-extra-demo-7.11.0-macos-arm64.bin),2026-04-13,
[`7.11.0` {octicon}`link-external`](https://github.com/kdeldycke/click-extra/releases/tag/v7.11.0),[{octicon}`download` `macos-x64`](https://github.com/kdeldycke/click-extra/releases/download/v7.11.0/click-extra-demo-7.11.0-macos-x64.bin),2026-04-13,
[`7.11.0` {octicon}`link-external`](https://github.com/kdeldycke/click-extra/releases/tag/v7.11.0),[{octicon}`download` `windows-arm64`](https://github.com/kdeldycke/click-extra/releases/download/v7.11.0/click-extra-demo-7.11.0-windows-arm64.exe),2026-04-13,
[`7.11.0` {octicon}`link-external`](https://github.com/kdeldycke/click-extra/releases/tag/v7.11.0),[{octicon}`download` `windows-x64`](https://github.com/kdeldycke/click-extra/releases/download/v7.11.0/click-extra-demo-7.11.0-windows-x64.exe),2026-04-13,
[`7.10.1` {octicon}`link-external`](https://github.com/kdeldycke/click-extra/releases/tag/v7.10.1),[{octicon}`download` `linux-arm64`](https://github.com/kdeldycke/click-extra/releases/download/v7.10.1/click-extra-7.10.1-linux-arm64.bin),2026-04-07,
[`7.10.1` {octicon}`link-external`](https://github.com/kdeldycke/click-extra/releases/tag/v7.10.1),[{octicon}`download` `linux-x64`](https://github.com/kdeldycke/click-extra/releases/download/v7.10.1/click-extra-7.10.1-linux-x64.bin),2026-04-07,
[`7.10.1` {octicon}`link-external`](https://github.com/kdeldycke/click-extra/releases/tag/v7.10.1),[{octicon}`download` `macos-arm64`](https://github.com/kdeldycke/click-extra/releases/download/v7.10.1/click-extra-7.10.1-macos-arm64.bin),2026-04-07,
[`7.10.1` {octicon}`link-external`](https://github.com/kdeldycke/click-extra/releases/tag/v7.10.1),[{octicon}`download` `macos-x64`](https://github.com/kdeldycke/click-extra/releases/download/v7.10.1/click-extra-7.10.1-macos-x64.bin),2026-04-07,
[`7.10.1` {octicon}`link-external`](https://github.com/kdeldycke/click-extra/releases/tag/v7.10.1),[{octicon}`download` `windows-arm64`](https://github.com/kdeldycke/click-extra/releases/download/v7.10.1/click-extra-7.10.1-windows-arm64.exe),2026-04-07,
[`7.10.1` {octicon}`link-external`](https://github.com/kdeldycke/click-extra/releases/tag/v7.10.1),[{octicon}`download` `windows-x64`](https://github.com/kdeldycke/click-extra/releases/download/v7.10.1/click-extra-7.10.1-windows-x64.exe),2026-04-07,
[`7.10.1` {octicon}`link-external`](https://github.com/kdeldycke/click-extra/releases/tag/v7.10.1),[{octicon}`download` `linux-arm64`](https://github.com/kdeldycke/click-extra/releases/download/v7.10.1/click-extra-demo-7.10.1-linux-arm64.bin),2026-04-07,
[`7.10.1` {octicon}`link-external`](https://github.com/kdeldycke/click-extra/releases/tag/v7.10.1),[{octicon}`download` `linux-x64`](https://github.com/kdeldycke/click-extra/releases/download/v7.10.1/click-extra-demo-7.10.1-linux-x64.bin),2026-04-07,
[`7.10.1` {octicon}`link-external`](https://github.com/kdeldycke/click-extra/releases/tag/v7.10.1),[{octicon}`download` `macos-arm64`](https://github.com/kdeldycke/click-extra/releases/download/v7.10.1/click-extra-demo-7.10.1-macos-arm64.bin),2026-04-07,
[`7.10.1` {octicon}`link-external`](https://github.com/kdeldycke/click-extra/releases/tag/v7.10.1),[{octicon}`download` `macos-x64`](https://github.com/kdeldycke/click-extra/releases/download/v7.10.1/click-extra-demo-7.10.1-macos-x64.bin),2026-04-07,
[`7.10.1` {octicon}`link-external`](https://github.com/kdeldycke/click-extra/releases/tag/v7.10.1),[{octicon}`download` `windows-arm64`](https://github.com/kdeldycke/click-extra/releases/download/v7.10.1/click-extra-demo-7.10.1-windows-arm64.exe),2026-04-07,
[`7.10.1` {octicon}`link-external`](https://github.com/kdeldycke/click-extra/releases/tag/v7.10.1),[{octicon}`download` `windows-x64`](https://github.com/kdeldycke/click-extra/releases/download/v7.10.1/click-extra-demo-7.10.1-windows-x64.exe),2026-04-07,
[`7.10.0` {octicon}`link-external`](https://github.com/kdeldycke/click-extra/releases/tag/v7.10.0),[{octicon}`download` `linux-arm64`](https://github.com/kdeldycke/click-extra/releases/download/v7.10.0/click-extra-7.10.0-linux-arm64.bin),2026-04-02,
[`7.10.0` {octicon}`link-external`](https://github.com/kdeldycke/click-extra/releases/tag/v7.10.0),[{octicon}`download` `linux-x64`](https://github.com/kdeldycke/click-extra/releases/download/v7.10.0/click-extra-7.10.0-linux-x64.bin),2026-04-02,
[`7.10.0` {octicon}`link-external`](https://github.com/kdeldycke/click-extra/releases/tag/v7.10.0),[{octicon}`download` `macos-arm64`](https://github.com/kdeldycke/click-extra/releases/download/v7.10.0/click-extra-7.10.0-macos-arm64.bin),2026-04-02,
[`7.10.0` {octicon}`link-external`](https://github.com/kdeldycke/click-extra/releases/tag/v7.10.0),[{octicon}`download` `macos-x64`](https://github.com/kdeldycke/click-extra/releases/download/v7.10.0/click-extra-7.10.0-macos-x64.bin),2026-04-02,
[`7.10.0` {octicon}`link-external`](https://github.com/kdeldycke/click-extra/releases/tag/v7.10.0),[{octicon}`download` `windows-arm64`](https://github.com/kdeldycke/click-extra/releases/download/v7.10.0/click-extra-7.10.0-windows-arm64.exe),2026-04-02,
[`7.10.0` {octicon}`link-external`](https://github.com/kdeldycke/click-extra/releases/tag/v7.10.0),[{octicon}`download` `windows-x64`](https://github.com/kdeldycke/click-extra/releases/download/v7.10.0/click-extra-7.10.0-windows-x64.exe),2026-04-02,
[`7.10.0` {octicon}`link-external`](https://github.com/kdeldycke/click-extra/releases/tag/v7.10.0),[{octicon}`download` `linux-arm64`](https://github.com/kdeldycke/click-extra/releases/download/v7.10.0/click-extra-demo-7.10.0-linux-arm64.bin),2026-04-02,
[`7.10.0` {octicon}`link-external`](https://github.com/kdeldycke/click-extra/releases/tag/v7.10.0),[{octicon}`download` `linux-x64`](https://github.com/kdeldycke/click-extra/releases/download/v7.10.0/click-extra-demo-7.10.0-linux-x64.bin),2026-04-02,
[`7.10.0` {octicon}`link-external`](https://github.com/kdeldycke/click-extra/releases/tag/v7.10.0),[{octicon}`download` `macos-arm64`](https://github.com/kdeldycke/click-extra/releases/download/v7.10.0/click-extra-demo-7.10.0-macos-arm64.bin),2026-04-02,
[`7.10.0` {octicon}`link-external`](https://github.com/kdeldycke/click-extra/releases/tag/v7.10.0),[{octicon}`download` `macos-x64`](https://github.com/kdeldycke/click-extra/releases/download/v7.10.0/click-extra-demo-7.10.0-macos-x64.bin),2026-04-02,
[`7.10.0` {octicon}`link-external`](https://github.com/kdeldycke/click-extra/releases/tag/v7.10.0),[{octicon}`download` `windows-arm64`](https://github.com/kdeldycke/click-extra/releases/download/v7.10.0/click-extra-demo-7.10.0-windows-arm64.exe),2026-04-02,
[`7.10.0` {octicon}`link-external`](https://github.com/kdeldycke/click-extra/releases/tag/v7.10.0),[{octicon}`download` `windows-x64`](https://github.com/kdeldycke/click-extra/releases/download/v7.10.0/click-extra-demo-7.10.0-windows-x64.exe),2026-04-02,
[`7.8.0` {octicon}`link-external`](https://github.com/kdeldycke/click-extra/releases/tag/v7.8.0),[{octicon}`download` `linux-arm64`](https://github.com/kdeldycke/click-extra/releases/download/v7.8.0/click-extra-7.8.0-linux-arm64.bin),2026-03-09,
[`7.8.0` {octicon}`link-external`](https://github.com/kdeldycke/click-extra/releases/tag/v7.8.0),[{octicon}`download` `linux-x64`](https://github.com/kdeldycke/click-extra/releases/download/v7.8.0/click-extra-7.8.0-linux-x64.bin),2026-03-09,
[`7.8.0` {octicon}`link-external`](https://github.com/kdeldycke/click-extra/releases/tag/v7.8.0),[{octicon}`download` `macos-arm64`](https://github.com/kdeldycke/click-extra/releases/download/v7.8.0/click-extra-7.8.0-macos-arm64.bin),2026-03-09,
[`7.8.0` {octicon}`link-external`](https://github.com/kdeldycke/click-extra/releases/tag/v7.8.0),[{octicon}`download` `macos-x64`](https://github.com/kdeldycke/click-extra/releases/download/v7.8.0/click-extra-7.8.0-macos-x64.bin),2026-03-09,
[`7.8.0` {octicon}`link-external`](https://github.com/kdeldycke/click-extra/releases/tag/v7.8.0),[{octicon}`download` `windows-arm64`](https://github.com/kdeldycke/click-extra/releases/download/v7.8.0/click-extra-7.8.0-windows-arm64.exe),2026-03-09,
[`7.8.0` {octicon}`link-external`](https://github.com/kdeldycke/click-extra/releases/tag/v7.8.0),[{octicon}`download` `windows-x64`](https://github.com/kdeldycke/click-extra/releases/download/v7.8.0/click-extra-7.8.0-windows-x64.exe),2026-03-09,
[`7.8.0` {octicon}`link-external`](https://github.com/kdeldycke/click-extra/releases/tag/v7.8.0),[{octicon}`download` `linux-arm64`](https://github.com/kdeldycke/click-extra/releases/download/v7.8.0/click-extra-demo-7.8.0-linux-arm64.bin),2026-03-09,
[`7.8.0` {octicon}`link-external`](https://github.com/kdeldycke/click-extra/releases/tag/v7.8.0),[{octicon}`download` `linux-x64`](https://github.com/kdeldycke/click-extra/releases/download/v7.8.0/click-extra-demo-7.8.0-linux-x64.bin),2026-03-09,
[`7.8.0` {octicon}`link-external`](https://github.com/kdeldycke/click-extra/releases/tag/v7.8.0),[{octicon}`download` `macos-arm64`](https://github.com/kdeldycke/click-extra/releases/download/v7.8.0/click-extra-demo-7.8.0-macos-arm64.bin),2026-03-09,
[`7.8.0` {octicon}`link-external`](https://github.com/kdeldycke/click-extra/releases/tag/v7.8.0),[{octicon}`download` `macos-x64`](https://github.com/kdeldycke/click-extra/releases/download/v7.8.0/click-extra-demo-7.8.0-macos-x64.bin),2026-03-09,
[`7.8.0` {octicon}`link-external`](https://github.com/kdeldycke/click-extra/releases/tag/v7.8.0),[{octicon}`download` `windows-arm64`](https://github.com/kdeldycke/click-extra/releases/download/v7.8.0/click-extra-demo-7.8.0-windows-arm64.exe),2026-03-09,
[`7.8.0` {octicon}`link-external`](https://github.com/kdeldycke/click-extra/releases/tag/v7.8.0),[{octicon}`download` `windows-x64`](https://github.com/kdeldycke/click-extra/releases/download/v7.8.0/click-extra-demo-7.8.0-windows-x64.exe),2026-03-09,
[`7.6.5` {octicon}`link-external`](https://github.com/kdeldycke/click-extra/releases/tag/v7.6.5),[{octicon}`download` `linux-arm64`](https://github.com/kdeldycke/click-extra/releases/download/v7.6.5/click-extra-demo-linux-arm64.bin),2026-03-05,
[`7.6.5` {octicon}`link-external`](https://github.com/kdeldycke/click-extra/releases/tag/v7.6.5),[{octicon}`download` `linux-x64`](https://github.com/kdeldycke/click-extra/releases/download/v7.6.5/click-extra-demo-linux-x64.bin),2026-03-05,
[`7.6.5` {octicon}`link-external`](https://github.com/kdeldycke/click-extra/releases/tag/v7.6.5),[{octicon}`download` `macos-arm64`](https://github.com/kdeldycke/click-extra/releases/download/v7.6.5/click-extra-demo-macos-arm64.bin),2026-03-05,
[`7.6.5` {octicon}`link-external`](https://github.com/kdeldycke/click-extra/releases/tag/v7.6.5),[{octicon}`download` `macos-x64`](https://github.com/kdeldycke/click-extra/releases/download/v7.6.5/click-extra-demo-macos-x64.bin),2026-03-05,
[`7.6.5` {octicon}`link-external`](https://github.com/kdeldycke/click-extra/releases/tag/v7.6.5),[{octicon}`download` `windows-arm64`](https://github.com/kdeldycke/click-extra/releases/download/v7.6.5/click-extra-demo-windows-arm64.exe),2026-03-05,
[`7.6.5` {octicon}`link-external`](https://github.com/kdeldycke/click-extra/releases/tag/v7.6.5),[{octicon}`download` `windows-x64`](https://github.com/kdeldycke/click-extra/releases/download/v7.6.5/click-extra-demo-windows-x64.exe),2026-03-05,
[`7.6.4` {octicon}`link-external`](https://github.com/kdeldycke/click-extra/releases/tag/v7.6.4),[{octicon}`download` `linux-arm64`](https://github.com/kdeldycke/click-extra/releases/download/v7.6.4/click-extra-demo-linux-arm64.bin),2026-03-04,
[`7.6.4` {octicon}`link-external`](https://github.com/kdeldycke/click-extra/releases/tag/v7.6.4),[{octicon}`download` `linux-x64`](https://github.com/kdeldycke/click-extra/releases/download/v7.6.4/click-extra-demo-linux-x64.bin),2026-03-04,
[`7.6.4` {octicon}`link-external`](https://github.com/kdeldycke/click-extra/releases/tag/v7.6.4),[{octicon}`download` `macos-arm64`](https://github.com/kdeldycke/click-extra/releases/download/v7.6.4/click-extra-demo-macos-arm64.bin),2026-03-04,
[`7.6.4` {octicon}`link-external`](https://github.com/kdeldycke/click-extra/releases/tag/v7.6.4),[{octicon}`download` `macos-x64`](https://github.com/kdeldycke/click-extra/releases/download/v7.6.4/click-extra-demo-macos-x64.bin),2026-03-04,
[`7.6.4` {octicon}`link-external`](https://github.com/kdeldycke/click-extra/releases/tag/v7.6.4),[{octicon}`download` `windows-arm64`](https://github.com/kdeldycke/click-extra/releases/download/v7.6.4/click-extra-demo-windows-arm64.exe),2026-03-04,
[`7.6.4` {octicon}`link-external`](https://github.com/kdeldycke/click-extra/releases/tag/v7.6.4),[{octicon}`download` `windows-x64`](https://github.com/kdeldycke/click-extra/releases/download/v7.6.4/click-extra-demo-windows-x64.exe),2026-03-04,
[`7.6.3` {octicon}`link-external`](https://github.com/kdeldycke/click-extra/releases/tag/v7.6.3),[{octicon}`download` `linux-arm64`](https://github.com/kdeldycke/click-extra/releases/download/v7.6.3/click-extra-demo-linux-arm64.bin),2026-03-02,
[`7.6.3` {octicon}`link-external`](https://github.com/kdeldycke/click-extra/releases/tag/v7.6.3),[{octicon}`download` `linux-x64`](https://github.com/kdeldycke/click-extra/releases/download/v7.6.3/click-extra-demo-linux-x64.bin),2026-03-02,
[`7.6.3` {octicon}`link-external`](https://github.com/kdeldycke/click-extra/releases/tag/v7.6.3),[{octicon}`download` `macos-arm64`](https://github.com/kdeldycke/click-extra/releases/download/v7.6.3/click-extra-demo-macos-arm64.bin),2026-03-02,
[`7.6.3` {octicon}`link-external`](https://github.com/kdeldycke/click-extra/releases/tag/v7.6.3),[{octicon}`download` `macos-x64`](https://github.com/kdeldycke/click-extra/releases/download/v7.6.3/click-extra-demo-macos-x64.bin),2026-03-02,
[`7.6.3` {octicon}`link-external`](https://github.com/kdeldycke/click-extra/releases/tag/v7.6.3),[{octicon}`download` `windows-arm64`](https://github.com/kdeldycke/click-extra/releases/download/v7.6.3/click-extra-demo-windows-arm64.exe),2026-03-02,
[`7.6.3` {octicon}`link-external`](https://github.com/kdeldycke/click-extra/releases/tag/v7.6.3),[{octicon}`download` `windows-x64`](https://github.com/kdeldycke/click-extra/releases/download/v7.6.3/click-extra-demo-windows-x64.exe),2026-03-02,
[`7.6.2` {octicon}`link-external`](https://github.com/kdeldycke/click-extra/releases/tag/v7.6.2),[{octicon}`download` `linux-arm64`](https://github.com/kdeldycke/click-extra/releases/download/v7.6.2/click-extra-demo-linux-arm64.bin),2026-02-27,
[`7.6.2` {octicon}`link-external`](https://github.com/kdeldycke/click-extra/releases/tag/v7.6.2),[{octicon}`download` `linux-x64`](https://github.com/kdeldycke/click-extra/releases/download/v7.6.2/click-extra-demo-linux-x64.bin),2026-02-27,
[`7.6.2` {octicon}`link-external`](https://github.com/kdeldycke/click-extra/releases/tag/v7.6.2),[{octicon}`download` `macos-arm64`](https://github.com/kdeldycke/click-extra/releases/download/v7.6.2/click-extra-demo-macos-arm64.bin),2026-02-27,
[`7.6.2` {octicon}`link-external`](https://github.com/kdeldycke/click-extra/releases/tag/v7.6.2),[{octicon}`download` `macos-x64`](https://github.com/kdeldycke/click-extra/releases/download/v7.6.2/click-extra-demo-macos-x64.bin),2026-02-27,
[`7.6.2` {octicon}`link-external`](https://github.com/kdeldycke/click-extra/releases/tag/v7.6.2),[{octicon}`download` `windows-arm64`](https://github.com/kdeldycke/click-extra/releases/download/v7.6.2/click-extra-demo-windows-arm64.exe),2026-02-27,
[`7.6.2` {octicon}`link-external`](https://github.com/kdeldycke/click-extra/releases/tag/v7.6.2),[{octicon}`download` `windows-x64`](https://github.com/kdeldycke/click-extra/releases/download/v7.6.2/click-extra-demo-windows-x64.exe),2026-02-27,
[`7.6.1` {octicon}`link-external`](https://github.com/kdeldycke/click-extra/releases/tag/v7.6.1),[{octicon}`download` `linux-arm64`](https://github.com/kdeldycke/click-extra/releases/download/v7.6.1/click-extra-demo-linux-arm64.bin),2026-02-27,
[`7.6.1` {octicon}`link-external`](https://github.com/kdeldycke/click-extra/releases/tag/v7.6.1),[{octicon}`download` `linux-x64`](https://github.com/kdeldycke/click-extra/releases/download/v7.6.1/click-extra-demo-linux-x64.bin),2026-02-27,
[`7.6.1` {octicon}`link-external`](https://github.com/kdeldycke/click-extra/releases/tag/v7.6.1),[{octicon}`download` `macos-arm64`](https://github.com/kdeldycke/click-extra/releases/download/v7.6.1/click-extra-demo-macos-arm64.bin),2026-02-27,
[`7.6.1` {octicon}`link-external`](https://github.com/kdeldycke/click-extra/releases/tag/v7.6.1),[{octicon}`download` `macos-x64`](https://github.com/kdeldycke/click-extra/releases/download/v7.6.1/click-extra-demo-macos-x64.bin),2026-02-27,
[`7.6.1` {octicon}`link-external`](https://github.com/kdeldycke/click-extra/releases/tag/v7.6.1),[{octicon}`download` `windows-arm64`](https://github.com/kdeldycke/click-extra/releases/download/v7.6.1/click-extra-demo-windows-arm64.exe),2026-02-27,
[`7.6.1` {octicon}`link-external`](https://github.com/kdeldycke/click-extra/releases/tag/v7.6.1),[{octicon}`download` `windows-x64`](https://github.com/kdeldycke/click-extra/releases/download/v7.6.1/click-extra-demo-windows-x64.exe),2026-02-27,
[`7.6.0` {octicon}`link-external`](https://github.com/kdeldycke/click-extra/releases/tag/v7.6.0),[{octicon}`download` `linux-arm64`](https://github.com/kdeldycke/click-extra/releases/download/v7.6.0/click-extra-demo-linux-arm64.bin),2026-02-26,
[`7.6.0` {octicon}`link-external`](https://github.com/kdeldycke/click-extra/releases/tag/v7.6.0),[{octicon}`download` `linux-x64`](https://github.com/kdeldycke/click-extra/releases/download/v7.6.0/click-extra-demo-linux-x64.bin),2026-02-26,
[`7.6.0` {octicon}`link-external`](https://github.com/kdeldycke/click-extra/releases/tag/v7.6.0),[{octicon}`download` `macos-arm64`](https://github.com/kdeldycke/click-extra/releases/download/v7.6.0/click-extra-demo-macos-arm64.bin),2026-02-26,
[`7.6.0` {octicon}`link-external`](https://github.com/kdeldycke/click-extra/releases/tag/v7.6.0),[{octicon}`download` `macos-x64`](https://github.com/kdeldycke/click-extra/releases/download/v7.6.0/click-extra-demo-macos-x64.bin),2026-02-26,
[`7.6.0` {octicon}`link-external`](https://github.com/kdeldycke/click-extra/releases/tag/v7.6.0),[{octicon}`download` `windows-arm64`](https://github.com/kdeldycke/click-extra/releases/download/v7.6.0/click-extra-demo-windows-arm64.exe),2026-02-26,
[`7.6.0` {octicon}`link-external`](https://github.com/kdeldycke/click-extra/releases/tag/v7.6.0),[{octicon}`download` `windows-x64`](https://github.com/kdeldycke/click-extra/releases/download/v7.6.0/click-extra-demo-windows-x64.exe),2026-02-26,
[`7.5.3` {octicon}`link-external`](https://github.com/kdeldycke/click-extra/releases/tag/v7.5.3),[{octicon}`download` `linux-arm64`](https://github.com/kdeldycke/click-extra/releases/download/v7.5.3/click-extra-demo-linux-arm64.bin),2026-02-22,
[`7.5.3` {octicon}`link-external`](https://github.com/kdeldycke/click-extra/releases/tag/v7.5.3),[{octicon}`download` `linux-x64`](https://github.com/kdeldycke/click-extra/releases/download/v7.5.3/click-extra-demo-linux-x64.bin),2026-02-22,
[`7.5.3` {octicon}`link-external`](https://github.com/kdeldycke/click-extra/releases/tag/v7.5.3),[{octicon}`download` `macos-arm64`](https://github.com/kdeldycke/click-extra/releases/download/v7.5.3/click-extra-demo-macos-arm64.bin),2026-02-22,
[`7.5.3` {octicon}`link-external`](https://github.com/kdeldycke/click-extra/releases/tag/v7.5.3),[{octicon}`download` `macos-x64`](https://github.com/kdeldycke/click-extra/releases/download/v7.5.3/click-extra-demo-macos-x64.bin),2026-02-22,
[`7.5.3` {octicon}`link-external`](https://github.com/kdeldycke/click-extra/releases/tag/v7.5.3),[{octicon}`download` `windows-arm64`](https://github.com/kdeldycke/click-extra/releases/download/v7.5.3/click-extra-demo-windows-arm64.exe),2026-02-22,
[`7.5.3` {octicon}`link-external`](https://github.com/kdeldycke/click-extra/releases/tag/v7.5.3),[{octicon}`download` `windows-x64`](https://github.com/kdeldycke/click-extra/releases/download/v7.5.3/click-extra-demo-windows-x64.exe),2026-02-22,
[`7.5.2` {octicon}`link-external`](https://github.com/kdeldycke/click-extra/releases/tag/v7.5.2),[{octicon}`download` `linux-arm64`](https://github.com/kdeldycke/click-extra/releases/download/v7.5.2/click-extra-demo-linux-arm64.bin),2026-02-12,
[`7.5.2` {octicon}`link-external`](https://github.com/kdeldycke/click-extra/releases/tag/v7.5.2),[{octicon}`download` `linux-x64`](https://github.com/kdeldycke/click-extra/releases/download/v7.5.2/click-extra-demo-linux-x64.bin),2026-02-12,
[`7.5.2` {octicon}`link-external`](https://github.com/kdeldycke/click-extra/releases/tag/v7.5.2),[{octicon}`download` `macos-arm64`](https://github.com/kdeldycke/click-extra/releases/download/v7.5.2/click-extra-demo-macos-arm64.bin),2026-02-12,
[`7.5.2` {octicon}`link-external`](https://github.com/kdeldycke/click-extra/releases/tag/v7.5.2),[{octicon}`download` `macos-x64`](https://github.com/kdeldycke/click-extra/releases/download/v7.5.2/click-extra-demo-macos-x64.bin),2026-02-12,
[`7.5.2` {octicon}`link-external`](https://github.com/kdeldycke/click-extra/releases/tag/v7.5.2),[{octicon}`download` `windows-arm64`](https://github.com/kdeldycke/click-extra/releases/download/v7.5.2/click-extra-demo-windows-arm64.exe),2026-02-12,
[`7.5.2` {octicon}`link-external`](https://github.com/kdeldycke/click-extra/releases/tag/v7.5.2),[{octicon}`download` `windows-x64`](https://github.com/kdeldycke/click-extra/releases/download/v7.5.2/click-extra-demo-windows-x64.exe),2026-02-12,
[`7.5.1` {octicon}`link-external`](https://github.com/kdeldycke/click-extra/releases/tag/v7.5.1),[{octicon}`download` `linux-arm64`](https://github.com/kdeldycke/click-extra/releases/download/v7.5.1/click-extra-demo-linux-arm64.bin),2026-02-05,
[`7.5.1` {octicon}`link-external`](https://github.com/kdeldycke/click-extra/releases/tag/v7.5.1),[{octicon}`download` `linux-x64`](https://github.com/kdeldycke/click-extra/releases/download/v7.5.1/click-extra-demo-linux-x64.bin),2026-02-05,
[`7.5.1` {octicon}`link-external`](https://github.com/kdeldycke/click-extra/releases/tag/v7.5.1),[{octicon}`download` `macos-arm64`](https://github.com/kdeldycke/click-extra/releases/download/v7.5.1/click-extra-demo-macos-arm64.bin),2026-02-05,
[`7.5.1` {octicon}`link-external`](https://github.com/kdeldycke/click-extra/releases/tag/v7.5.1),[{octicon}`download` `macos-x64`](https://github.com/kdeldycke/click-extra/releases/download/v7.5.1/click-extra-demo-macos-x64.bin),2026-02-05,
[`7.5.1` {octicon}`link-external`](https://github.com/kdeldycke/click-extra/releases/tag/v7.5.1),[{octicon}`download` `windows-arm64`](https://github.com/kdeldycke/click-extra/releases/download/v7.5.1/click-extra-demo-windows-arm64.exe),2026-02-05,
[`7.5.1` {octicon}`link-external`](https://github.com/kdeldycke/click-extra/releases/tag/v7.5.1),[{octicon}`download` `windows-x64`](https://github.com/kdeldycke/click-extra/releases/download/v7.5.1/click-extra-demo-windows-x64.exe),2026-02-05,
[`7.5.0` {octicon}`link-external`](https://github.com/kdeldycke/click-extra/releases/tag/v7.5.0),[{octicon}`download` `linux-arm64`](https://github.com/kdeldycke/click-extra/releases/download/v7.5.0/click-extra-demo-linux-arm64.bin),2026-02-03,
[`7.5.0` {octicon}`link-external`](https://github.com/kdeldycke/click-extra/releases/tag/v7.5.0),[{octicon}`download` `linux-x64`](https://github.com/kdeldycke/click-extra/releases/download/v7.5.0/click-extra-demo-linux-x64.bin),2026-02-03,
[`7.5.0` {octicon}`link-external`](https://github.com/kdeldycke/click-extra/releases/tag/v7.5.0),[{octicon}`download` `macos-arm64`](https://github.com/kdeldycke/click-extra/releases/download/v7.5.0/click-extra-demo-macos-arm64.bin),2026-02-03,
[`7.5.0` {octicon}`link-external`](https://github.com/kdeldycke/click-extra/releases/tag/v7.5.0),[{octicon}`download` `macos-x64`](https://github.com/kdeldycke/click-extra/releases/download/v7.5.0/click-extra-demo-macos-x64.bin),2026-02-03,
[`7.5.0` {octicon}`link-external`](https://github.com/kdeldycke/click-extra/releases/tag/v7.5.0),[{octicon}`download` `windows-arm64`](https://github.com/kdeldycke/click-extra/releases/download/v7.5.0/click-extra-demo-windows-arm64.exe),2026-02-03,
[`7.5.0` {octicon}`link-external`](https://github.com/kdeldycke/click-extra/releases/tag/v7.5.0),[{octicon}`download` `windows-x64`](https://github.com/kdeldycke/click-extra/releases/download/v7.5.0/click-extra-demo-windows-x64.exe),2026-02-03,
[`7.4.0` {octicon}`link-external`](https://github.com/kdeldycke/click-extra/releases/tag/v7.4.0),[{octicon}`download` `linux-arm64`](https://github.com/kdeldycke/click-extra/releases/download/v7.4.0/click-extra-demo-linux-arm64.bin),2025-12-08,
[`7.4.0` {octicon}`link-external`](https://github.com/kdeldycke/click-extra/releases/tag/v7.4.0),[{octicon}`download` `linux-x64`](https://github.com/kdeldycke/click-extra/releases/download/v7.4.0/click-extra-demo-linux-x64.bin),2025-12-08,
[`7.4.0` {octicon}`link-external`](https://github.com/kdeldycke/click-extra/releases/tag/v7.4.0),[{octicon}`download` `macos-arm64`](https://github.com/kdeldycke/click-extra/releases/download/v7.4.0/click-extra-demo-macos-arm64.bin),2025-12-08,
[`7.4.0` {octicon}`link-external`](https://github.com/kdeldycke/click-extra/releases/tag/v7.4.0),[{octicon}`download` `macos-x64`](https://github.com/kdeldycke/click-extra/releases/download/v7.4.0/click-extra-demo-macos-x64.bin),2025-12-08,
[`7.4.0` {octicon}`link-external`](https://github.com/kdeldycke/click-extra/releases/tag/v7.4.0),[{octicon}`download` `windows-arm64`](https://github.com/kdeldycke/click-extra/releases/download/v7.4.0/click-extra-demo-windows-arm64.exe),2025-12-08,
[`7.4.0` {octicon}`link-external`](https://github.com/kdeldycke/click-extra/releases/tag/v7.4.0),[{octicon}`download` `windows-x64`](https://github.com/kdeldycke/click-extra/releases/download/v7.4.0/click-extra-demo-windows-x64.exe),2025-12-08,
[`7.3.0` {octicon}`link-external`](https://github.com/kdeldycke/click-extra/releases/tag/v7.3.0),[{octicon}`download` `linux-arm64`](https://github.com/kdeldycke/click-extra/releases/download/v7.3.0/click-extra-demo-linux-arm64.bin),2025-12-02,
[`7.3.0` {octicon}`link-external`](https://github.com/kdeldycke/click-extra/releases/tag/v7.3.0),[{octicon}`download` `linux-x64`](https://github.com/kdeldycke/click-extra/releases/download/v7.3.0/click-extra-demo-linux-x64.bin),2025-12-02,
[`7.3.0` {octicon}`link-external`](https://github.com/kdeldycke/click-extra/releases/tag/v7.3.0),[{octicon}`download` `macos-arm64`](https://github.com/kdeldycke/click-extra/releases/download/v7.3.0/click-extra-demo-macos-arm64.bin),2025-12-02,
[`7.3.0` {octicon}`link-external`](https://github.com/kdeldycke/click-extra/releases/tag/v7.3.0),[{octicon}`download` `macos-x64`](https://github.com/kdeldycke/click-extra/releases/download/v7.3.0/click-extra-demo-macos-x64.bin),2025-12-02,
[`7.3.0` {octicon}`link-external`](https://github.com/kdeldycke/click-extra/releases/tag/v7.3.0),[{octicon}`download` `windows-arm64`](https://github.com/kdeldycke/click-extra/releases/download/v7.3.0/click-extra-demo-windows-arm64.exe),2025-12-02,
[`7.3.0` {octicon}`link-external`](https://github.com/kdeldycke/click-extra/releases/tag/v7.3.0),[{octicon}`download` `windows-x64`](https://github.com/kdeldycke/click-extra/releases/download/v7.3.0/click-extra-demo-windows-x64.exe),2025-12-02,
[`7.0.1` {octicon}`link-external`](https://github.com/kdeldycke/click-extra/releases/tag/v7.0.1),[{octicon}`download` `linux-arm64`](https://github.com/kdeldycke/click-extra/releases/download/v7.0.1/click-extra-linux-arm64.bin),2025-11-18,
[`7.0.1` {octicon}`link-external`](https://github.com/kdeldycke/click-extra/releases/tag/v7.0.1),[{octicon}`download` `linux-x64`](https://github.com/kdeldycke/click-extra/releases/download/v7.0.1/click-extra-linux-x64.bin),2025-11-18,
[`7.0.1` {octicon}`link-external`](https://github.com/kdeldycke/click-extra/releases/tag/v7.0.1),[{octicon}`download` `macos-arm64`](https://github.com/kdeldycke/click-extra/releases/download/v7.0.1/click-extra-macos-arm64.bin),2025-11-18,
[`7.0.1` {octicon}`link-external`](https://github.com/kdeldycke/click-extra/releases/tag/v7.0.1),[{octicon}`download` `macos-x64`](https://github.com/kdeldycke/click-extra/releases/download/v7.0.1/click-extra-macos-x64.bin),2025-11-18,
[`7.0.1` {octicon}`link-external`](https://github.com/kdeldycke/click-extra/releases/tag/v7.0.1),[{octicon}`download` `windows-arm64`](https://github.com/kdeldycke/click-extra/releases/download/v7.0.1/click-extra-windows-arm64.exe),2025-11-18,
[`7.0.1` {octicon}`link-external`](https://github.com/kdeldycke/click-extra/releases/tag/v7.0.1),[{octicon}`download` `windows-x64`](https://github.com/kdeldycke/click-extra/releases/download/v7.0.1/click-extra-windows-x64.exe),2025-11-18,
[`7.0.0` {octicon}`link-external`](https://github.com/kdeldycke/click-extra/releases/tag/v7.0.0),[{octicon}`download` `linux-arm64`](https://github.com/kdeldycke/click-extra/releases/download/v7.0.0/click-extra-linux-arm64.bin),2025-11-18,
[`7.0.0` {octicon}`link-external`](https://github.com/kdeldycke/click-extra/releases/tag/v7.0.0),[{octicon}`download` `linux-x64`](https://github.com/kdeldycke/click-extra/releases/download/v7.0.0/click-extra-linux-x64.bin),2025-11-18,
[`7.0.0` {octicon}`link-external`](https://github.com/kdeldycke/click-extra/releases/tag/v7.0.0),[{octicon}`download` `macos-arm64`](https://github.com/kdeldycke/click-extra/releases/download/v7.0.0/click-extra-macos-arm64.bin),2025-11-18,
[`7.0.0` {octicon}`link-external`](https://github.com/kdeldycke/click-extra/releases/tag/v7.0.0),[{octicon}`download` `macos-x64`](https://github.com/kdeldycke/click-extra/releases/download/v7.0.0/click-extra-macos-x64.bin),2025-11-18,
[`7.0.0` {octicon}`link-external`](https://github.com/kdeldycke/click-extra/releases/tag/v7.0.0),[{octicon}`download` `windows-arm64`](https://github.com/kdeldycke/click-extra/releases/download/v7.0.0/click-extra-windows-arm64.exe),2025-11-18,
[`7.0.0` {octicon}`link-external`](https://github.com/kdeldycke/click-extra/releases/tag/v7.0.0),[{octicon}`download` `windows-x64`](https://github.com/kdeldycke/click-extra/releases/download/v7.0.0/click-extra-windows-x64.exe),2025-11-18,
