repo,metric,date,value,source
https://github.com/BrianPugh/cyclopts,commit,2026-09-29,2026-09-29,sample
https://github.com/BrianPugh/cyclopts,release,2026-09-29,2026-09-23,sample
https://github.com/BrianPugh/cyclopts,release_source,2026-09-22,release,sample
https://github.com/BrianPugh/cyclopts,stars,2023-11-03,0,created
https://github.com/BrianPugh/cyclopts,stars,2023-11-27,7,github
https://github.com/BrianPugh/cyclopts,stars,2023-12-07,23,github
https://github.com/BrianPugh/cyclopts,stars,2023-12-16,58,github
https://github.com/BrianPugh/cyclopts,stars,2023-12-22,80,github
https://github.com/BrianPugh/cyclopts,stars,2023-12-24,81,github
https://github.com/BrianPugh/cyclopts,stars,2024-01-06,87,github
https://github.com/BrianPugh/cyclopts,stars,2024-01-13,118,github
https://github.com/BrianPugh/cyclopts,stars,2024-01-18,129,github
https://github.com/BrianPugh/cyclopts,stars,2024-01-26,137,github
https://github.com/BrianPugh/cyclopts,stars,2024-02-02,144,github
https://github.com/BrianPugh/cyclopts,stars,2024-02-05,148,github
https://github.com/BrianPugh/cyclopts,stars,2024-02-13,151,github
https://github.com/BrianPugh/cyclopts,stars,2024-02-24,155,github
https://github.com/BrianPugh/cyclopts,stars,2024-03-02,162,github
https://github.com/BrianPugh/cyclopts,stars,2024-03-08,179,github
https://github.com/BrianPugh/cyclopts,stars,2024-03-23,183,github
https://github.com/BrianPugh/cyclopts,stars,2024-03-29,189,github
https://github.com/BrianPugh/cyclopts,stars,2024-04-04,192,github
https://github.com/BrianPugh/cyclopts,stars,2024-04-13,195,github
https://github.com/BrianPugh/cyclopts,stars,2024-04-17,197,github
https://github.com/BrianPugh/cyclopts,stars,2024-04-25,198,github
https://github.com/BrianPugh/cyclopts,stars,2024-05-02,200,github
https://github.com/BrianPugh/cyclopts,stars,2024-05-11,202,github
https://github.com/BrianPugh/cyclopts,stars,2024-05-15,204,github
https://github.com/BrianPugh/cyclopts,stars,2024-05-21,205,github
https://github.com/BrianPugh/cyclopts,stars,2024-05-30,209,github
https://github.com/BrianPugh/cyclopts,stars,2024-06-08,216,github
https://github.com/BrianPugh/cyclopts,stars,2024-06-15,219,github
https://github.com/BrianPugh/cyclopts,stars,2024-06-20,223,github
https://github.com/BrianPugh/cyclopts,stars,2024-06-28,228,github
https://github.com/BrianPugh/cyclopts,stars,2024-07-06,233,github
https://github.com/BrianPugh/cyclopts,stars,2024-07-13,236,github
https://github.com/BrianPugh/cyclopts,stars,2024-07-20,240,github
https://github.com/BrianPugh/cyclopts,stars,2024-07-27,243,github
https://github.com/BrianPugh/cyclopts,stars,2024-08-03,248,github
https://github.com/BrianPugh/cyclopts,stars,2024-08-08,253,github
https://github.com/BrianPugh/cyclopts,stars,2024-08-16,255,github
https://github.com/BrianPugh/cyclopts,stars,2024-08-24,261,github
https://github.com/BrianPugh/cyclopts,stars,2024-08-31,266,github
https://github.com/BrianPugh/cyclopts,stars,2024-09-03,268,github
https://github.com/BrianPugh/cyclopts,stars,2024-09-14,270,github
https://github.com/BrianPugh/cyclopts,stars,2024-09-21,271,github
https://github.com/BrianPugh/cyclopts,stars,2024-09-27,275,github
https://github.com/BrianPugh/cyclopts,stars,2024-10-05,279,github
https://github.com/BrianPugh/cyclopts,stars,2024-10-12,282,github
https://github.com/BrianPugh/cyclopts,stars,2024-10-19,289,github
https://github.com/BrianPugh/cyclopts,stars,2024-10-24,292,github
https://github.com/BrianPugh/cyclopts,stars,2024-11-02,303,github
https://github.com/BrianPugh/cyclopts,stars,2024-11-08,311,github
https://github.com/BrianPugh/cyclopts,stars,2024-11-15,321,github
https://github.com/BrianPugh/cyclopts,stars,2024-11-22,326,github
https://github.com/BrianPugh/cyclopts,stars,2024-11-29,332,github
https://github.com/BrianPugh/cyclopts,stars,2024-12-06,341,github
https://github.com/BrianPugh/cyclopts,stars,2024-12-14,351,github
https://github.com/BrianPugh/cyclopts,stars,2024-12-19,353,github
https://github.com/BrianPugh/cyclopts,stars,2024-12-28,366,github
https://github.com/BrianPugh/cyclopts,stars,2025-01-04,381,github
https://github.com/BrianPugh/cyclopts,stars,2025-01-11,392,github
https://github.com/BrianPugh/cyclopts,stars,2025-01-18,408,github
https://github.com/BrianPugh/cyclopts,stars,2025-01-23,415,github
https://github.com/BrianPugh/cyclopts,stars,2025-01-31,419,github
https://github.com/BrianPugh/cyclopts,stars,2025-02-06,426,github
https://github.com/BrianPugh/cyclopts,stars,2025-02-14,432,github
https://github.com/BrianPugh/cyclopts,stars,2025-02-21,436,github
https://github.com/BrianPugh/cyclopts,stars,2025-03-01,443,github
https://github.com/BrianPugh/cyclopts,stars,2025-03-08,467,github
https://github.com/BrianPugh/cyclopts,stars,2025-03-13,473,github
https://github.com/BrianPugh/cyclopts,stars,2025-03-22,481,github
https://github.com/BrianPugh/cyclopts,stars,2025-03-29,501,github
https://github.com/BrianPugh/cyclopts,stars,2025-04-03,510,github
https://github.com/BrianPugh/cyclopts,stars,2025-04-12,519,github
https://github.com/BrianPugh/cyclopts,stars,2025-04-19,539,github
https://github.com/BrianPugh/cyclopts,stars,2025-04-26,550,github
https://github.com/BrianPugh/cyclopts,stars,2025-05-03,555,github
https://github.com/BrianPugh/cyclopts,stars,2025-05-09,559,github
https://github.com/BrianPugh/cyclopts,stars,2025-05-15,562,github
https://github.com/BrianPugh/cyclopts,stars,2025-05-24,580,github
https://github.com/BrianPugh/cyclopts,stars,2025-05-31,598,github
https://github.com/BrianPugh/cyclopts,stars,2025-06-07,626,github
https://github.com/BrianPugh/cyclopts,stars,2025-06-14,640,github
https://github.com/BrianPugh/cyclopts,stars,2025-06-20,650,github
https://github.com/BrianPugh/cyclopts,stars,2025-06-26,652,github
https://github.com/BrianPugh/cyclopts,stars,2025-07-01,659,github
https://github.com/BrianPugh/cyclopts,stars,2025-07-11,688,github
https://github.com/BrianPugh/cyclopts,stars,2025-07-17,697,github
https://github.com/BrianPugh/cyclopts,stars,2025-07-26,705,github
https://github.com/BrianPugh/cyclopts,stars,2025-07-30,713,github
https://github.com/BrianPugh/cyclopts,stars,2025-08-09,720,github
https://github.com/BrianPugh/cyclopts,stars,2025-08-15,732,github
https://github.com/BrianPugh/cyclopts,stars,2025-08-22,766,github
https://github.com/BrianPugh/cyclopts,stars,2025-08-30,772,github
https://github.com/BrianPugh/cyclopts,stars,2025-09-06,783,github
https://github.com/BrianPugh/cyclopts,stars,2025-09-13,799,github
https://github.com/BrianPugh/cyclopts,stars,2025-09-18,806,github
https://github.com/BrianPugh/cyclopts,stars,2025-09-27,813,github
https://github.com/BrianPugh/cyclopts,stars,2025-10-03,822,github
https://github.com/BrianPugh/cyclopts,stars,2025-10-10,834,github
https://github.com/BrianPugh/cyclopts,stars,2025-10-18,846,github
https://github.com/BrianPugh/cyclopts,stars,2025-10-25,857,github
https://github.com/BrianPugh/cyclopts,stars,2025-10-31,882,github
https://github.com/BrianPugh/cyclopts,stars,2025-11-08,904,github
https://github.com/BrianPugh/cyclopts,stars,2025-11-15,913,github
https://github.com/BrianPugh/cyclopts,stars,2025-11-21,919,github
https://github.com/BrianPugh/cyclopts,stars,2025-11-29,926,github
https://github.com/BrianPugh/cyclopts,stars,2025-12-06,940,github
https://github.com/BrianPugh/cyclopts,stars,2025-12-13,944,github
https://github.com/BrianPugh/cyclopts,stars,2025-12-20,957,github
https://github.com/BrianPugh/cyclopts,stars,2025-12-23,960,github
https://github.com/BrianPugh/cyclopts,stars,2026-01-02,965,github
https://github.com/BrianPugh/cyclopts,stars,2026-01-10,971,github
https://github.com/BrianPugh/cyclopts,stars,2026-01-17,984,github
https://github.com/BrianPugh/cyclopts,stars,2026-01-24,995,github
https://github.com/BrianPugh/cyclopts,stars,2026-01-31,1002,github
https://github.com/BrianPugh/cyclopts,stars,2026-02-07,1012,github
https://github.com/BrianPugh/cyclopts,stars,2026-02-14,1021,github
https://github.com/BrianPugh/cyclopts,stars,2026-02-21,1031,github
https://github.com/BrianPugh/cyclopts,stars,2026-02-28,1041,github
https://github.com/BrianPugh/cyclopts,stars,2026-03-07,1055,github
https://github.com/BrianPugh/cyclopts,stars,2026-03-14,1071,github
https://github.com/BrianPugh/cyclopts,stars,2026-03-19,1081,github
https://github.com/BrianPugh/cyclopts,stars,2026-03-28,1093,github
https://github.com/BrianPugh/cyclopts,stars,2026-04-04,1102,github
https://github.com/BrianPugh/cyclopts,stars,2026-04-11,1114,github
https://github.com/BrianPugh/cyclopts,stars,2026-04-17,1122,github
https://github.com/BrianPugh/cyclopts,stars,2026-04-25,1130,github
https://github.com/BrianPugh/cyclopts,stars,2026-05-02,1135,github
https://github.com/BrianPugh/cyclopts,stars,2026-05-08,1143,github
https://github.com/BrianPugh/cyclopts,stars,2026-05-16,1150,github
https://github.com/BrianPugh/cyclopts,stars,2026-05-23,1160,github
https://github.com/BrianPugh/cyclopts,stars,2026-05-27,1163,github
https://github.com/BrianPugh/cyclopts,stars,2026-06-06,1170,github
https://github.com/BrianPugh/cyclopts,stars,2026-06-09,1176,github
https://github.com/BrianPugh/cyclopts,stars,2026-06-17,1181,github
https://github.com/BrianPugh/cyclopts,stars,2026-06-25,1185,github
https://github.com/BrianPugh/cyclopts,stars,2026-07-04,1192,github
https://github.com/BrianPugh/cyclopts,stars,2026-07-10,1199,github
https://github.com/BrianPugh/cyclopts,stars,2026-07-17,1206,github
https://github.com/BrianPugh/cyclopts,stars,2026-07-25,1208,github
https://github.com/BrianPugh/cyclopts,stars,2026-08-01,1216,github
https://github.com/BrianPugh/cyclopts,stars,2026-08-07,1223,github
https://github.com/BrianPugh/cyclopts,stars,2026-08-15,1230,github
https://github.com/BrianPugh/cyclopts,stars,2026-08-17,1232,sample
https://github.com/BrianPugh/cyclopts,stars,2026-08-18,1232,sample
https://github.com/BrianPugh/cyclopts,stars,2026-08-22,1234,github
https://github.com/BrianPugh/cyclopts,stars,2026-08-25,1238,sample
https://github.com/BrianPugh/cyclopts,stars,2026-08-29,1240,github
https://github.com/BrianPugh/cyclopts,stars,2026-09-01,1241,sample
https://github.com/BrianPugh/cyclopts,stars,2026-09-05,1246,github
https://github.com/BrianPugh/cyclopts,stars,2026-09-08,1249,sample
https://github.com/BrianPugh/cyclopts,stars,2026-09-12,1251,github
https://github.com/BrianPugh/cyclopts,stars,2026-09-15,1255,sample
https://github.com/BrianPugh/cyclopts,stars,2026-09-18,1256,github
https://github.com/BrianPugh/cyclopts,stars,2026-09-22,1260,sample
https://github.com/BrianPugh/cyclopts,stars,2026-09-24,1266,github
https://github.com/BrianPugh/cyclopts,stars,2026-09-28,1268,github
https://github.com/BrianPugh/cyclopts,stars,2026-09-29,1268,sample
https://github.com/brentyi/tyro,commit,2026-08-25,2026-08-23,sample
https://github.com/brentyi/tyro,release,2026-08-25,2026-08-23,sample
https://github.com/brentyi/tyro,release_source,2026-08-17,release,sample
https://github.com/brentyi/tyro,stars,2021-10-05,0,created
https://github.com/brentyi/tyro,stars,2021-10-22,2,github
https://github.com/brentyi/tyro,stars,2021-10-29,15,github
https://github.com/brentyi/tyro,stars,2021-11-03,16,github
https://github.com/brentyi/tyro,stars,2021-12-17,17,github
https://github.com/brentyi/tyro,stars,2022-01-12,18,github
https://github.com/brentyi/tyro,stars,2022-01-29,21,github
https://github.com/brentyi/tyro,stars,2022-01-30,22,github
https://github.com/brentyi/tyro,stars,2022-02-17,24,github
https://github.com/brentyi/tyro,stars,2022-04-10,25,github
https://github.com/brentyi/tyro,stars,2022-05-15,26,github
https://github.com/brentyi/tyro,stars,2022-06-18,27,github
https://github.com/brentyi/tyro,stars,2022-06-20,28,github
https://github.com/brentyi/tyro,stars,2022-07-08,30,github
https://github.com/brentyi/tyro,stars,2022-08-04,32,github
https://github.com/brentyi/tyro,stars,2022-08-09,34,github
https://github.com/brentyi/tyro,stars,2022-08-16,36,github
https://github.com/brentyi/tyro,stars,2022-08-26,37,github
https://github.com/brentyi/tyro,stars,2022-08-31,40,github
https://github.com/brentyi/tyro,stars,2022-09-13,41,github
https://github.com/brentyi/tyro,stars,2022-09-24,43,github
https://github.com/brentyi/tyro,stars,2022-10-08,52,github
https://github.com/brentyi/tyro,stars,2022-10-15,60,github
https://github.com/brentyi/tyro,stars,2022-10-21,71,github
https://github.com/brentyi/tyro,stars,2022-10-26,73,github
https://github.com/brentyi/tyro,stars,2022-11-03,74,github
https://github.com/brentyi/tyro,stars,2022-11-12,82,github
https://github.com/brentyi/tyro,stars,2022-11-18,86,github
https://github.com/brentyi/tyro,stars,2022-11-24,87,github
https://github.com/brentyi/tyro,stars,2022-12-01,88,github
https://github.com/brentyi/tyro,stars,2022-12-09,92,github
https://github.com/brentyi/tyro,stars,2022-12-17,95,github
https://github.com/brentyi/tyro,stars,2022-12-23,99,github
https://github.com/brentyi/tyro,stars,2022-12-30,108,github
https://github.com/brentyi/tyro,stars,2023-01-04,112,github
https://github.com/brentyi/tyro,stars,2023-01-11,119,github
https://github.com/brentyi/tyro,stars,2023-01-19,122,github
https://github.com/brentyi/tyro,stars,2023-02-04,126,github
https://github.com/brentyi/tyro,stars,2023-02-05,127,github
https://github.com/brentyi/tyro,stars,2023-02-18,134,github
https://github.com/brentyi/tyro,stars,2023-02-21,141,github
https://github.com/brentyi/tyro,stars,2023-03-02,144,github
https://github.com/brentyi/tyro,stars,2023-03-11,147,github
https://github.com/brentyi/tyro,stars,2023-03-17,149,github
https://github.com/brentyi/tyro,stars,2023-03-23,153,github
https://github.com/brentyi/tyro,stars,2023-03-29,156,github
https://github.com/brentyi/tyro,stars,2023-04-08,160,github
https://github.com/brentyi/tyro,stars,2023-04-14,162,github
https://github.com/brentyi/tyro,stars,2023-04-21,164,github
https://github.com/brentyi/tyro,stars,2023-04-28,170,github
https://github.com/brentyi/tyro,stars,2023-05-06,173,github
https://github.com/brentyi/tyro,stars,2023-05-13,179,github
https://github.com/brentyi/tyro,stars,2023-05-18,185,github
https://github.com/brentyi/tyro,stars,2023-05-27,194,github
https://github.com/brentyi/tyro,stars,2023-05-30,198,github
https://github.com/brentyi/tyro,stars,2023-06-08,204,github
https://github.com/brentyi/tyro,stars,2023-06-16,207,github
https://github.com/brentyi/tyro,stars,2023-06-21,209,github
https://github.com/brentyi/tyro,stars,2023-06-30,213,github
https://github.com/brentyi/tyro,stars,2023-07-15,216,github
https://github.com/brentyi/tyro,stars,2023-07-17,217,github
https://github.com/brentyi/tyro,stars,2023-07-24,218,github
https://github.com/brentyi/tyro,stars,2023-08-09,220,github
https://github.com/brentyi/tyro,stars,2023-08-15,221,github
https://github.com/brentyi/tyro,stars,2023-08-26,226,github
https://github.com/brentyi/tyro,stars,2023-08-31,230,github
https://github.com/brentyi/tyro,stars,2023-09-09,231,github
https://github.com/brentyi/tyro,stars,2023-09-14,234,github
https://github.com/brentyi/tyro,stars,2023-09-22,238,github
https://github.com/brentyi/tyro,stars,2023-09-27,241,github
https://github.com/brentyi/tyro,stars,2023-10-05,244,github
https://github.com/brentyi/tyro,stars,2023-10-19,245,github
https://github.com/brentyi/tyro,stars,2023-10-26,247,github
https://github.com/brentyi/tyro,stars,2023-11-04,254,github
https://github.com/brentyi/tyro,stars,2023-11-11,256,github
https://github.com/brentyi/tyro,stars,2023-11-24,258,github
https://github.com/brentyi/tyro,stars,2023-11-29,261,github
https://github.com/brentyi/tyro,stars,2023-12-09,274,github
https://github.com/brentyi/tyro,stars,2023-12-15,276,github
https://github.com/brentyi/tyro,stars,2023-12-23,283,github
https://github.com/brentyi/tyro,stars,2023-12-30,288,github
https://github.com/brentyi/tyro,stars,2024-01-05,294,github
https://github.com/brentyi/tyro,stars,2024-01-11,297,github
https://github.com/brentyi/tyro,stars,2024-01-16,299,github
https://github.com/brentyi/tyro,stars,2024-01-26,305,github
https://github.com/brentyi/tyro,stars,2024-02-03,312,github
https://github.com/brentyi/tyro,stars,2024-02-09,321,github
https://github.com/brentyi/tyro,stars,2024-02-16,328,github
https://github.com/brentyi/tyro,stars,2024-02-24,330,github
https://github.com/brentyi/tyro,stars,2024-02-28,333,github
https://github.com/brentyi/tyro,stars,2024-03-04,334,github
https://github.com/brentyi/tyro,stars,2024-03-16,339,github
https://github.com/brentyi/tyro,stars,2024-03-21,345,github
https://github.com/brentyi/tyro,stars,2024-03-26,348,github
https://github.com/brentyi/tyro,stars,2024-04-06,354,github
https://github.com/brentyi/tyro,stars,2024-04-11,357,github
https://github.com/brentyi/tyro,stars,2024-04-19,358,github
https://github.com/brentyi/tyro,stars,2024-04-27,376,github
https://github.com/brentyi/tyro,stars,2024-05-03,382,github
https://github.com/brentyi/tyro,stars,2024-05-11,387,github
https://github.com/brentyi/tyro,stars,2024-05-17,393,github
https://github.com/brentyi/tyro,stars,2024-05-24,396,github
https://github.com/brentyi/tyro,stars,2024-05-30,400,github
https://github.com/brentyi/tyro,stars,2024-06-08,405,github
https://github.com/brentyi/tyro,stars,2024-06-14,409,github
https://github.com/brentyi/tyro,stars,2024-06-20,415,github
https://github.com/brentyi/tyro,stars,2024-06-29,418,github
https://github.com/brentyi/tyro,stars,2024-07-05,422,github
https://github.com/brentyi/tyro,stars,2024-07-12,426,github
https://github.com/brentyi/tyro,stars,2024-07-20,432,github
https://github.com/brentyi/tyro,stars,2024-07-26,435,github
https://github.com/brentyi/tyro,stars,2024-08-10,441,github
https://github.com/brentyi/tyro,stars,2024-08-17,446,github
https://github.com/brentyi/tyro,stars,2024-08-22,448,github
https://github.com/brentyi/tyro,stars,2024-08-30,454,github
https://github.com/brentyi/tyro,stars,2024-09-03,458,github
https://github.com/brentyi/tyro,stars,2024-09-21,464,github
https://github.com/brentyi/tyro,stars,2024-09-23,465,github
https://github.com/brentyi/tyro,stars,2024-10-05,472,github
https://github.com/brentyi/tyro,stars,2024-10-12,480,github
https://github.com/brentyi/tyro,stars,2024-10-19,482,github
https://github.com/brentyi/tyro,stars,2024-10-26,490,github
https://github.com/brentyi/tyro,stars,2024-11-02,496,github
https://github.com/brentyi/tyro,stars,2024-11-08,504,github
https://github.com/brentyi/tyro,stars,2024-11-14,514,github
https://github.com/brentyi/tyro,stars,2024-11-21,520,github
https://github.com/brentyi/tyro,stars,2024-11-28,523,github
https://github.com/brentyi/tyro,stars,2024-12-05,530,github
https://github.com/brentyi/tyro,stars,2024-12-21,535,github
https://github.com/brentyi/tyro,stars,2024-12-28,538,github
https://github.com/brentyi/tyro,stars,2025-01-04,545,github
https://github.com/brentyi/tyro,stars,2025-01-11,548,github
https://github.com/brentyi/tyro,stars,2025-01-17,551,github
https://github.com/brentyi/tyro,stars,2025-01-25,553,github
https://github.com/brentyi/tyro,stars,2025-01-29,554,github
https://github.com/brentyi/tyro,stars,2025-02-06,558,github
https://github.com/brentyi/tyro,stars,2025-02-14,564,github
https://github.com/brentyi/tyro,stars,2025-02-19,565,github
https://github.com/brentyi/tyro,stars,2025-03-07,570,github
https://github.com/brentyi/tyro,stars,2025-03-12,572,github
https://github.com/brentyi/tyro,stars,2025-03-22,580,github
https://github.com/brentyi/tyro,stars,2025-03-29,586,github
https://github.com/brentyi/tyro,stars,2025-04-05,590,github
https://github.com/brentyi/tyro,stars,2025-04-12,597,github
https://github.com/brentyi/tyro,stars,2025-04-19,602,github
https://github.com/brentyi/tyro,stars,2025-04-26,609,github
https://github.com/brentyi/tyro,stars,2025-05-02,613,github
https://github.com/brentyi/tyro,stars,2025-05-08,615,github
https://github.com/brentyi/tyro,stars,2025-05-17,621,github
https://github.com/brentyi/tyro,stars,2025-05-23,625,github
https://github.com/brentyi/tyro,stars,2025-05-31,633,github
https://github.com/brentyi/tyro,stars,2025-06-07,635,github
https://github.com/brentyi/tyro,stars,2025-06-11,639,github
https://github.com/brentyi/tyro,stars,2025-06-20,644,github
https://github.com/brentyi/tyro,stars,2025-06-26,648,github
https://github.com/brentyi/tyro,stars,2025-07-05,673,github
https://github.com/brentyi/tyro,stars,2025-07-11,700,github
https://github.com/brentyi/tyro,stars,2025-07-19,714,github
https://github.com/brentyi/tyro,stars,2025-07-26,722,github
https://github.com/brentyi/tyro,stars,2025-08-02,729,github
https://github.com/brentyi/tyro,stars,2025-08-08,739,github
https://github.com/brentyi/tyro,stars,2025-08-13,746,github
https://github.com/brentyi/tyro,stars,2025-08-22,753,github
https://github.com/brentyi/tyro,stars,2025-08-30,760,github
https://github.com/brentyi/tyro,stars,2025-09-06,768,github
https://github.com/brentyi/tyro,stars,2025-09-12,776,github
https://github.com/brentyi/tyro,stars,2025-09-14,778,github
https://github.com/brentyi/tyro,stars,2025-09-25,785,github
https://github.com/brentyi/tyro,stars,2025-10-02,792,github
https://github.com/brentyi/tyro,stars,2025-10-07,795,github
https://github.com/brentyi/tyro,stars,2025-10-16,798,github
https://github.com/brentyi/tyro,stars,2025-10-23,803,github
https://github.com/brentyi/tyro,stars,2025-10-30,804,github
https://github.com/brentyi/tyro,stars,2025-11-07,806,github
https://github.com/brentyi/tyro,stars,2025-11-15,810,github
https://github.com/brentyi/tyro,stars,2025-11-21,816,github
https://github.com/brentyi/tyro,stars,2025-11-28,823,github
https://github.com/brentyi/tyro,stars,2025-12-05,829,github
https://github.com/brentyi/tyro,stars,2025-12-13,879,github
https://github.com/brentyi/tyro,stars,2025-12-20,895,github
https://github.com/brentyi/tyro,stars,2025-12-24,897,github
https://github.com/brentyi/tyro,stars,2026-01-03,901,github
https://github.com/brentyi/tyro,stars,2026-01-10,909,github
https://github.com/brentyi/tyro,stars,2026-01-17,919,github
https://github.com/brentyi/tyro,stars,2026-01-23,927,github
https://github.com/brentyi/tyro,stars,2026-01-31,935,github
https://github.com/brentyi/tyro,stars,2026-02-05,937,github
https://github.com/brentyi/tyro,stars,2026-02-14,947,github
https://github.com/brentyi/tyro,stars,2026-02-19,952,github
https://github.com/brentyi/tyro,stars,2026-02-28,959,github
https://github.com/brentyi/tyro,stars,2026-03-07,968,github
https://github.com/brentyi/tyro,stars,2026-03-13,973,github
https://github.com/brentyi/tyro,stars,2026-03-18,987,github
https://github.com/brentyi/tyro,stars,2026-03-27,993,github
https://github.com/brentyi/tyro,stars,2026-04-04,1003,github
https://github.com/brentyi/tyro,stars,2026-04-11,1014,github
https://github.com/brentyi/tyro,stars,2026-04-17,1019,github
https://github.com/brentyi/tyro,stars,2026-04-22,1024,github
https://github.com/brentyi/tyro,stars,2026-04-30,1031,github
https://github.com/brentyi/tyro,stars,2026-05-09,1037,github
https://github.com/brentyi/tyro,stars,2026-05-15,1043,github
https://github.com/brentyi/tyro,stars,2026-05-23,1048,github
https://github.com/brentyi/tyro,stars,2026-05-27,1050,github
https://github.com/brentyi/tyro,stars,2026-06-04,1057,github
https://github.com/brentyi/tyro,stars,2026-06-10,1059,github
https://github.com/brentyi/tyro,stars,2026-06-18,1064,github
https://github.com/brentyi/tyro,stars,2026-06-25,1067,github
https://github.com/brentyi/tyro,stars,2026-07-04,1070,github
https://github.com/brentyi/tyro,stars,2026-07-10,1074,github
https://github.com/brentyi/tyro,stars,2026-07-16,1080,github
https://github.com/brentyi/tyro,stars,2026-07-23,1084,github
https://github.com/brentyi/tyro,stars,2026-07-30,1090,github
https://github.com/brentyi/tyro,stars,2026-08-05,1094,github
https://github.com/brentyi/tyro,stars,2026-08-13,1097,github
https://github.com/brentyi/tyro,stars,2026-08-17,1098,sample
https://github.com/brentyi/tyro,stars,2026-08-18,1098,sample
https://github.com/brentyi/tyro,stars,2026-08-20,1099,github
https://github.com/brentyi/tyro,stars,2026-08-25,1100,sample
https://github.com/brentyi/tyro,stars,2026-08-29,1103,github
https://github.com/brentyi/tyro,stars,2026-09-01,1103,sample
https://github.com/brentyi/tyro,stars,2026-09-03,1106,github
https://github.com/brentyi/tyro,stars,2026-09-08,1106,sample
https://github.com/brentyi/tyro,stars,2026-09-09,1108,github
https://github.com/brentyi/tyro,stars,2026-09-14,1111,github
https://github.com/brentyi/tyro,stars,2026-09-15,1111,sample
https://github.com/brentyi/tyro,stars,2026-09-22,1112,sample
https://github.com/brentyi/tyro,stars,2026-09-26,1116,github
https://github.com/brentyi/tyro,stars,2026-09-28,1120,github
https://github.com/brentyi/tyro,stars,2026-09-29,1120,sample
https://github.com/clap-rs/clap,commit,2026-09-29,2026-09-27,sample
https://github.com/clap-rs/clap,release,2026-09-22,2026-09-15,sample
https://github.com/clap-rs/clap,release_source,2026-09-22,tag,sample
https://github.com/clap-rs/clap,stars,2015-02-25,0,created
https://github.com/clap-rs/clap,stars,2015-03-05,15,github
https://github.com/clap-rs/clap,stars,2015-03-11,19,github
https://github.com/clap-rs/clap,stars,2015-03-16,21,github
https://github.com/clap-rs/clap,stars,2015-03-28,24,github
https://github.com/clap-rs/clap,stars,2015-04-03,28,github
https://github.com/clap-rs/clap,stars,2015-04-07,30,github
https://github.com/clap-rs/clap,stars,2015-04-17,34,github
https://github.com/clap-rs/clap,stars,2015-04-25,36,github
https://github.com/clap-rs/clap,stars,2015-05-02,39,github
https://github.com/clap-rs/clap,stars,2015-05-08,45,github
https://github.com/clap-rs/clap,stars,2015-05-16,59,github
https://github.com/clap-rs/clap,stars,2015-05-23,64,github
https://github.com/clap-rs/clap,stars,2015-05-28,73,github
https://github.com/clap-rs/clap,stars,2015-06-06,76,github
https://github.com/clap-rs/clap,stars,2015-06-20,79,github
https://github.com/clap-rs/clap,stars,2015-06-23,82,github
https://github.com/clap-rs/clap,stars,2015-07-02,87,github
https://github.com/clap-rs/clap,stars,2015-07-09,89,github
https://github.com/clap-rs/clap,stars,2015-07-15,91,github
https://github.com/clap-rs/clap,stars,2015-07-25,97,github
https://github.com/clap-rs/clap,stars,2015-08-01,101,github
https://github.com/clap-rs/clap,stars,2015-08-08,103,github
https://github.com/clap-rs/clap,stars,2015-08-15,114,github
https://github.com/clap-rs/clap,stars,2015-08-20,124,github
https://github.com/clap-rs/clap,stars,2015-08-29,135,github
https://github.com/clap-rs/clap,stars,2015-09-04,154,github
https://github.com/clap-rs/clap,stars,2015-09-12,174,github
https://github.com/clap-rs/clap,stars,2015-09-19,207,github
https://github.com/clap-rs/clap,stars,2015-09-25,213,github
https://github.com/clap-rs/clap,stars,2015-10-03,228,github
https://github.com/clap-rs/clap,stars,2015-10-10,231,github
https://github.com/clap-rs/clap,stars,2015-10-16,237,github
https://github.com/clap-rs/clap,stars,2015-10-19,238,github
https://github.com/clap-rs/clap,stars,2015-10-30,246,github
https://github.com/clap-rs/clap,stars,2015-11-05,249,github
https://github.com/clap-rs/clap,stars,2015-11-14,256,github
https://github.com/clap-rs/clap,stars,2015-11-21,260,github
https://github.com/clap-rs/clap,stars,2015-11-27,263,github
https://github.com/clap-rs/clap,stars,2015-12-05,268,github
https://github.com/clap-rs/clap,stars,2015-12-11,270,github
https://github.com/clap-rs/clap,stars,2015-12-13,271,github
https://github.com/clap-rs/clap,stars,2015-12-23,272,github
https://github.com/clap-rs/clap,stars,2016-01-02,275,github
https://github.com/clap-rs/clap,stars,2016-01-08,282,github
https://github.com/clap-rs/clap,stars,2016-01-15,286,github
https://github.com/clap-rs/clap,stars,2016-01-21,290,github
https://github.com/clap-rs/clap,stars,2016-01-30,298,github
https://github.com/clap-rs/clap,stars,2016-02-05,315,github
https://github.com/clap-rs/clap,stars,2016-02-13,324,github
https://github.com/clap-rs/clap,stars,2016-02-20,331,github
https://github.com/clap-rs/clap,stars,2016-02-27,335,github
https://github.com/clap-rs/clap,stars,2016-03-03,340,github
https://github.com/clap-rs/clap,stars,2016-03-11,348,github
https://github.com/clap-rs/clap,stars,2016-03-17,351,github
https://github.com/clap-rs/clap,stars,2016-03-26,355,github
https://github.com/clap-rs/clap,stars,2016-04-01,376,github
https://github.com/clap-rs/clap,stars,2016-04-09,382,github
https://github.com/clap-rs/clap,stars,2016-04-15,385,github
https://github.com/clap-rs/clap,stars,2016-04-23,393,github
https://github.com/clap-rs/clap,stars,2016-04-30,397,github
https://github.com/clap-rs/clap,stars,2016-05-07,405,github
https://github.com/clap-rs/clap,stars,2016-05-14,410,github
https://github.com/clap-rs/clap,stars,2016-05-15,411,github
https://github.com/clap-rs/clap,stars,2016-05-27,418,github
https://github.com/clap-rs/clap,stars,2016-06-04,422,github
https://github.com/clap-rs/clap,stars,2016-06-11,426,github
https://github.com/clap-rs/clap,stars,2016-06-18,433,github
https://github.com/clap-rs/clap,stars,2016-06-24,441,github
https://github.com/clap-rs/clap,stars,2016-07-02,462,github
https://github.com/clap-rs/clap,stars,2016-07-08,478,github
https://github.com/clap-rs/clap,stars,2016-07-15,486,github
https://github.com/clap-rs/clap,stars,2016-07-23,492,github
https://github.com/clap-rs/clap,stars,2016-07-29,505,github
https://github.com/clap-rs/clap,stars,2016-08-06,521,github
https://github.com/clap-rs/clap,stars,2016-08-13,529,github
https://github.com/clap-rs/clap,stars,2016-08-19,538,github
https://github.com/clap-rs/clap,stars,2016-08-27,557,github
https://github.com/clap-rs/clap,stars,2016-09-03,563,github
https://github.com/clap-rs/clap,stars,2016-09-09,573,github
https://github.com/clap-rs/clap,stars,2016-09-16,577,github
https://github.com/clap-rs/clap,stars,2016-09-24,610,github
https://github.com/clap-rs/clap,stars,2016-09-30,621,github
https://github.com/clap-rs/clap,stars,2016-10-08,636,github
https://github.com/clap-rs/clap,stars,2016-10-15,644,github
https://github.com/clap-rs/clap,stars,2016-10-22,648,github
https://github.com/clap-rs/clap,stars,2016-10-29,656,github
https://github.com/clap-rs/clap,stars,2016-11-04,662,github
https://github.com/clap-rs/clap,stars,2016-11-12,668,github
https://github.com/clap-rs/clap,stars,2016-11-19,685,github
https://github.com/clap-rs/clap,stars,2016-11-22,698,github
https://github.com/clap-rs/clap,stars,2016-12-03,707,github
https://github.com/clap-rs/clap,stars,2016-12-09,717,github
https://github.com/clap-rs/clap,stars,2016-12-17,727,github
https://github.com/clap-rs/clap,stars,2016-12-24,737,github
https://github.com/clap-rs/clap,stars,2016-12-31,744,github
https://github.com/clap-rs/clap,stars,2017-01-07,757,github
https://github.com/clap-rs/clap,stars,2017-01-14,769,github
https://github.com/clap-rs/clap,stars,2017-01-21,778,github
https://github.com/clap-rs/clap,stars,2017-01-28,791,github
https://github.com/clap-rs/clap,stars,2017-02-03,796,github
https://github.com/clap-rs/clap,stars,2017-02-10,803,github
https://github.com/clap-rs/clap,stars,2017-02-18,819,github
https://github.com/clap-rs/clap,stars,2017-02-25,838,github
https://github.com/clap-rs/clap,stars,2017-03-03,848,github
https://github.com/clap-rs/clap,stars,2017-03-10,857,github
https://github.com/clap-rs/clap,stars,2017-03-18,875,github
https://github.com/clap-rs/clap,stars,2017-03-24,886,github
https://github.com/clap-rs/clap,stars,2017-03-31,895,github
https://github.com/clap-rs/clap,stars,2017-04-08,915,github
https://github.com/clap-rs/clap,stars,2017-04-14,923,github
https://github.com/clap-rs/clap,stars,2017-04-22,930,github
https://github.com/clap-rs/clap,stars,2017-04-29,940,github
https://github.com/clap-rs/clap,stars,2017-05-06,945,github
https://github.com/clap-rs/clap,stars,2017-05-13,957,github
https://github.com/clap-rs/clap,stars,2017-05-20,968,github
https://github.com/clap-rs/clap,stars,2017-05-26,979,github
https://github.com/clap-rs/clap,stars,2017-06-03,985,github
https://github.com/clap-rs/clap,stars,2017-06-10,1004,github
https://github.com/clap-rs/clap,stars,2017-06-17,1012,github
https://github.com/clap-rs/clap,stars,2017-06-24,1020,github
https://github.com/clap-rs/clap,stars,2017-07-01,1031,github
https://github.com/clap-rs/clap,stars,2017-07-08,1043,github
https://github.com/clap-rs/clap,stars,2017-07-15,1060,github
https://github.com/clap-rs/clap,stars,2017-07-22,1072,github
https://github.com/clap-rs/clap,stars,2017-07-28,1081,github
https://github.com/clap-rs/clap,stars,2017-08-05,1093,github
https://github.com/clap-rs/clap,stars,2017-08-12,1111,github
https://github.com/clap-rs/clap,stars,2017-08-19,1129,github
https://github.com/clap-rs/clap,stars,2017-08-26,1140,github
https://github.com/clap-rs/clap,stars,2017-09-02,1148,github
https://github.com/clap-rs/clap,stars,2017-09-09,1160,github
https://github.com/clap-rs/clap,stars,2017-09-15,1164,github
https://github.com/clap-rs/clap,stars,2017-09-23,1173,github
https://github.com/clap-rs/clap,stars,2017-09-29,1187,github
https://github.com/clap-rs/clap,stars,2017-10-07,1201,github
https://github.com/clap-rs/clap,stars,2017-10-14,1216,github
https://github.com/clap-rs/clap,stars,2017-10-21,1221,github
https://github.com/clap-rs/clap,stars,2017-10-28,1233,github
https://github.com/clap-rs/clap,stars,2017-11-04,1241,github
https://github.com/clap-rs/clap,stars,2017-11-11,1249,github
https://github.com/clap-rs/clap,stars,2017-11-18,1261,github
https://github.com/clap-rs/clap,stars,2017-11-25,1272,github
https://github.com/clap-rs/clap,stars,2017-12-02,1285,github
https://github.com/clap-rs/clap,stars,2017-12-08,1306,github
https://github.com/clap-rs/clap,stars,2017-12-16,1322,github
https://github.com/clap-rs/clap,stars,2017-12-23,1333,github
https://github.com/clap-rs/clap,stars,2017-12-30,1345,github
https://github.com/clap-rs/clap,stars,2018-01-06,1356,github
https://github.com/clap-rs/clap,stars,2018-01-13,1370,github
https://github.com/clap-rs/clap,stars,2018-01-20,1392,github
https://github.com/clap-rs/clap,stars,2018-01-26,1408,github
https://github.com/clap-rs/clap,stars,2018-02-03,1426,github
https://github.com/clap-rs/clap,stars,2018-02-10,1449,github
https://github.com/clap-rs/clap,stars,2018-02-17,1462,github
https://github.com/clap-rs/clap,stars,2018-02-24,1477,github
https://github.com/clap-rs/clap,stars,2018-03-02,1488,github
https://github.com/clap-rs/clap,stars,2018-03-10,1502,github
https://github.com/clap-rs/clap,stars,2018-03-17,1524,github
https://github.com/clap-rs/clap,stars,2018-03-23,1534,github
https://github.com/clap-rs/clap,stars,2018-03-31,1567,github
https://github.com/clap-rs/clap,stars,2018-04-07,1584,github
https://github.com/clap-rs/clap,stars,2018-04-14,1605,github
https://github.com/clap-rs/clap,stars,2018-04-21,1622,github
https://github.com/clap-rs/clap,stars,2018-04-28,1632,github
https://github.com/clap-rs/clap,stars,2018-05-05,1645,github
https://github.com/clap-rs/clap,stars,2018-05-11,1654,github
https://github.com/clap-rs/clap,stars,2018-05-19,1669,github
https://github.com/clap-rs/clap,stars,2018-05-26,1687,github
https://github.com/clap-rs/clap,stars,2018-06-02,1713,github
https://github.com/clap-rs/clap,stars,2018-06-08,1723,github
https://github.com/clap-rs/clap,stars,2018-06-16,1735,github
https://github.com/clap-rs/clap,stars,2018-06-23,1751,github
https://github.com/clap-rs/clap,stars,2018-06-29,1762,github
https://github.com/clap-rs/clap,stars,2018-07-07,1776,github
https://github.com/clap-rs/clap,stars,2018-07-14,1790,github
https://github.com/clap-rs/clap,stars,2018-07-21,1803,github
https://github.com/clap-rs/clap,stars,2018-07-28,1834,github
https://github.com/clap-rs/clap,stars,2018-08-04,1858,github
https://github.com/clap-rs/clap,stars,2018-08-11,1869,github
https://github.com/clap-rs/clap,stars,2018-08-18,1883,github
https://github.com/clap-rs/clap,stars,2018-08-25,1896,github
https://github.com/clap-rs/clap,stars,2018-09-01,1905,github
https://github.com/clap-rs/clap,stars,2018-09-02,2110,wayback
https://github.com/clap-rs/clap,stars,2018-09-08,1917,github
https://github.com/clap-rs/clap,stars,2018-09-15,1924,github
https://github.com/clap-rs/clap,stars,2018-09-22,1938,github
https://github.com/clap-rs/clap,stars,2018-09-29,1948,github
https://github.com/clap-rs/clap,stars,2018-10-06,1961,github
https://github.com/clap-rs/clap,stars,2018-10-13,1976,github
https://github.com/clap-rs/clap,stars,2018-10-20,1997,github
https://github.com/clap-rs/clap,stars,2018-10-25,2008,github
https://github.com/clap-rs/clap,stars,2018-11-03,2027,github
https://github.com/clap-rs/clap,stars,2018-11-10,2040,github
https://github.com/clap-rs/clap,stars,2018-11-17,2057,github
https://github.com/clap-rs/clap,stars,2018-11-23,2283,wayback
https://github.com/clap-rs/clap,stars,2018-11-24,2077,github
https://github.com/clap-rs/clap,stars,2018-12-01,2097,github
https://github.com/clap-rs/clap,stars,2018-12-05,2313,wayback
https://github.com/clap-rs/clap,stars,2018-12-08,2114,github
https://github.com/clap-rs/clap,stars,2018-12-15,2132,github
https://github.com/clap-rs/clap,stars,2018-12-22,2145,github
https://github.com/clap-rs/clap,stars,2018-12-29,2168,github
https://github.com/clap-rs/clap,stars,2019-01-05,2189,github
https://github.com/clap-rs/clap,stars,2019-01-06,2405,wayback
https://github.com/clap-rs/clap,stars,2019-01-12,2201,github
https://github.com/clap-rs/clap,stars,2019-01-19,2222,github
https://github.com/clap-rs/clap,stars,2019-01-26,2240,github
https://github.com/clap-rs/clap,stars,2019-02-02,2258,github
https://github.com/clap-rs/clap,stars,2019-02-09,2265,github
https://github.com/clap-rs/clap,stars,2019-02-16,2285,github
https://github.com/clap-rs/clap,stars,2019-02-23,2305,github
https://github.com/clap-rs/clap,stars,2019-03-02,2329,github
https://github.com/clap-rs/clap,stars,2019-03-09,2344,github
https://github.com/clap-rs/clap,stars,2019-03-16,2362,github
https://github.com/clap-rs/clap,stars,2019-03-23,2380,github
https://github.com/clap-rs/clap,stars,2019-03-30,2394,github
https://github.com/clap-rs/clap,stars,2019-04-06,2413,github
https://github.com/clap-rs/clap,stars,2019-04-13,2440,github
https://github.com/clap-rs/clap,stars,2019-04-20,2479,github
https://github.com/clap-rs/clap,stars,2019-04-25,2731,wayback
https://github.com/clap-rs/clap,stars,2019-04-27,2506,github
https://github.com/clap-rs/clap,stars,2019-05-04,2530,github
https://github.com/clap-rs/clap,stars,2019-05-11,2546,github
https://github.com/clap-rs/clap,stars,2019-05-17,2557,github
https://github.com/clap-rs/clap,stars,2019-05-25,2577,github
https://github.com/clap-rs/clap,stars,2019-05-31,2600,github
https://github.com/clap-rs/clap,stars,2019-06-05,2840,wayback
https://github.com/clap-rs/clap,stars,2019-06-07,2612,github
https://github.com/clap-rs/clap,stars,2019-06-15,2631,github
https://github.com/clap-rs/clap,stars,2019-06-22,2654,github
https://github.com/clap-rs/clap,stars,2019-06-29,2668,github
https://github.com/clap-rs/clap,stars,2019-07-01,2908,wayback
https://github.com/clap-rs/clap,stars,2019-07-06,2689,github
https://github.com/clap-rs/clap,stars,2019-07-12,2708,github
https://github.com/clap-rs/clap,stars,2019-07-20,2734,github
https://github.com/clap-rs/clap,stars,2019-07-27,2770,github
https://github.com/clap-rs/clap,stars,2019-08-02,2788,github
https://github.com/clap-rs/clap,stars,2019-08-10,2817,github
https://github.com/clap-rs/clap,stars,2019-08-16,2839,github
https://github.com/clap-rs/clap,stars,2019-08-24,2862,github
https://github.com/clap-rs/clap,stars,2019-08-28,3115,wayback
https://github.com/clap-rs/clap,stars,2019-08-31,2880,github
https://github.com/clap-rs/clap,stars,2019-09-02,3128,wayback
https://github.com/clap-rs/clap,stars,2019-09-07,2898,github
https://github.com/clap-rs/clap,stars,2019-09-14,2916,github
https://github.com/clap-rs/clap,stars,2019-09-21,2936,github
https://github.com/clap-rs/clap,stars,2019-09-28,2956,github
https://github.com/clap-rs/clap,stars,2019-10-05,2975,github
https://github.com/clap-rs/clap,stars,2019-10-12,3001,github
https://github.com/clap-rs/clap,stars,2019-10-19,3032,github
https://github.com/clap-rs/clap,stars,2019-10-26,3067,github
https://github.com/clap-rs/clap,stars,2019-11-02,3097,github
https://github.com/clap-rs/clap,stars,2019-11-09,3128,github
https://github.com/clap-rs/clap,stars,2019-11-16,3147,github
https://github.com/clap-rs/clap,stars,2019-11-23,3164,github
https://github.com/clap-rs/clap,stars,2019-11-30,3192,github
https://github.com/clap-rs/clap,stars,2019-12-07,3207,github
https://github.com/clap-rs/clap,stars,2019-12-13,3231,github
https://github.com/clap-rs/clap,stars,2019-12-21,3247,github
https://github.com/clap-rs/clap,stars,2019-12-24,3519,wayback
https://github.com/clap-rs/clap,stars,2019-12-28,3282,github
https://github.com/clap-rs/clap,stars,2020-01-04,3295,github
https://github.com/clap-rs/clap,stars,2020-01-11,3314,github
https://github.com/clap-rs/clap,stars,2020-01-18,3335,github
https://github.com/clap-rs/clap,stars,2020-01-25,3356,github
https://github.com/clap-rs/clap,stars,2020-02-01,3385,github
https://github.com/clap-rs/clap,stars,2020-02-08,3430,github
https://github.com/clap-rs/clap,stars,2020-02-15,3468,github
https://github.com/clap-rs/clap,stars,2020-02-22,3492,github
https://github.com/clap-rs/clap,stars,2020-02-28,3783,wayback
https://github.com/clap-rs/clap,stars,2020-02-29,3517,github
https://github.com/clap-rs/clap,stars,2020-03-07,3548,github
https://github.com/clap-rs/clap,stars,2020-03-14,3584,github
https://github.com/clap-rs/clap,stars,2020-03-21,3628,github
https://github.com/clap-rs/clap,stars,2020-03-28,3665,github
https://github.com/clap-rs/clap,stars,2020-04-04,3692,github
https://github.com/clap-rs/clap,stars,2020-04-11,3733,github
https://github.com/clap-rs/clap,stars,2020-04-18,3783,github
https://github.com/clap-rs/clap,stars,2020-04-25,3824,github
https://github.com/clap-rs/clap,stars,2020-05-02,3859,github
https://github.com/clap-rs/clap,stars,2020-05-09,3888,github
https://github.com/clap-rs/clap,stars,2020-05-16,3942,github
https://github.com/clap-rs/clap,stars,2020-05-23,3985,github
https://github.com/clap-rs/clap,stars,2020-05-30,4033,github
https://github.com/clap-rs/clap,stars,2020-06-06,4066,github
https://github.com/clap-rs/clap,stars,2020-06-13,4100,github
https://github.com/clap-rs/clap,stars,2020-06-20,4128,github
https://github.com/clap-rs/clap,stars,2020-06-27,4151,github
https://github.com/clap-rs/clap,stars,2020-07-04,4190,github
https://github.com/clap-rs/clap,stars,2020-07-11,4210,github
https://github.com/clap-rs/clap,stars,2020-07-18,4231,github
https://github.com/clap-rs/clap,stars,2020-07-25,4263,github
https://github.com/clap-rs/clap,stars,2020-07-30,4601,wayback
https://github.com/clap-rs/clap,stars,2020-08-01,4293,github
https://github.com/clap-rs/clap,stars,2020-08-08,4327,github
https://github.com/clap-rs/clap,stars,2020-08-15,4373,github
https://github.com/clap-rs/clap,stars,2020-08-20,4730,wayback
https://github.com/clap-rs/clap,stars,2020-08-22,4415,github
https://github.com/clap-rs/clap,stars,2020-08-29,4436,github
https://github.com/clap-rs/clap,stars,2020-09-05,4450,github
https://github.com/clap-rs/clap,stars,2020-09-12,4485,github
https://github.com/clap-rs/clap,stars,2020-09-16,4821,wayback
https://github.com/clap-rs/clap,stars,2020-09-19,4508,github
https://github.com/clap-rs/clap,stars,2020-09-26,4534,github
https://github.com/clap-rs/clap,stars,2020-10-03,4553,github
https://github.com/clap-rs/clap,stars,2020-10-10,4572,github
https://github.com/clap-rs/clap,stars,2020-10-17,4611,github
https://github.com/clap-rs/clap,stars,2020-10-24,4640,github
https://github.com/clap-rs/clap,stars,2020-10-25,4970,wayback
https://github.com/clap-rs/clap,stars,2020-10-31,4666,github
https://github.com/clap-rs/clap,stars,2020-11-01,4995,wayback
https://github.com/clap-rs/clap,stars,2020-11-07,4684,github
https://github.com/clap-rs/clap,stars,2020-11-14,4715,github
https://github.com/clap-rs/clap,stars,2020-11-21,4735,github
https://github.com/clap-rs/clap,stars,2020-11-28,4768,github
https://github.com/clap-rs/clap,stars,2020-12-05,4800,github
https://github.com/clap-rs/clap,stars,2020-12-09,5146,wayback
https://github.com/clap-rs/clap,stars,2020-12-12,4829,github
https://github.com/clap-rs/clap,stars,2020-12-19,4859,github
https://github.com/clap-rs/clap,stars,2020-12-26,4902,github
https://github.com/clap-rs/clap,stars,2021-01-02,4938,github
https://github.com/clap-rs/clap,stars,2021-01-09,4961,github
https://github.com/clap-rs/clap,stars,2021-01-14,5310,wayback
https://github.com/clap-rs/clap,stars,2021-01-16,4990,github
https://github.com/clap-rs/clap,stars,2021-01-23,5034,github
https://github.com/clap-rs/clap,stars,2021-01-30,5073,github
https://github.com/clap-rs/clap,stars,2021-02-06,5108,github
https://github.com/clap-rs/clap,stars,2021-02-13,5147,github
https://github.com/clap-rs/clap,stars,2021-02-14,5488,wayback
https://github.com/clap-rs/clap,stars,2021-02-19,5170,github
https://github.com/clap-rs/clap,stars,2021-02-27,5202,github
https://github.com/clap-rs/clap,stars,2021-03-06,5243,github
https://github.com/clap-rs/clap,stars,2021-03-12,5607,wayback
https://github.com/clap-rs/clap,stars,2021-03-13,5268,github
https://github.com/clap-rs/clap,stars,2021-03-20,5299,github
https://github.com/clap-rs/clap,stars,2021-03-27,5323,github
https://github.com/clap-rs/clap,stars,2021-04-03,5344,github
https://github.com/clap-rs/clap,stars,2021-04-10,5379,github
https://github.com/clap-rs/clap,stars,2021-04-11,5736,wayback
https://github.com/clap-rs/clap,stars,2021-04-17,5407,github
https://github.com/clap-rs/clap,stars,2021-04-24,5432,github
https://github.com/clap-rs/clap,stars,2021-05-01,5464,github
https://github.com/clap-rs/clap,stars,2021-05-04,5836,wayback
https://github.com/clap-rs/clap,stars,2021-05-08,5490,github
https://github.com/clap-rs/clap,stars,2021-05-15,5524,github
https://github.com/clap-rs/clap,stars,2021-05-22,5543,github
https://github.com/clap-rs/clap,stars,2021-05-29,5571,github
https://github.com/clap-rs/clap,stars,2021-06-02,5944,wayback
https://github.com/clap-rs/clap,stars,2021-06-05,5596,github
https://github.com/clap-rs/clap,stars,2021-06-12,5638,github
https://github.com/clap-rs/clap,stars,2021-06-19,5660,github
https://github.com/clap-rs/clap,stars,2021-06-26,5687,github
https://github.com/clap-rs/clap,stars,2021-07-03,5715,github
https://github.com/clap-rs/clap,stars,2021-07-04,6083,wayback
https://github.com/clap-rs/clap,stars,2021-07-10,5751,github
https://github.com/clap-rs/clap,stars,2021-07-17,5776,github
https://github.com/clap-rs/clap,stars,2021-07-24,5809,github
https://github.com/clap-rs/clap,stars,2021-07-31,5841,github
https://github.com/clap-rs/clap,stars,2021-08-01,6220,wayback
https://github.com/clap-rs/clap,stars,2021-08-07,5882,github
https://github.com/clap-rs/clap,stars,2021-08-14,5923,github
https://github.com/clap-rs/clap,stars,2021-08-21,5980,github
https://github.com/clap-rs/clap,stars,2021-08-28,6035,github
https://github.com/clap-rs/clap,stars,2021-09-04,6106,github
https://github.com/clap-rs/clap,stars,2021-09-07,6513,wayback
https://github.com/clap-rs/clap,stars,2021-09-11,6148,github
https://github.com/clap-rs/clap,stars,2021-09-18,6174,github
https://github.com/clap-rs/clap,stars,2021-09-25,6207,github
https://github.com/clap-rs/clap,stars,2021-10-02,6241,github
https://github.com/clap-rs/clap,stars,2021-10-06,6651,wayback
https://github.com/clap-rs/clap,stars,2021-10-09,6286,github
https://github.com/clap-rs/clap,stars,2021-10-16,6330,github
https://github.com/clap-rs/clap,stars,2021-10-23,6370,github
https://github.com/clap-rs/clap,stars,2021-10-30,6411,github
https://github.com/clap-rs/clap,stars,2021-11-06,6448,github
https://github.com/clap-rs/clap,stars,2021-11-13,6498,github
https://github.com/clap-rs/clap,stars,2021-11-20,6536,github
https://github.com/clap-rs/clap,stars,2021-11-23,6935,wayback
https://github.com/clap-rs/clap,stars,2021-11-27,6579,github
https://github.com/clap-rs/clap,stars,2021-12-04,6616,github
https://github.com/clap-rs/clap,stars,2021-12-11,6712,github
https://github.com/clap-rs/clap,stars,2021-12-13,7133,wayback
https://github.com/clap-rs/clap,stars,2021-12-18,6774,github
https://github.com/clap-rs/clap,stars,2021-12-25,6825,github
https://github.com/clap-rs/clap,stars,2022-01-01,6905,github
https://github.com/clap-rs/clap,stars,2022-01-08,7126,github
https://github.com/clap-rs/clap,stars,2022-01-15,7182,github
https://github.com/clap-rs/clap,stars,2022-01-22,7234,github
https://github.com/clap-rs/clap,stars,2022-01-29,7311,github
https://github.com/clap-rs/clap,stars,2022-02-02,7758,wayback
https://github.com/clap-rs/clap,stars,2022-02-05,7369,github
https://github.com/clap-rs/clap,stars,2022-02-12,7441,github
https://github.com/clap-rs/clap,stars,2022-02-19,7499,github
https://github.com/clap-rs/clap,stars,2022-02-26,7546,github
https://github.com/clap-rs/clap,stars,2022-03-04,8003,wayback
https://github.com/clap-rs/clap,stars,2022-03-05,7598,github
https://github.com/clap-rs/clap,stars,2022-03-12,7652,github
https://github.com/clap-rs/clap,stars,2022-03-19,7702,github
https://github.com/clap-rs/clap,stars,2022-03-26,7749,github
https://github.com/clap-rs/clap,stars,2022-04-02,7794,github
https://github.com/clap-rs/clap,stars,2022-04-03,8214,wayback
https://github.com/clap-rs/clap,stars,2022-04-09,7841,github
https://github.com/clap-rs/clap,stars,2022-04-16,7892,github
https://github.com/clap-rs/clap,stars,2022-04-23,7961,github
https://github.com/clap-rs/clap,stars,2022-04-30,8008,github
https://github.com/clap-rs/clap,stars,2022-05-01,8432,wayback
https://github.com/clap-rs/clap,stars,2022-05-07,8075,github
https://github.com/clap-rs/clap,stars,2022-05-14,8107,github
https://github.com/clap-rs/clap,stars,2022-05-21,8166,github
https://github.com/clap-rs/clap,stars,2022-05-28,8202,github
https://github.com/clap-rs/clap,stars,2022-06-04,8265,github
https://github.com/clap-rs/clap,stars,2022-06-11,8314,github
https://github.com/clap-rs/clap,stars,2022-06-18,8367,github
https://github.com/clap-rs/clap,stars,2022-06-25,8406,github
https://github.com/clap-rs/clap,stars,2022-07-02,8473,github
https://github.com/clap-rs/clap,stars,2022-07-09,8530,github
https://github.com/clap-rs/clap,stars,2022-07-16,8563,github
https://github.com/clap-rs/clap,stars,2022-07-23,8631,github
https://github.com/clap-rs/clap,stars,2022-07-28,9098,wayback
https://github.com/clap-rs/clap,stars,2022-07-30,8680,github
https://github.com/clap-rs/clap,stars,2022-08-06,8747,github
https://github.com/clap-rs/clap,stars,2022-08-13,8785,github
https://github.com/clap-rs/clap,stars,2022-08-20,8851,github
https://github.com/clap-rs/clap,stars,2022-08-27,8898,github
https://github.com/clap-rs/clap,stars,2022-09-03,8940,github
https://github.com/clap-rs/clap,stars,2022-09-10,8986,github
https://github.com/clap-rs/clap,stars,2022-09-17,9036,github
https://github.com/clap-rs/clap,stars,2022-09-24,9106,github
https://github.com/clap-rs/clap,stars,2022-10-01,9189,github
https://github.com/clap-rs/clap,stars,2022-10-08,9268,github
https://github.com/clap-rs/clap,stars,2022-10-15,9320,github
https://github.com/clap-rs/clap,stars,2022-10-22,9363,github
https://github.com/clap-rs/clap,stars,2022-10-29,9424,github
https://github.com/clap-rs/clap,stars,2022-11-01,9894,wayback
https://github.com/clap-rs/clap,stars,2022-11-05,9467,github
https://github.com/clap-rs/clap,stars,2022-11-12,9520,github
https://github.com/clap-rs/clap,stars,2022-11-19,9560,github
https://github.com/clap-rs/clap,stars,2022-11-26,9598,github
https://github.com/clap-rs/clap,stars,2022-12-03,9649,github
https://github.com/clap-rs/clap,stars,2022-12-10,9698,github
https://github.com/clap-rs/clap,stars,2022-12-17,9751,github
https://github.com/clap-rs/clap,stars,2022-12-24,9798,github
https://github.com/clap-rs/clap,stars,2022-12-31,9859,github
https://github.com/clap-rs/clap,stars,2023-01-04,10348,wayback
https://github.com/clap-rs/clap,stars,2023-01-07,9931,github
https://github.com/clap-rs/clap,stars,2023-01-14,9982,github
https://github.com/clap-rs/clap,stars,2023-01-21,10027,github
https://github.com/clap-rs/clap,stars,2023-01-28,10076,github
https://github.com/clap-rs/clap,stars,2023-02-04,10125,github
https://github.com/clap-rs/clap,stars,2023-02-11,10182,github
https://github.com/clap-rs/clap,stars,2023-02-18,10231,github
https://github.com/clap-rs/clap,stars,2023-02-25,10269,github
https://github.com/clap-rs/clap,stars,2023-03-04,10324,github
https://github.com/clap-rs/clap,stars,2023-03-11,10388,github
https://github.com/clap-rs/clap,stars,2023-03-18,10448,github
https://github.com/clap-rs/clap,stars,2023-03-25,10495,github
https://github.com/clap-rs/clap,stars,2023-04-01,10570,github
https://github.com/clap-rs/clap,stars,2023-04-08,10614,github
https://github.com/clap-rs/clap,stars,2023-04-15,10651,github
https://github.com/clap-rs/clap,stars,2023-04-22,10700,github
https://github.com/clap-rs/clap,stars,2023-04-24,11175,wayback
https://github.com/clap-rs/clap,stars,2023-04-29,10727,github
https://github.com/clap-rs/clap,stars,2023-05-06,10754,github
https://github.com/clap-rs/clap,stars,2023-05-09,11227,wayback
https://github.com/clap-rs/clap,stars,2023-05-13,10811,github
https://github.com/clap-rs/clap,stars,2023-05-20,10849,github
https://github.com/clap-rs/clap,stars,2023-05-27,10906,github
https://github.com/clap-rs/clap,stars,2023-06-03,10937,github
https://github.com/clap-rs/clap,stars,2023-06-04,11395,wayback
https://github.com/clap-rs/clap,stars,2023-06-10,11003,github
https://github.com/clap-rs/clap,stars,2023-06-17,11044,github
https://github.com/clap-rs/clap,stars,2023-06-24,11087,github
https://github.com/clap-rs/clap,stars,2023-07-01,11125,github
https://github.com/clap-rs/clap,stars,2023-07-08,11175,github
https://github.com/clap-rs/clap,stars,2023-07-15,11197,github
https://github.com/clap-rs/clap,stars,2023-07-22,11240,github
https://github.com/clap-rs/clap,stars,2023-07-29,11269,github
https://github.com/clap-rs/clap,stars,2023-08-05,11321,github
https://github.com/clap-rs/clap,stars,2023-08-12,11354,github
https://github.com/clap-rs/clap,stars,2023-08-19,11395,github
https://github.com/clap-rs/clap,stars,2023-08-26,11429,github
https://github.com/clap-rs/clap,stars,2023-09-02,11474,github
https://github.com/clap-rs/clap,stars,2023-09-09,11503,github
https://github.com/clap-rs/clap,stars,2023-09-16,11560,github
https://github.com/clap-rs/clap,stars,2023-09-23,11590,github
https://github.com/clap-rs/clap,stars,2023-09-30,11635,github
https://github.com/clap-rs/clap,stars,2023-10-07,11671,github
https://github.com/clap-rs/clap,stars,2023-10-14,11721,github
https://github.com/clap-rs/clap,stars,2023-10-21,11762,github
https://github.com/clap-rs/clap,stars,2023-10-28,11796,github
https://github.com/clap-rs/clap,stars,2023-11-04,11819,github
https://github.com/clap-rs/clap,stars,2023-11-11,11856,github
https://github.com/clap-rs/clap,stars,2023-11-18,11898,github
https://github.com/clap-rs/clap,stars,2023-11-25,11934,github
https://github.com/clap-rs/clap,stars,2023-12-02,11962,github
https://github.com/clap-rs/clap,stars,2023-12-09,12004,github
https://github.com/clap-rs/clap,stars,2023-12-16,12050,github
https://github.com/clap-rs/clap,stars,2023-12-23,12094,github
https://github.com/clap-rs/clap,stars,2023-12-30,12182,github
https://github.com/clap-rs/clap,stars,2024-01-06,12232,github
https://github.com/clap-rs/clap,stars,2024-01-08,12610,wayback
https://github.com/clap-rs/clap,stars,2024-01-13,12287,github
https://github.com/clap-rs/clap,stars,2024-01-20,12333,github
https://github.com/clap-rs/clap,stars,2024-01-27,12384,github
https://github.com/clap-rs/clap,stars,2024-02-03,12436,github
https://github.com/clap-rs/clap,stars,2024-02-10,12479,github
https://github.com/clap-rs/clap,stars,2024-02-11,12844,wayback
https://github.com/clap-rs/clap,stars,2024-02-17,12536,github
https://github.com/clap-rs/clap,stars,2024-02-24,12581,github
https://github.com/clap-rs/clap,stars,2024-03-02,12617,github
https://github.com/clap-rs/clap,stars,2024-03-09,12678,github
https://github.com/clap-rs/clap,stars,2024-03-16,12704,github
https://github.com/clap-rs/clap,stars,2024-03-23,12737,github
https://github.com/clap-rs/clap,stars,2024-03-30,12770,github
https://github.com/clap-rs/clap,stars,2024-04-06,12814,github
https://github.com/clap-rs/clap,stars,2024-04-13,12851,github
https://github.com/clap-rs/clap,stars,2024-04-20,12907,github
https://github.com/clap-rs/clap,stars,2024-04-27,12946,github
https://github.com/clap-rs/clap,stars,2024-05-04,12988,github
https://github.com/clap-rs/clap,stars,2024-05-11,13029,github
https://github.com/clap-rs/clap,stars,2024-05-18,13061,github
https://github.com/clap-rs/clap,stars,2024-05-25,13099,github
https://github.com/clap-rs/clap,stars,2024-06-01,13132,github
https://github.com/clap-rs/clap,stars,2024-06-02,13482,wayback
https://github.com/clap-rs/clap,stars,2024-06-08,13170,github
https://github.com/clap-rs/clap,stars,2024-06-15,13203,github
https://github.com/clap-rs/clap,stars,2024-06-22,13243,github
https://github.com/clap-rs/clap,stars,2024-06-29,13276,github
https://github.com/clap-rs/clap,stars,2024-07-06,13317,github
https://github.com/clap-rs/clap,stars,2024-07-13,13347,github
https://github.com/clap-rs/clap,stars,2024-07-20,13399,github
https://github.com/clap-rs/clap,stars,2024-07-27,13443,github
https://github.com/clap-rs/clap,stars,2024-08-03,13477,github
https://github.com/clap-rs/clap,stars,2024-08-07,13826,wayback
https://github.com/clap-rs/clap,stars,2024-08-10,13519,github
https://github.com/clap-rs/clap,stars,2024-08-17,13561,github
https://github.com/clap-rs/clap,stars,2024-08-24,13590,github
https://github.com/clap-rs/clap,stars,2024-08-31,13632,github
https://github.com/clap-rs/clap,stars,2024-09-07,13665,github
https://github.com/clap-rs/clap,stars,2024-09-14,13708,github
https://github.com/clap-rs/clap,stars,2024-09-21,13756,github
https://github.com/clap-rs/clap,stars,2024-09-28,13805,github
https://github.com/clap-rs/clap,stars,2024-10-05,13838,github
https://github.com/clap-rs/clap,stars,2024-10-12,13863,github
https://github.com/clap-rs/clap,stars,2024-10-19,13901,github
https://github.com/clap-rs/clap,stars,2024-10-26,13935,github
https://github.com/clap-rs/clap,stars,2024-11-02,13958,github
https://github.com/clap-rs/clap,stars,2024-11-09,13997,github
https://github.com/clap-rs/clap,stars,2024-11-16,14027,github
https://github.com/clap-rs/clap,stars,2024-11-23,14050,github
https://github.com/clap-rs/clap,stars,2024-11-30,14111,github
https://github.com/clap-rs/clap,stars,2024-12-07,14149,github
https://github.com/clap-rs/clap,stars,2024-12-14,14181,github
https://github.com/clap-rs/clap,stars,2024-12-21,14208,github
https://github.com/clap-rs/clap,stars,2024-12-28,14243,github
https://github.com/clap-rs/clap,stars,2025-01-02,14543,wayback
https://github.com/clap-rs/clap,stars,2025-01-04,14281,github
https://github.com/clap-rs/clap,stars,2025-01-11,14325,github
https://github.com/clap-rs/clap,stars,2025-01-18,14353,github
https://github.com/clap-rs/clap,stars,2025-01-25,14380,github
https://github.com/clap-rs/clap,stars,2025-02-01,14409,github
https://github.com/clap-rs/clap,stars,2025-02-08,14440,github
https://github.com/clap-rs/clap,stars,2025-02-15,14460,github
https://github.com/clap-rs/clap,stars,2025-02-22,14490,github
https://github.com/clap-rs/clap,stars,2025-03-01,14517,github
https://github.com/clap-rs/clap,stars,2025-03-08,14539,github
https://github.com/clap-rs/clap,stars,2025-03-15,14574,github
https://github.com/clap-rs/clap,stars,2025-03-22,14610,github
https://github.com/clap-rs/clap,stars,2025-03-29,14637,github
https://github.com/clap-rs/clap,stars,2025-04-05,14666,github
https://github.com/clap-rs/clap,stars,2025-04-12,14687,github
https://github.com/clap-rs/clap,stars,2025-04-19,14715,github
https://github.com/clap-rs/clap,stars,2025-04-26,14736,github
https://github.com/clap-rs/clap,stars,2025-05-01,14973,wayback
https://github.com/clap-rs/clap,stars,2025-05-03,14767,github
https://github.com/clap-rs/clap,stars,2025-05-10,14798,github
https://github.com/clap-rs/clap,stars,2025-05-17,14831,github
https://github.com/clap-rs/clap,stars,2025-05-24,14858,github
https://github.com/clap-rs/clap,stars,2025-05-31,14889,github
https://github.com/clap-rs/clap,stars,2025-06-07,14910,github
https://github.com/clap-rs/clap,stars,2025-06-14,14937,github
https://github.com/clap-rs/clap,stars,2025-06-21,14969,github
https://github.com/clap-rs/clap,stars,2025-06-28,14999,github
https://github.com/clap-rs/clap,stars,2025-07-05,15043,github
https://github.com/clap-rs/clap,stars,2025-07-12,15073,github
https://github.com/clap-rs/clap,stars,2025-07-19,15102,github
https://github.com/clap-rs/clap,stars,2025-07-26,15122,github
https://github.com/clap-rs/clap,stars,2025-08-02,15156,github
https://github.com/clap-rs/clap,stars,2025-08-09,15180,github
https://github.com/clap-rs/clap,stars,2025-08-16,15201,github
https://github.com/clap-rs/clap,stars,2025-08-23,15224,github
https://github.com/clap-rs/clap,stars,2025-08-30,15251,github
https://github.com/clap-rs/clap,stars,2025-09-06,15279,github
https://github.com/clap-rs/clap,stars,2025-09-13,15305,github
https://github.com/clap-rs/clap,stars,2025-09-20,15338,github
https://github.com/clap-rs/clap,stars,2025-09-27,15355,github
https://github.com/clap-rs/clap,stars,2025-10-04,15373,github
https://github.com/clap-rs/clap,stars,2025-10-11,15400,github
https://github.com/clap-rs/clap,stars,2025-10-18,15434,github
https://github.com/clap-rs/clap,stars,2025-10-25,15467,github
https://github.com/clap-rs/clap,stars,2025-11-01,15513,github
https://github.com/clap-rs/clap,stars,2025-11-08,15536,github
https://github.com/clap-rs/clap,stars,2025-11-15,15558,github
https://github.com/clap-rs/clap,stars,2025-11-22,15570,github
https://github.com/clap-rs/clap,stars,2025-11-29,15597,github
https://github.com/clap-rs/clap,stars,2025-12-01,15767,wayback
https://github.com/clap-rs/clap,stars,2025-12-06,15636,github
https://github.com/clap-rs/clap,stars,2025-12-13,15669,github
https://github.com/clap-rs/clap,stars,2025-12-20,15697,github
https://github.com/clap-rs/clap,stars,2025-12-27,15726,github
https://github.com/clap-rs/clap,stars,2026-01-03,15764,github
https://github.com/clap-rs/clap,stars,2026-01-10,15790,github
https://github.com/clap-rs/clap,stars,2026-01-14,15962,wayback
https://github.com/clap-rs/clap,stars,2026-01-17,15818,github
https://github.com/clap-rs/clap,stars,2026-01-24,15835,github
https://github.com/clap-rs/clap,stars,2026-01-31,15870,github
https://github.com/clap-rs/clap,stars,2026-02-01,16024,wayback
https://github.com/clap-rs/clap,stars,2026-02-07,15900,github
https://github.com/clap-rs/clap,stars,2026-02-14,15921,github
https://github.com/clap-rs/clap,stars,2026-02-21,15979,github
https://github.com/clap-rs/clap,stars,2026-02-28,16008,github
https://github.com/clap-rs/clap,stars,2026-03-02,16228,wayback
https://github.com/clap-rs/clap,stars,2026-03-07,16027,github
https://github.com/clap-rs/clap,stars,2026-03-14,16050,github
https://github.com/clap-rs/clap,stars,2026-03-21,16075,github
https://github.com/clap-rs/clap,stars,2026-03-27,16100,github
https://github.com/clap-rs/clap,stars,2026-04-04,16123,github
https://github.com/clap-rs/clap,stars,2026-04-11,16153,github
https://github.com/clap-rs/clap,stars,2026-04-18,16191,github
https://github.com/clap-rs/clap,stars,2026-04-25,16214,github
https://github.com/clap-rs/clap,stars,2026-05-02,16234,github
https://github.com/clap-rs/clap,stars,2026-05-09,16258,github
https://github.com/clap-rs/clap,stars,2026-05-16,16284,github
https://github.com/clap-rs/clap,stars,2026-05-23,16307,github
https://github.com/clap-rs/clap,stars,2026-05-30,16340,github
https://github.com/clap-rs/clap,stars,2026-06-06,16384,github
https://github.com/clap-rs/clap,stars,2026-06-13,16411,github
https://github.com/clap-rs/clap,stars,2026-06-20,16440,github
https://github.com/clap-rs/clap,stars,2026-06-27,16463,github
https://github.com/clap-rs/clap,stars,2026-07-04,16485,github
https://github.com/clap-rs/clap,stars,2026-07-11,16508,github
https://github.com/clap-rs/clap,stars,2026-07-18,16530,github
https://github.com/clap-rs/clap,stars,2026-07-25,16545,github
https://github.com/clap-rs/clap,stars,2026-08-01,16563,github
https://github.com/clap-rs/clap,stars,2026-08-08,16588,github
https://github.com/clap-rs/clap,stars,2026-08-11,16623,wayback
https://github.com/clap-rs/clap,stars,2026-08-15,16605,github
https://github.com/clap-rs/clap,stars,2026-08-17,16640,sample
https://github.com/clap-rs/clap,stars,2026-08-18,16641,sample
https://github.com/clap-rs/clap,stars,2026-08-22,16627,github
https://github.com/clap-rs/clap,stars,2026-08-25,16660,sample
https://github.com/clap-rs/clap,stars,2026-08-29,16652,github
https://github.com/clap-rs/clap,stars,2026-09-01,16681,sample
https://github.com/clap-rs/clap,stars,2026-09-05,16666,github
https://github.com/clap-rs/clap,stars,2026-09-08,16692,sample
https://github.com/clap-rs/clap,stars,2026-09-12,16691,github
https://github.com/clap-rs/clap,stars,2026-09-15,16707,sample
https://github.com/clap-rs/clap,stars,2026-09-19,16708,github
https://github.com/clap-rs/clap,stars,2026-09-26,16725,github
https://github.com/clap-rs/clap,stars,2026-09-28,16730,github
https://github.com/clap-rs/clap,stars,2026-09-29,16731,sample
https://github.com/datafolklabs/cement,commit,2026-09-15,2026-09-12,sample
https://github.com/datafolklabs/cement,release,2026-08-17,2026-07-13,sample
https://github.com/datafolklabs/cement,release_source,2026-08-17,release,sample
https://github.com/datafolklabs/cement,stars,2009-12-04,83,github
https://github.com/datafolklabs/cement,stars,2009-12-05,0,created
https://github.com/datafolklabs/cement,stars,2009-12-17,85,github
https://github.com/datafolklabs/cement,stars,2009-12-22,86,github
https://github.com/datafolklabs/cement,stars,2009-12-29,87,github
https://github.com/datafolklabs/cement,stars,2010-01-08,88,github
https://github.com/datafolklabs/cement,stars,2010-01-17,89,github
https://github.com/datafolklabs/cement,stars,2010-01-30,90,github
https://github.com/datafolklabs/cement,stars,2010-02-10,91,github
https://github.com/datafolklabs/cement,stars,2010-02-22,92,github
https://github.com/datafolklabs/cement,stars,2010-03-12,94,github
https://github.com/datafolklabs/cement,stars,2010-03-27,96,github
https://github.com/datafolklabs/cement,stars,2010-04-02,97,github
https://github.com/datafolklabs/cement,stars,2010-04-04,99,github
https://github.com/datafolklabs/cement,stars,2010-04-14,101,github
https://github.com/datafolklabs/cement,stars,2010-04-20,102,github
https://github.com/datafolklabs/cement,stars,2010-05-07,104,github
https://github.com/datafolklabs/cement,stars,2010-06-19,106,github
https://github.com/datafolklabs/cement,stars,2010-07-02,107,github
https://github.com/datafolklabs/cement,stars,2010-07-17,110,github
https://github.com/datafolklabs/cement,stars,2010-07-31,111,github
https://github.com/datafolklabs/cement,stars,2010-08-09,112,github
https://github.com/datafolklabs/cement,stars,2010-08-31,114,github
https://github.com/datafolklabs/cement,stars,2010-09-10,115,github
https://github.com/datafolklabs/cement,stars,2010-09-18,117,github
https://github.com/datafolklabs/cement,stars,2010-09-22,119,github
https://github.com/datafolklabs/cement,stars,2010-09-30,120,github
https://github.com/datafolklabs/cement,stars,2010-10-22,123,github
https://github.com/datafolklabs/cement,stars,2010-10-27,125,github
https://github.com/datafolklabs/cement,stars,2010-11-04,126,github
https://github.com/datafolklabs/cement,stars,2010-11-19,128,github
https://github.com/datafolklabs/cement,stars,2010-11-22,129,github
https://github.com/datafolklabs/cement,stars,2010-12-04,133,github
https://github.com/datafolklabs/cement,stars,2010-12-09,135,github
https://github.com/datafolklabs/cement,stars,2010-12-18,136,github
https://github.com/datafolklabs/cement,stars,2011-01-05,137,github
https://github.com/datafolklabs/cement,stars,2011-01-21,138,github
https://github.com/datafolklabs/cement,stars,2011-02-18,141,github
https://github.com/datafolklabs/cement,stars,2011-02-23,142,github
https://github.com/datafolklabs/cement,stars,2011-03-12,143,github
https://github.com/datafolklabs/cement,stars,2011-04-15,146,github
https://github.com/datafolklabs/cement,stars,2011-04-22,147,github
https://github.com/datafolklabs/cement,stars,2011-04-24,148,github
https://github.com/datafolklabs/cement,stars,2011-05-04,149,github
https://github.com/datafolklabs/cement,stars,2011-05-24,150,github
https://github.com/datafolklabs/cement,stars,2011-06-30,152,github
https://github.com/datafolklabs/cement,stars,2011-07-08,154,github
https://github.com/datafolklabs/cement,stars,2011-07-18,155,github
https://github.com/datafolklabs/cement,stars,2011-07-29,156,github
https://github.com/datafolklabs/cement,stars,2011-08-09,157,github
https://github.com/datafolklabs/cement,stars,2011-08-17,158,github
https://github.com/datafolklabs/cement,stars,2011-08-27,159,github
https://github.com/datafolklabs/cement,stars,2011-09-20,160,github
https://github.com/datafolklabs/cement,stars,2011-10-11,161,github
https://github.com/datafolklabs/cement,stars,2011-10-20,162,github
https://github.com/datafolklabs/cement,stars,2011-10-28,165,github
https://github.com/datafolklabs/cement,stars,2011-11-15,166,github
https://github.com/datafolklabs/cement,stars,2011-11-24,167,github
https://github.com/datafolklabs/cement,stars,2011-12-10,168,github
https://github.com/datafolklabs/cement,stars,2012-01-11,169,github
https://github.com/datafolklabs/cement,stars,2012-01-26,170,github
https://github.com/datafolklabs/cement,stars,2012-02-01,171,github
https://github.com/datafolklabs/cement,stars,2012-02-13,172,github
https://github.com/datafolklabs/cement,stars,2012-03-08,173,github
https://github.com/datafolklabs/cement,stars,2012-05-21,174,github
https://github.com/datafolklabs/cement,stars,2012-09-05,176,github
https://github.com/datafolklabs/cement,stars,2013-02-21,177,github
https://github.com/datafolklabs/cement,stars,2013-03-08,179,github
https://github.com/datafolklabs/cement,stars,2013-03-14,181,github
https://github.com/datafolklabs/cement,stars,2013-03-22,184,github
https://github.com/datafolklabs/cement,stars,2013-04-04,192,github
https://github.com/datafolklabs/cement,stars,2013-04-13,194,github
https://github.com/datafolklabs/cement,stars,2013-04-19,196,github
https://github.com/datafolklabs/cement,stars,2013-04-23,197,github
https://github.com/datafolklabs/cement,stars,2013-05-13,199,github
https://github.com/datafolklabs/cement,stars,2013-05-21,201,github
https://github.com/datafolklabs/cement,stars,2013-05-31,202,github
https://github.com/datafolklabs/cement,stars,2013-06-20,206,github
https://github.com/datafolklabs/cement,stars,2013-07-08,207,github
https://github.com/datafolklabs/cement,stars,2013-07-17,208,github
https://github.com/datafolklabs/cement,stars,2013-08-10,209,github
https://github.com/datafolklabs/cement,stars,2013-08-16,212,github
https://github.com/datafolklabs/cement,stars,2013-08-21,213,github
https://github.com/datafolklabs/cement,stars,2013-10-07,214,github
https://github.com/datafolklabs/cement,stars,2013-10-17,215,github
https://github.com/datafolklabs/cement,stars,2013-11-09,217,github
https://github.com/datafolklabs/cement,stars,2013-11-12,218,github
https://github.com/datafolklabs/cement,stars,2013-11-18,219,github
https://github.com/datafolklabs/cement,stars,2013-11-27,221,github
https://github.com/datafolklabs/cement,stars,2013-12-02,222,github
https://github.com/datafolklabs/cement,stars,2013-12-23,223,github
https://github.com/datafolklabs/cement,stars,2014-01-09,224,github
https://github.com/datafolklabs/cement,stars,2014-01-25,226,github
https://github.com/datafolklabs/cement,stars,2014-02-07,227,github
https://github.com/datafolklabs/cement,stars,2014-02-14,233,github
https://github.com/datafolklabs/cement,stars,2014-02-20,235,github
https://github.com/datafolklabs/cement,stars,2014-02-27,238,github
https://github.com/datafolklabs/cement,stars,2014-03-04,239,github
https://github.com/datafolklabs/cement,stars,2014-03-20,241,github
https://github.com/datafolklabs/cement,stars,2014-04-18,244,github
https://github.com/datafolklabs/cement,stars,2014-04-26,248,github
https://github.com/datafolklabs/cement,stars,2014-05-03,251,github
https://github.com/datafolklabs/cement,stars,2014-05-07,254,github
https://github.com/datafolklabs/cement,stars,2014-05-13,255,github
https://github.com/datafolklabs/cement,stars,2014-05-24,257,github
https://github.com/datafolklabs/cement,stars,2014-06-05,258,github
https://github.com/datafolklabs/cement,stars,2014-06-13,261,github
https://github.com/datafolklabs/cement,stars,2014-07-17,262,github
https://github.com/datafolklabs/cement,stars,2014-07-23,264,github
https://github.com/datafolklabs/cement,stars,2014-08-08,268,github
https://github.com/datafolklabs/cement,stars,2014-08-19,269,github
https://github.com/datafolklabs/cement,stars,2014-08-25,271,github
https://github.com/datafolklabs/cement,stars,2014-09-04,273,github
https://github.com/datafolklabs/cement,stars,2014-09-12,276,github
https://github.com/datafolklabs/cement,stars,2014-09-18,278,github
https://github.com/datafolklabs/cement,stars,2014-09-27,288,github
https://github.com/datafolklabs/cement,stars,2014-10-02,292,github
https://github.com/datafolklabs/cement,stars,2014-10-09,294,github
https://github.com/datafolklabs/cement,stars,2014-10-18,299,github
https://github.com/datafolklabs/cement,stars,2014-10-23,302,github
https://github.com/datafolklabs/cement,stars,2014-11-01,304,github
https://github.com/datafolklabs/cement,stars,2014-11-03,305,github
https://github.com/datafolklabs/cement,stars,2014-11-15,307,github
https://github.com/datafolklabs/cement,stars,2014-11-19,309,github
https://github.com/datafolklabs/cement,stars,2014-11-28,312,github
https://github.com/datafolklabs/cement,stars,2014-12-02,313,github
https://github.com/datafolklabs/cement,stars,2014-12-13,317,github
https://github.com/datafolklabs/cement,stars,2014-12-14,318,github
https://github.com/datafolklabs/cement,stars,2014-12-23,319,github
https://github.com/datafolklabs/cement,stars,2015-01-19,320,github
https://github.com/datafolklabs/cement,stars,2015-01-25,321,github
https://github.com/datafolklabs/cement,stars,2015-02-19,322,github
https://github.com/datafolklabs/cement,stars,2015-02-28,323,github
https://github.com/datafolklabs/cement,stars,2015-03-05,326,github
https://github.com/datafolklabs/cement,stars,2015-03-13,327,github
https://github.com/datafolklabs/cement,stars,2015-03-27,328,github
https://github.com/datafolklabs/cement,stars,2015-04-07,329,github
https://github.com/datafolklabs/cement,stars,2015-04-16,331,github
https://github.com/datafolklabs/cement,stars,2015-05-15,333,github
https://github.com/datafolklabs/cement,stars,2015-05-23,335,github
https://github.com/datafolklabs/cement,stars,2015-05-26,336,github
https://github.com/datafolklabs/cement,stars,2015-05-31,337,github
https://github.com/datafolklabs/cement,stars,2015-06-10,338,github
https://github.com/datafolklabs/cement,stars,2015-06-18,340,github
https://github.com/datafolklabs/cement,stars,2015-06-23,341,github
https://github.com/datafolklabs/cement,stars,2015-07-03,344,github
https://github.com/datafolklabs/cement,stars,2015-07-10,347,github
https://github.com/datafolklabs/cement,stars,2015-07-15,348,github
https://github.com/datafolklabs/cement,stars,2015-07-21,349,github
https://github.com/datafolklabs/cement,stars,2015-07-31,350,github
https://github.com/datafolklabs/cement,stars,2015-08-07,351,github
https://github.com/datafolklabs/cement,stars,2015-08-14,353,github
https://github.com/datafolklabs/cement,stars,2015-08-17,401,wayback
https://github.com/datafolklabs/cement,stars,2015-08-21,356,github
https://github.com/datafolklabs/cement,stars,2015-09-01,357,github
https://github.com/datafolklabs/cement,stars,2015-09-12,360,github
https://github.com/datafolklabs/cement,stars,2015-09-24,362,github
https://github.com/datafolklabs/cement,stars,2015-10-02,364,github
https://github.com/datafolklabs/cement,stars,2015-10-10,367,github
https://github.com/datafolklabs/cement,stars,2015-10-16,369,github
https://github.com/datafolklabs/cement,stars,2015-10-31,371,github
https://github.com/datafolklabs/cement,stars,2015-11-05,372,github
https://github.com/datafolklabs/cement,stars,2015-11-13,373,github
https://github.com/datafolklabs/cement,stars,2015-11-26,376,github
https://github.com/datafolklabs/cement,stars,2015-12-05,406,github
https://github.com/datafolklabs/cement,stars,2015-12-12,409,github
https://github.com/datafolklabs/cement,stars,2015-12-21,411,github
https://github.com/datafolklabs/cement,stars,2016-01-11,412,github
https://github.com/datafolklabs/cement,stars,2016-01-22,414,github
https://github.com/datafolklabs/cement,stars,2016-01-29,417,github
https://github.com/datafolklabs/cement,stars,2016-02-10,418,github
https://github.com/datafolklabs/cement,stars,2016-02-17,422,github
https://github.com/datafolklabs/cement,stars,2016-02-25,424,github
https://github.com/datafolklabs/cement,stars,2016-03-01,427,github
https://github.com/datafolklabs/cement,stars,2016-03-09,429,github
https://github.com/datafolklabs/cement,stars,2016-03-19,432,github
https://github.com/datafolklabs/cement,stars,2016-03-20,433,github
https://github.com/datafolklabs/cement,stars,2016-03-31,434,github
https://github.com/datafolklabs/cement,stars,2016-04-07,435,github
https://github.com/datafolklabs/cement,stars,2016-04-12,436,github
https://github.com/datafolklabs/cement,stars,2016-04-23,441,github
https://github.com/datafolklabs/cement,stars,2016-04-28,444,github
https://github.com/datafolklabs/cement,stars,2016-05-02,446,github
https://github.com/datafolklabs/cement,stars,2016-05-10,447,github
https://github.com/datafolklabs/cement,stars,2016-05-19,448,github
https://github.com/datafolklabs/cement,stars,2016-05-24,449,github
https://github.com/datafolklabs/cement,stars,2016-06-03,452,github
https://github.com/datafolklabs/cement,stars,2016-06-11,457,github
https://github.com/datafolklabs/cement,stars,2016-06-23,460,github
https://github.com/datafolklabs/cement,stars,2016-07-01,461,github
https://github.com/datafolklabs/cement,stars,2016-07-09,465,github
https://github.com/datafolklabs/cement,stars,2016-07-22,467,github
https://github.com/datafolklabs/cement,stars,2016-07-26,469,github
https://github.com/datafolklabs/cement,stars,2016-08-05,472,github
https://github.com/datafolklabs/cement,stars,2016-08-11,475,github
https://github.com/datafolklabs/cement,stars,2016-09-03,476,github
https://github.com/datafolklabs/cement,stars,2016-09-07,477,github
https://github.com/datafolklabs/cement,stars,2016-09-30,480,github
https://github.com/datafolklabs/cement,stars,2016-10-04,481,github
https://github.com/datafolklabs/cement,stars,2016-10-13,486,github
https://github.com/datafolklabs/cement,stars,2016-10-21,489,github
https://github.com/datafolklabs/cement,stars,2016-10-26,490,github
https://github.com/datafolklabs/cement,stars,2016-11-03,491,github
https://github.com/datafolklabs/cement,stars,2016-11-18,492,github
https://github.com/datafolklabs/cement,stars,2016-11-21,493,github
https://github.com/datafolklabs/cement,stars,2016-12-01,498,github
https://github.com/datafolklabs/cement,stars,2016-12-14,500,github
https://github.com/datafolklabs/cement,stars,2016-12-18,501,github
https://github.com/datafolklabs/cement,stars,2016-12-31,502,github
https://github.com/datafolklabs/cement,stars,2017-01-04,503,github
https://github.com/datafolklabs/cement,stars,2017-01-12,505,github
https://github.com/datafolklabs/cement,stars,2017-01-27,509,github
https://github.com/datafolklabs/cement,stars,2017-02-04,511,github
https://github.com/datafolklabs/cement,stars,2017-02-08,513,github
https://github.com/datafolklabs/cement,stars,2017-02-17,515,github
https://github.com/datafolklabs/cement,stars,2017-02-23,517,github
https://github.com/datafolklabs/cement,stars,2017-02-28,518,github
https://github.com/datafolklabs/cement,stars,2017-03-11,522,github
https://github.com/datafolklabs/cement,stars,2017-03-17,523,github
https://github.com/datafolklabs/cement,stars,2017-03-25,528,github
https://github.com/datafolklabs/cement,stars,2017-03-31,529,github
https://github.com/datafolklabs/cement,stars,2017-04-13,530,github
https://github.com/datafolklabs/cement,stars,2017-04-21,535,github
https://github.com/datafolklabs/cement,stars,2017-04-29,537,github
https://github.com/datafolklabs/cement,stars,2017-05-02,539,github
https://github.com/datafolklabs/cement,stars,2017-05-10,542,github
https://github.com/datafolklabs/cement,stars,2017-05-19,544,github
https://github.com/datafolklabs/cement,stars,2017-05-24,545,github
https://github.com/datafolklabs/cement,stars,2017-06-03,547,github
https://github.com/datafolklabs/cement,stars,2017-06-15,549,github
https://github.com/datafolklabs/cement,stars,2017-06-27,551,github
https://github.com/datafolklabs/cement,stars,2017-07-03,553,github
https://github.com/datafolklabs/cement,stars,2017-07-11,554,github
https://github.com/datafolklabs/cement,stars,2017-07-21,555,github
https://github.com/datafolklabs/cement,stars,2017-07-29,558,github
https://github.com/datafolklabs/cement,stars,2017-08-02,560,github
https://github.com/datafolklabs/cement,stars,2017-08-19,563,github
https://github.com/datafolklabs/cement,stars,2017-08-23,566,github
https://github.com/datafolklabs/cement,stars,2017-09-02,568,github
https://github.com/datafolklabs/cement,stars,2017-09-06,569,github
https://github.com/datafolklabs/cement,stars,2017-09-14,570,github
https://github.com/datafolklabs/cement,stars,2017-09-23,572,github
https://github.com/datafolklabs/cement,stars,2017-09-29,576,github
https://github.com/datafolklabs/cement,stars,2017-10-07,578,github
https://github.com/datafolklabs/cement,stars,2017-10-11,579,github
https://github.com/datafolklabs/cement,stars,2017-10-26,583,github
https://github.com/datafolklabs/cement,stars,2017-11-02,586,github
https://github.com/datafolklabs/cement,stars,2017-11-06,631,wayback
https://github.com/datafolklabs/cement,stars,2017-11-11,588,github
https://github.com/datafolklabs/cement,stars,2017-11-15,590,github
https://github.com/datafolklabs/cement,stars,2017-11-22,591,github
https://github.com/datafolklabs/cement,stars,2017-11-28,595,github
https://github.com/datafolklabs/cement,stars,2017-12-04,597,github
https://github.com/datafolklabs/cement,stars,2017-12-15,599,github
https://github.com/datafolklabs/cement,stars,2017-12-20,600,github
https://github.com/datafolklabs/cement,stars,2017-12-30,602,github
https://github.com/datafolklabs/cement,stars,2018-01-06,604,github
https://github.com/datafolklabs/cement,stars,2018-01-20,609,github
https://github.com/datafolklabs/cement,stars,2018-01-27,613,github
https://github.com/datafolklabs/cement,stars,2018-02-02,621,github
https://github.com/datafolklabs/cement,stars,2018-02-09,624,github
https://github.com/datafolklabs/cement,stars,2018-02-12,626,github
https://github.com/datafolklabs/cement,stars,2018-02-24,630,github
https://github.com/datafolklabs/cement,stars,2018-02-27,633,github
https://github.com/datafolklabs/cement,stars,2018-03-05,635,github
https://github.com/datafolklabs/cement,stars,2018-03-17,637,github
https://github.com/datafolklabs/cement,stars,2018-03-20,639,github
https://github.com/datafolklabs/cement,stars,2018-03-28,642,github
https://github.com/datafolklabs/cement,stars,2018-04-05,644,github
https://github.com/datafolklabs/cement,stars,2018-04-12,646,github
https://github.com/datafolklabs/cement,stars,2018-04-20,647,github
https://github.com/datafolklabs/cement,stars,2018-04-27,652,github
https://github.com/datafolklabs/cement,stars,2018-05-03,656,github
https://github.com/datafolklabs/cement,stars,2018-05-15,658,github
https://github.com/datafolklabs/cement,stars,2018-05-24,663,github
https://github.com/datafolklabs/cement,stars,2018-05-31,667,github
https://github.com/datafolklabs/cement,stars,2018-06-10,711,wayback
https://github.com/datafolklabs/cement,stars,2018-06-11,669,github
https://github.com/datafolklabs/cement,stars,2018-06-19,670,github
https://github.com/datafolklabs/cement,stars,2018-07-02,671,github
https://github.com/datafolklabs/cement,stars,2018-07-26,674,github
https://github.com/datafolklabs/cement,stars,2018-08-01,676,github
https://github.com/datafolklabs/cement,stars,2018-08-10,677,github
https://github.com/datafolklabs/cement,stars,2018-08-16,680,github
https://github.com/datafolklabs/cement,stars,2018-08-21,681,github
https://github.com/datafolklabs/cement,stars,2018-08-28,684,github
https://github.com/datafolklabs/cement,stars,2018-09-04,685,github
https://github.com/datafolklabs/cement,stars,2018-09-13,687,github
https://github.com/datafolklabs/cement,stars,2018-09-21,693,github
https://github.com/datafolklabs/cement,stars,2018-09-26,695,github
https://github.com/datafolklabs/cement,stars,2018-10-05,701,github
https://github.com/datafolklabs/cement,stars,2018-10-11,703,github
https://github.com/datafolklabs/cement,stars,2018-10-20,705,github
https://github.com/datafolklabs/cement,stars,2018-10-26,708,github
https://github.com/datafolklabs/cement,stars,2018-11-02,710,github
https://github.com/datafolklabs/cement,stars,2018-11-10,711,github
https://github.com/datafolklabs/cement,stars,2018-11-16,717,github
https://github.com/datafolklabs/cement,stars,2018-11-22,723,github
https://github.com/datafolklabs/cement,stars,2018-11-30,727,github
https://github.com/datafolklabs/cement,stars,2018-12-04,728,github
https://github.com/datafolklabs/cement,stars,2018-12-29,732,github
https://github.com/datafolklabs/cement,stars,2019-01-05,733,github
https://github.com/datafolklabs/cement,stars,2019-01-08,737,github
https://github.com/datafolklabs/cement,stars,2019-01-17,739,github
https://github.com/datafolklabs/cement,stars,2019-01-24,742,github
https://github.com/datafolklabs/cement,stars,2019-01-30,745,github
https://github.com/datafolklabs/cement,stars,2019-02-09,748,github
https://github.com/datafolklabs/cement,stars,2019-02-16,751,github
https://github.com/datafolklabs/cement,stars,2019-02-23,754,github
https://github.com/datafolklabs/cement,stars,2019-02-25,757,github
https://github.com/datafolklabs/cement,stars,2019-03-07,759,github
https://github.com/datafolklabs/cement,stars,2019-03-14,761,github
https://github.com/datafolklabs/cement,stars,2019-03-23,764,github
https://github.com/datafolklabs/cement,stars,2019-03-27,766,github
https://github.com/datafolklabs/cement,stars,2019-04-05,770,github
https://github.com/datafolklabs/cement,stars,2019-04-12,772,github
https://github.com/datafolklabs/cement,stars,2019-04-27,776,github
https://github.com/datafolklabs/cement,stars,2019-05-07,777,github
https://github.com/datafolklabs/cement,stars,2019-05-18,778,github
https://github.com/datafolklabs/cement,stars,2019-05-23,779,github
https://github.com/datafolklabs/cement,stars,2019-05-31,780,github
https://github.com/datafolklabs/cement,stars,2019-06-08,783,github
https://github.com/datafolklabs/cement,stars,2019-06-13,786,github
https://github.com/datafolklabs/cement,stars,2019-06-21,789,github
https://github.com/datafolklabs/cement,stars,2019-06-28,794,github
https://github.com/datafolklabs/cement,stars,2019-06-30,795,github
https://github.com/datafolklabs/cement,stars,2019-07-08,796,github
https://github.com/datafolklabs/cement,stars,2019-07-20,799,github
https://github.com/datafolklabs/cement,stars,2019-07-23,800,github
https://github.com/datafolklabs/cement,stars,2019-07-28,801,github
https://github.com/datafolklabs/cement,stars,2019-08-09,804,github
https://github.com/datafolklabs/cement,stars,2019-08-14,805,github
https://github.com/datafolklabs/cement,stars,2019-08-21,806,github
https://github.com/datafolklabs/cement,stars,2019-08-31,808,github
https://github.com/datafolklabs/cement,stars,2019-09-06,811,github
https://github.com/datafolklabs/cement,stars,2019-09-14,814,github
https://github.com/datafolklabs/cement,stars,2019-09-15,815,github
https://github.com/datafolklabs/cement,stars,2019-09-25,817,github
https://github.com/datafolklabs/cement,stars,2019-10-10,818,github
https://github.com/datafolklabs/cement,stars,2019-10-19,821,github
https://github.com/datafolklabs/cement,stars,2019-10-22,822,github
https://github.com/datafolklabs/cement,stars,2019-10-31,823,github
https://github.com/datafolklabs/cement,stars,2019-11-03,824,github
https://github.com/datafolklabs/cement,stars,2019-11-11,825,github
https://github.com/datafolklabs/cement,stars,2019-11-21,829,github
https://github.com/datafolklabs/cement,stars,2019-11-24,830,github
https://github.com/datafolklabs/cement,stars,2019-12-06,834,github
https://github.com/datafolklabs/cement,stars,2019-12-09,835,github
https://github.com/datafolklabs/cement,stars,2019-12-16,838,github
https://github.com/datafolklabs/cement,stars,2019-12-28,841,github
https://github.com/datafolklabs/cement,stars,2019-12-31,843,github
https://github.com/datafolklabs/cement,stars,2020-01-05,844,github
https://github.com/datafolklabs/cement,stars,2020-01-17,846,github
https://github.com/datafolklabs/cement,stars,2020-01-30,850,github
https://github.com/datafolklabs/cement,stars,2020-02-08,854,github
https://github.com/datafolklabs/cement,stars,2020-02-15,859,github
https://github.com/datafolklabs/cement,stars,2020-02-22,861,github
https://github.com/datafolklabs/cement,stars,2020-02-29,862,github
https://github.com/datafolklabs/cement,stars,2020-03-02,864,github
https://github.com/datafolklabs/cement,stars,2020-03-19,866,github
https://github.com/datafolklabs/cement,stars,2020-03-28,867,github
https://github.com/datafolklabs/cement,stars,2020-04-03,870,github
https://github.com/datafolklabs/cement,stars,2020-04-09,872,github
https://github.com/datafolklabs/cement,stars,2020-04-15,874,github
https://github.com/datafolklabs/cement,stars,2020-04-25,876,github
https://github.com/datafolklabs/cement,stars,2020-05-02,878,github
https://github.com/datafolklabs/cement,stars,2020-05-05,880,github
https://github.com/datafolklabs/cement,stars,2020-05-16,882,github
https://github.com/datafolklabs/cement,stars,2020-05-23,887,github
https://github.com/datafolklabs/cement,stars,2020-05-29,890,github
https://github.com/datafolklabs/cement,stars,2020-06-03,891,github
https://github.com/datafolklabs/cement,stars,2020-06-08,892,github
https://github.com/datafolklabs/cement,stars,2020-06-24,893,github
https://github.com/datafolklabs/cement,stars,2020-06-29,894,github
https://github.com/datafolklabs/cement,stars,2020-07-08,895,github
https://github.com/datafolklabs/cement,stars,2020-07-24,897,github
https://github.com/datafolklabs/cement,stars,2020-07-29,899,github
https://github.com/datafolklabs/cement,stars,2020-08-19,900,github
https://github.com/datafolklabs/cement,stars,2020-09-09,906,github
https://github.com/datafolklabs/cement,stars,2020-09-13,907,github
https://github.com/datafolklabs/cement,stars,2020-09-26,909,github
https://github.com/datafolklabs/cement,stars,2020-09-30,913,github
https://github.com/datafolklabs/cement,stars,2020-10-06,914,github
https://github.com/datafolklabs/cement,stars,2020-10-16,917,github
https://github.com/datafolklabs/cement,stars,2020-10-24,922,github
https://github.com/datafolklabs/cement,stars,2020-10-27,925,github
https://github.com/datafolklabs/cement,stars,2020-11-06,930,github
https://github.com/datafolklabs/cement,stars,2020-11-09,978,wayback
https://github.com/datafolklabs/cement,stars,2020-11-14,934,github
https://github.com/datafolklabs/cement,stars,2020-11-19,935,github
https://github.com/datafolklabs/cement,stars,2020-11-27,936,github
https://github.com/datafolklabs/cement,stars,2020-11-30,939,github
https://github.com/datafolklabs/cement,stars,2020-12-11,942,github
https://github.com/datafolklabs/cement,stars,2020-12-16,945,github
https://github.com/datafolklabs/cement,stars,2020-12-22,947,github
https://github.com/datafolklabs/cement,stars,2020-12-28,948,github
https://github.com/datafolklabs/cement,stars,2021-01-10,992,wayback
https://github.com/datafolklabs/cement,stars,2021-01-17,949,github
https://github.com/datafolklabs/cement,stars,2021-02-05,952,github
https://github.com/datafolklabs/cement,stars,2021-02-12,958,github
https://github.com/datafolklabs/cement,stars,2021-02-17,959,github
https://github.com/datafolklabs/cement,stars,2021-02-24,962,github
https://github.com/datafolklabs/cement,stars,2021-03-02,963,github
https://github.com/datafolklabs/cement,stars,2021-03-11,965,github
https://github.com/datafolklabs/cement,stars,2021-03-23,966,github
https://github.com/datafolklabs/cement,stars,2021-04-03,968,github
https://github.com/datafolklabs/cement,stars,2021-04-10,970,github
https://github.com/datafolklabs/cement,stars,2021-04-24,973,github
https://github.com/datafolklabs/cement,stars,2021-05-01,975,github
https://github.com/datafolklabs/cement,stars,2021-05-06,977,github
https://github.com/datafolklabs/cement,stars,2021-05-11,980,github
https://github.com/datafolklabs/cement,stars,2021-05-18,982,github
https://github.com/datafolklabs/cement,stars,2021-06-02,985,github
https://github.com/datafolklabs/cement,stars,2021-06-09,986,github
https://github.com/datafolklabs/cement,stars,2021-06-17,987,github
https://github.com/datafolklabs/cement,stars,2021-06-24,989,github
https://github.com/datafolklabs/cement,stars,2021-07-03,990,github
https://github.com/datafolklabs/cement,stars,2021-07-10,993,github
https://github.com/datafolklabs/cement,stars,2021-07-22,995,github
https://github.com/datafolklabs/cement,stars,2021-08-12,997,github
https://github.com/datafolklabs/cement,stars,2021-08-28,998,github
https://github.com/datafolklabs/cement,stars,2021-08-29,999,github
https://github.com/datafolklabs/cement,stars,2021-09-13,1001,github
https://github.com/datafolklabs/cement,stars,2021-10-15,1002,github
https://github.com/datafolklabs/cement,stars,2021-10-21,1003,github
https://github.com/datafolklabs/cement,stars,2021-10-24,1004,github
https://github.com/datafolklabs/cement,stars,2021-11-13,1006,github
https://github.com/datafolklabs/cement,stars,2021-11-18,1008,github
https://github.com/datafolklabs/cement,stars,2021-11-21,1009,github
https://github.com/datafolklabs/cement,stars,2021-12-03,1012,github
https://github.com/datafolklabs/cement,stars,2021-12-09,1013,github
https://github.com/datafolklabs/cement,stars,2021-12-25,1016,github
https://github.com/datafolklabs/cement,stars,2022-01-07,1019,github
https://github.com/datafolklabs/cement,stars,2022-01-10,1020,github
https://github.com/datafolklabs/cement,stars,2022-01-16,1021,github
https://github.com/datafolklabs/cement,stars,2022-01-29,1027,github
https://github.com/datafolklabs/cement,stars,2022-02-03,1028,github
https://github.com/datafolklabs/cement,stars,2022-02-12,1033,github
https://github.com/datafolklabs/cement,stars,2022-02-22,1035,github
https://github.com/datafolklabs/cement,stars,2022-03-04,1038,github
https://github.com/datafolklabs/cement,stars,2022-03-17,1039,github
https://github.com/datafolklabs/cement,stars,2022-04-12,1040,github
https://github.com/datafolklabs/cement,stars,2022-04-20,1044,github
https://github.com/datafolklabs/cement,stars,2022-05-03,1045,github
https://github.com/datafolklabs/cement,stars,2022-05-10,1046,github
https://github.com/datafolklabs/cement,stars,2022-05-11,1087,wayback
https://github.com/datafolklabs/cement,stars,2022-05-23,1048,github
https://github.com/datafolklabs/cement,stars,2022-05-31,1050,github
https://github.com/datafolklabs/cement,stars,2022-06-10,1053,github
https://github.com/datafolklabs/cement,stars,2022-06-14,1055,github
https://github.com/datafolklabs/cement,stars,2022-06-23,1057,github
https://github.com/datafolklabs/cement,stars,2022-07-02,1060,github
https://github.com/datafolklabs/cement,stars,2022-07-08,1064,github
https://github.com/datafolklabs/cement,stars,2022-07-14,1068,github
https://github.com/datafolklabs/cement,stars,2022-07-21,1069,github
https://github.com/datafolklabs/cement,stars,2022-07-29,1070,github
https://github.com/datafolklabs/cement,stars,2022-08-12,1072,github
https://github.com/datafolklabs/cement,stars,2022-08-20,1073,github
https://github.com/datafolklabs/cement,stars,2022-08-26,1076,github
https://github.com/datafolklabs/cement,stars,2022-08-31,1079,github
https://github.com/datafolklabs/cement,stars,2022-09-10,1082,github
https://github.com/datafolklabs/cement,stars,2022-09-13,1083,github
https://github.com/datafolklabs/cement,stars,2022-09-21,1085,github
https://github.com/datafolklabs/cement,stars,2022-10-15,1087,github
https://github.com/datafolklabs/cement,stars,2022-10-22,1088,github
https://github.com/datafolklabs/cement,stars,2022-10-24,1089,github
https://github.com/datafolklabs/cement,stars,2022-10-31,1092,github
https://github.com/datafolklabs/cement,stars,2022-11-25,1096,github
https://github.com/datafolklabs/cement,stars,2022-11-30,1098,github
https://github.com/datafolklabs/cement,stars,2022-12-05,1099,github
https://github.com/datafolklabs/cement,stars,2022-12-07,1134,wayback
https://github.com/datafolklabs/cement,stars,2022-12-17,1105,github
https://github.com/datafolklabs/cement,stars,2022-12-22,1107,github
https://github.com/datafolklabs/cement,stars,2023-01-06,1110,github
https://github.com/datafolklabs/cement,stars,2023-01-11,1111,github
https://github.com/datafolklabs/cement,stars,2023-01-18,1113,github
https://github.com/datafolklabs/cement,stars,2023-01-26,1114,github
https://github.com/datafolklabs/cement,stars,2023-02-02,1116,github
https://github.com/datafolklabs/cement,stars,2023-02-09,1120,github
https://github.com/datafolklabs/cement,stars,2023-02-16,1121,github
https://github.com/datafolklabs/cement,stars,2023-02-19,1122,github
https://github.com/datafolklabs/cement,stars,2023-02-27,1124,github
https://github.com/datafolklabs/cement,stars,2023-03-24,1125,github
https://github.com/datafolklabs/cement,stars,2023-04-08,1127,github
https://github.com/datafolklabs/cement,stars,2023-04-14,1129,github
https://github.com/datafolklabs/cement,stars,2023-04-22,1130,github
https://github.com/datafolklabs/cement,stars,2023-04-27,1131,github
https://github.com/datafolklabs/cement,stars,2023-05-04,1133,github
https://github.com/datafolklabs/cement,stars,2023-05-12,1136,github
https://github.com/datafolklabs/cement,stars,2023-05-15,1137,github
https://github.com/datafolklabs/cement,stars,2023-05-22,1138,github
https://github.com/datafolklabs/cement,stars,2023-06-01,1140,github
https://github.com/datafolklabs/cement,stars,2023-06-12,1141,github
https://github.com/datafolklabs/cement,stars,2023-07-01,1142,github
https://github.com/datafolklabs/cement,stars,2023-07-06,1143,github
https://github.com/datafolklabs/cement,stars,2023-07-12,1144,github
https://github.com/datafolklabs/cement,stars,2023-07-27,1145,github
https://github.com/datafolklabs/cement,stars,2023-08-11,1146,github
https://github.com/datafolklabs/cement,stars,2023-08-24,1147,github
https://github.com/datafolklabs/cement,stars,2023-09-02,1150,github
https://github.com/datafolklabs/cement,stars,2023-09-27,1151,github
https://github.com/datafolklabs/cement,stars,2023-10-14,1153,github
https://github.com/datafolklabs/cement,stars,2023-10-21,1155,github
https://github.com/datafolklabs/cement,stars,2023-11-02,1157,github
https://github.com/datafolklabs/cement,stars,2023-11-07,1158,github
https://github.com/datafolklabs/cement,stars,2023-11-18,1160,github
https://github.com/datafolklabs/cement,stars,2023-11-29,1161,github
https://github.com/datafolklabs/cement,stars,2023-12-09,1164,github
https://github.com/datafolklabs/cement,stars,2023-12-22,1166,github
https://github.com/datafolklabs/cement,stars,2023-12-29,1171,github
https://github.com/datafolklabs/cement,stars,2024-01-04,1172,github
https://github.com/datafolklabs/cement,stars,2024-01-13,1175,github
https://github.com/datafolklabs/cement,stars,2024-01-22,1176,github
https://github.com/datafolklabs/cement,stars,2024-02-08,1178,github
https://github.com/datafolklabs/cement,stars,2024-02-24,1180,github
https://github.com/datafolklabs/cement,stars,2024-03-02,1181,github
https://github.com/datafolklabs/cement,stars,2024-03-10,1182,github
https://github.com/datafolklabs/cement,stars,2024-03-19,1183,github
https://github.com/datafolklabs/cement,stars,2024-03-27,1184,github
https://github.com/datafolklabs/cement,stars,2024-04-11,1186,github
https://github.com/datafolklabs/cement,stars,2024-04-13,1212,wayback
https://github.com/datafolklabs/cement,stars,2024-04-22,1187,github
https://github.com/datafolklabs/cement,stars,2024-05-02,1190,github
https://github.com/datafolklabs/cement,stars,2024-05-09,1191,github
https://github.com/datafolklabs/cement,stars,2024-05-16,1192,github
https://github.com/datafolklabs/cement,stars,2024-05-18,1217,wayback
https://github.com/datafolklabs/cement,stars,2024-05-23,1193,github
https://github.com/datafolklabs/cement,stars,2024-05-29,1196,github
https://github.com/datafolklabs/cement,stars,2024-06-20,1198,github
https://github.com/datafolklabs/cement,stars,2024-06-28,1200,github
https://github.com/datafolklabs/cement,stars,2024-07-06,1201,github
https://github.com/datafolklabs/cement,stars,2024-07-10,1203,github
https://github.com/datafolklabs/cement,stars,2024-07-14,1226,wayback
https://github.com/datafolklabs/cement,stars,2024-07-20,1206,github
https://github.com/datafolklabs/cement,stars,2024-07-23,1207,github
https://github.com/datafolklabs/cement,stars,2024-07-29,1208,github
https://github.com/datafolklabs/cement,stars,2024-08-06,1209,github
https://github.com/datafolklabs/cement,stars,2024-08-16,1210,github
https://github.com/datafolklabs/cement,stars,2024-08-24,1214,github
https://github.com/datafolklabs/cement,stars,2024-09-13,1217,github
https://github.com/datafolklabs/cement,stars,2024-09-16,1218,github
https://github.com/datafolklabs/cement,stars,2024-09-27,1221,github
https://github.com/datafolklabs/cement,stars,2024-10-01,1241,wayback
https://github.com/datafolklabs/cement,stars,2024-10-16,1224,github
https://github.com/datafolklabs/cement,stars,2024-10-27,1225,github
https://github.com/datafolklabs/cement,stars,2024-11-04,1245,wayback
https://github.com/datafolklabs/cement,stars,2024-11-16,1227,github
https://github.com/datafolklabs/cement,stars,2024-11-20,1229,github
https://github.com/datafolklabs/cement,stars,2024-12-07,1232,github
https://github.com/datafolklabs/cement,stars,2024-12-15,1233,github
https://github.com/datafolklabs/cement,stars,2024-12-28,1234,github
https://github.com/datafolklabs/cement,stars,2025-01-07,1235,github
https://github.com/datafolklabs/cement,stars,2025-01-23,1258,wayback
https://github.com/datafolklabs/cement,stars,2025-02-04,1236,github
https://github.com/datafolklabs/cement,stars,2025-02-14,1237,github
https://github.com/datafolklabs/cement,stars,2025-02-19,1238,github
https://github.com/datafolklabs/cement,stars,2025-03-07,1241,github
https://github.com/datafolklabs/cement,stars,2025-03-25,1245,github
https://github.com/datafolklabs/cement,stars,2025-03-30,1264,wayback
https://github.com/datafolklabs/cement,stars,2025-04-03,1248,github
https://github.com/datafolklabs/cement,stars,2025-04-12,1252,github
https://github.com/datafolklabs/cement,stars,2025-04-16,1272,wayback
https://github.com/datafolklabs/cement,stars,2025-04-19,1255,github
https://github.com/datafolklabs/cement,stars,2025-05-10,1256,github
https://github.com/datafolklabs/cement,stars,2025-05-12,1275,wayback
https://github.com/datafolklabs/cement,stars,2025-05-16,1257,github
https://github.com/datafolklabs/cement,stars,2025-05-24,1259,github
https://github.com/datafolklabs/cement,stars,2025-06-09,1260,github
https://github.com/datafolklabs/cement,stars,2025-06-18,1263,github
https://github.com/datafolklabs/cement,stars,2025-06-24,1264,github
https://github.com/datafolklabs/cement,stars,2025-07-11,1284,wayback
https://github.com/datafolklabs/cement,stars,2025-07-25,1266,github
https://github.com/datafolklabs/cement,stars,2025-08-02,1269,github
https://github.com/datafolklabs/cement,stars,2025-08-08,1272,github
https://github.com/datafolklabs/cement,stars,2025-08-13,1291,wayback
https://github.com/datafolklabs/cement,stars,2025-08-17,1273,github
https://github.com/datafolklabs/cement,stars,2025-08-30,1302,github
https://github.com/datafolklabs/cement,stars,2025-09-03,1307,github
https://github.com/datafolklabs/cement,stars,2025-09-07,1308,github
https://github.com/datafolklabs/cement,stars,2025-09-16,1309,github
https://github.com/datafolklabs/cement,stars,2025-10-08,1313,github
https://github.com/datafolklabs/cement,stars,2025-10-10,1331,wayback
https://github.com/datafolklabs/cement,stars,2025-10-14,1315,github
https://github.com/datafolklabs/cement,stars,2025-10-21,1317,github
https://github.com/datafolklabs/cement,stars,2025-10-30,1318,github
https://github.com/datafolklabs/cement,stars,2025-11-11,1319,github
https://github.com/datafolklabs/cement,stars,2025-11-25,1324,github
https://github.com/datafolklabs/cement,stars,2025-12-09,1340,wayback
https://github.com/datafolklabs/cement,stars,2025-12-11,1325,github
https://github.com/datafolklabs/cement,stars,2025-12-17,1326,github
https://github.com/datafolklabs/cement,stars,2026-01-17,1327,github
https://github.com/datafolklabs/cement,stars,2026-02-07,1330,github
https://github.com/datafolklabs/cement,stars,2026-02-13,1331,github
https://github.com/datafolklabs/cement,stars,2026-03-05,1332,github
https://github.com/datafolklabs/cement,stars,2026-03-23,1334,github
https://github.com/datafolklabs/cement,stars,2026-04-15,1335,github
https://github.com/datafolklabs/cement,stars,2026-05-12,1336,github
https://github.com/datafolklabs/cement,stars,2026-05-23,1337,github
https://github.com/datafolklabs/cement,stars,2026-06-01,1344,wayback
https://github.com/datafolklabs/cement,stars,2026-06-04,1338,github
https://github.com/datafolklabs/cement,stars,2026-06-11,1340,github
https://github.com/datafolklabs/cement,stars,2026-06-29,1341,github
https://github.com/datafolklabs/cement,stars,2026-07-09,1344,github
https://github.com/datafolklabs/cement,stars,2026-08-02,1345,github
https://github.com/datafolklabs/cement,stars,2026-08-16,1346,github
https://github.com/datafolklabs/cement,stars,2026-08-17,1349,sample
https://github.com/datafolklabs/cement,stars,2026-08-18,1349,sample
https://github.com/datafolklabs/cement,stars,2026-08-25,1349,sample
https://github.com/datafolklabs/cement,stars,2026-08-28,1347,github
https://github.com/datafolklabs/cement,stars,2026-09-01,1348,sample
https://github.com/datafolklabs/cement,stars,2026-09-08,1348,sample
https://github.com/datafolklabs/cement,stars,2026-09-12,1348,github
https://github.com/datafolklabs/cement,stars,2026-09-15,1349,sample
https://github.com/datafolklabs/cement,stars,2026-09-18,1350,github
https://github.com/datafolklabs/cement,stars,2026-09-22,1350,sample
https://github.com/datafolklabs/cement,stars,2026-09-27,1351,github
https://github.com/datafolklabs/cement,stars,2026-09-29,1351,sample
https://github.com/ewels/rich-click,commit,2026-09-29,2026-09-29,sample
https://github.com/ewels/rich-click,release,2026-09-08,2026-09-05,sample
https://github.com/ewels/rich-click,release_source,2026-08-17,release,sample
https://github.com/ewels/rich-click,stars,2022-02-09,0,created
https://github.com/ewels/rich-click,stars,2022-02-11,15,github
https://github.com/ewels/rich-click,stars,2022-02-19,88,github
https://github.com/ewels/rich-click,stars,2022-02-26,144,github
https://github.com/ewels/rich-click,stars,2022-03-05,159,github
https://github.com/ewels/rich-click,stars,2022-03-08,163,github
https://github.com/ewels/rich-click,stars,2022-03-19,173,github
https://github.com/ewels/rich-click,stars,2022-03-26,175,github
https://github.com/ewels/rich-click,stars,2022-04-02,183,github
https://github.com/ewels/rich-click,stars,2022-04-09,188,github
https://github.com/ewels/rich-click,stars,2022-04-15,193,github
https://github.com/ewels/rich-click,stars,2022-04-23,200,github
https://github.com/ewels/rich-click,stars,2022-04-27,205,github
https://github.com/ewels/rich-click,stars,2022-05-03,209,github
https://github.com/ewels/rich-click,stars,2022-05-14,214,github
https://github.com/ewels/rich-click,stars,2022-05-19,218,github
https://github.com/ewels/rich-click,stars,2022-05-25,222,github
https://github.com/ewels/rich-click,stars,2022-06-02,227,github
https://github.com/ewels/rich-click,stars,2022-06-11,229,github
https://github.com/ewels/rich-click,stars,2022-06-18,232,github
https://github.com/ewels/rich-click,stars,2022-06-23,234,github
https://github.com/ewels/rich-click,stars,2022-07-02,237,github
https://github.com/ewels/rich-click,stars,2022-07-09,241,github
https://github.com/ewels/rich-click,stars,2022-07-16,249,github
https://github.com/ewels/rich-click,stars,2022-07-21,250,github
https://github.com/ewels/rich-click,stars,2022-07-28,252,github
https://github.com/ewels/rich-click,stars,2022-08-04,254,github
https://github.com/ewels/rich-click,stars,2022-08-12,258,github
https://github.com/ewels/rich-click,stars,2022-08-14,259,github
https://github.com/ewels/rich-click,stars,2022-08-26,262,github
https://github.com/ewels/rich-click,stars,2022-09-01,266,github
https://github.com/ewels/rich-click,stars,2022-09-08,270,github
https://github.com/ewels/rich-click,stars,2022-09-14,273,github
https://github.com/ewels/rich-click,stars,2022-09-24,274,github
https://github.com/ewels/rich-click,stars,2022-09-29,280,github
https://github.com/ewels/rich-click,stars,2022-10-05,285,github
https://github.com/ewels/rich-click,stars,2022-10-13,288,github
https://github.com/ewels/rich-click,stars,2022-10-17,289,github
https://github.com/ewels/rich-click,stars,2022-10-27,295,github
https://github.com/ewels/rich-click,stars,2022-11-03,296,github
https://github.com/ewels/rich-click,stars,2022-11-11,301,github
https://github.com/ewels/rich-click,stars,2022-11-16,302,github
https://github.com/ewels/rich-click,stars,2022-11-26,305,github
https://github.com/ewels/rich-click,stars,2022-12-01,307,github
https://github.com/ewels/rich-click,stars,2022-12-09,317,github
https://github.com/ewels/rich-click,stars,2022-12-14,319,github
https://github.com/ewels/rich-click,stars,2022-12-30,320,github
https://github.com/ewels/rich-click,stars,2023-01-04,322,github
https://github.com/ewels/rich-click,stars,2023-01-09,323,github
https://github.com/ewels/rich-click,stars,2023-01-21,327,github
https://github.com/ewels/rich-click,stars,2023-01-27,333,github
https://github.com/ewels/rich-click,stars,2023-02-04,335,github
https://github.com/ewels/rich-click,stars,2023-02-11,339,github
https://github.com/ewels/rich-click,stars,2023-02-15,344,github
https://github.com/ewels/rich-click,stars,2023-02-25,349,github
https://github.com/ewels/rich-click,stars,2023-03-01,351,github
https://github.com/ewels/rich-click,stars,2023-03-11,352,github
https://github.com/ewels/rich-click,stars,2023-03-18,357,github
https://github.com/ewels/rich-click,stars,2023-03-20,358,github
https://github.com/ewels/rich-click,stars,2023-04-01,359,github
https://github.com/ewels/rich-click,stars,2023-04-04,363,github
https://github.com/ewels/rich-click,stars,2023-04-15,370,github
https://github.com/ewels/rich-click,stars,2023-04-21,372,github
https://github.com/ewels/rich-click,stars,2023-04-23,373,github
https://github.com/ewels/rich-click,stars,2023-05-06,375,github
https://github.com/ewels/rich-click,stars,2023-05-13,379,github
https://github.com/ewels/rich-click,stars,2023-05-18,381,github
https://github.com/ewels/rich-click,stars,2023-05-26,384,github
https://github.com/ewels/rich-click,stars,2023-06-03,388,github
https://github.com/ewels/rich-click,stars,2023-06-09,390,github
https://github.com/ewels/rich-click,stars,2023-06-16,392,github
https://github.com/ewels/rich-click,stars,2023-06-24,393,github
https://github.com/ewels/rich-click,stars,2023-06-28,396,github
https://github.com/ewels/rich-click,stars,2023-07-02,397,github
https://github.com/ewels/rich-click,stars,2023-07-12,400,github
https://github.com/ewels/rich-click,stars,2023-07-26,401,github
https://github.com/ewels/rich-click,stars,2023-08-01,402,github
https://github.com/ewels/rich-click,stars,2023-08-12,406,github
https://github.com/ewels/rich-click,stars,2023-08-18,409,github
https://github.com/ewels/rich-click,stars,2023-08-26,412,github
https://github.com/ewels/rich-click,stars,2023-08-30,413,github
https://github.com/ewels/rich-click,stars,2023-09-07,414,github
https://github.com/ewels/rich-click,stars,2023-09-16,421,github
https://github.com/ewels/rich-click,stars,2023-09-22,423,github
https://github.com/ewels/rich-click,stars,2023-09-27,426,github
https://github.com/ewels/rich-click,stars,2023-10-07,427,github
https://github.com/ewels/rich-click,stars,2023-10-12,437,github
https://github.com/ewels/rich-click,stars,2023-10-21,447,github
https://github.com/ewels/rich-click,stars,2023-10-24,452,github
https://github.com/ewels/rich-click,stars,2023-10-31,455,github
https://github.com/ewels/rich-click,stars,2023-11-09,457,github
https://github.com/ewels/rich-click,stars,2023-11-17,460,github
https://github.com/ewels/rich-click,stars,2023-11-24,463,github
https://github.com/ewels/rich-click,stars,2023-12-01,465,github
https://github.com/ewels/rich-click,stars,2023-12-04,467,github
https://github.com/ewels/rich-click,stars,2023-12-14,470,github
https://github.com/ewels/rich-click,stars,2023-12-23,477,github
https://github.com/ewels/rich-click,stars,2023-12-26,480,github
https://github.com/ewels/rich-click,stars,2024-01-04,482,github
https://github.com/ewels/rich-click,stars,2024-01-12,484,github
https://github.com/ewels/rich-click,stars,2024-01-19,488,github
https://github.com/ewels/rich-click,stars,2024-01-25,492,github
https://github.com/ewels/rich-click,stars,2024-02-01,495,github
https://github.com/ewels/rich-click,stars,2024-02-08,496,github
https://github.com/ewels/rich-click,stars,2024-02-14,498,github
https://github.com/ewels/rich-click,stars,2024-02-22,505,github
https://github.com/ewels/rich-click,stars,2024-02-29,511,github
https://github.com/ewels/rich-click,stars,2024-03-09,515,github
https://github.com/ewels/rich-click,stars,2024-03-10,516,github
https://github.com/ewels/rich-click,stars,2024-03-23,520,github
https://github.com/ewels/rich-click,stars,2024-03-27,523,github
https://github.com/ewels/rich-click,stars,2024-04-03,529,github
https://github.com/ewels/rich-click,stars,2024-04-11,533,github
https://github.com/ewels/rich-click,stars,2024-04-20,535,github
https://github.com/ewels/rich-click,stars,2024-04-26,540,github
https://github.com/ewels/rich-click,stars,2024-05-03,549,github
https://github.com/ewels/rich-click,stars,2024-05-09,551,github
https://github.com/ewels/rich-click,stars,2024-05-17,552,github
https://github.com/ewels/rich-click,stars,2024-05-22,554,github
https://github.com/ewels/rich-click,stars,2024-06-01,555,github
https://github.com/ewels/rich-click,stars,2024-06-07,557,github
https://github.com/ewels/rich-click,stars,2024-06-13,558,github
https://github.com/ewels/rich-click,stars,2024-06-18,562,github
https://github.com/ewels/rich-click,stars,2024-06-29,566,github
https://github.com/ewels/rich-click,stars,2024-07-06,569,github
https://github.com/ewels/rich-click,stars,2024-07-23,571,github
https://github.com/ewels/rich-click,stars,2024-07-30,573,github
https://github.com/ewels/rich-click,stars,2024-08-04,574,github
https://github.com/ewels/rich-click,stars,2024-08-17,576,github
https://github.com/ewels/rich-click,stars,2024-09-11,578,github
https://github.com/ewels/rich-click,stars,2024-09-20,582,github
https://github.com/ewels/rich-click,stars,2024-09-28,585,github
https://github.com/ewels/rich-click,stars,2024-10-02,589,github
https://github.com/ewels/rich-click,stars,2024-10-09,593,github
https://github.com/ewels/rich-click,stars,2024-10-16,595,github
https://github.com/ewels/rich-click,stars,2024-10-25,598,github
https://github.com/ewels/rich-click,stars,2024-11-01,600,github
https://github.com/ewels/rich-click,stars,2024-11-05,602,github
https://github.com/ewels/rich-click,stars,2024-11-16,612,github
https://github.com/ewels/rich-click,stars,2024-11-30,613,github
https://github.com/ewels/rich-click,stars,2024-12-03,614,github
https://github.com/ewels/rich-click,stars,2024-12-12,615,github
https://github.com/ewels/rich-click,stars,2024-12-17,617,github
https://github.com/ewels/rich-click,stars,2024-12-28,625,github
https://github.com/ewels/rich-click,stars,2024-12-29,626,github
https://github.com/ewels/rich-click,stars,2025-01-09,627,github
https://github.com/ewels/rich-click,stars,2025-01-15,628,github
https://github.com/ewels/rich-click,stars,2025-01-22,629,github
https://github.com/ewels/rich-click,stars,2025-02-15,630,github
https://github.com/ewels/rich-click,stars,2025-02-22,631,github
https://github.com/ewels/rich-click,stars,2025-03-01,635,github
https://github.com/ewels/rich-click,stars,2025-03-06,639,github
https://github.com/ewels/rich-click,stars,2025-03-09,641,github
https://github.com/ewels/rich-click,stars,2025-03-19,643,github
https://github.com/ewels/rich-click,stars,2025-03-29,646,github
https://github.com/ewels/rich-click,stars,2025-04-12,647,github
https://github.com/ewels/rich-click,stars,2025-04-16,648,github
https://github.com/ewels/rich-click,stars,2025-04-26,651,github
https://github.com/ewels/rich-click,stars,2025-04-30,654,github
https://github.com/ewels/rich-click,stars,2025-05-06,655,github
https://github.com/ewels/rich-click,stars,2025-05-16,657,github
https://github.com/ewels/rich-click,stars,2025-05-24,661,github
https://github.com/ewels/rich-click,stars,2025-05-29,663,github
https://github.com/ewels/rich-click,stars,2025-06-07,667,github
https://github.com/ewels/rich-click,stars,2025-06-09,670,github
https://github.com/ewels/rich-click,stars,2025-06-21,674,github
https://github.com/ewels/rich-click,stars,2025-06-25,677,github
https://github.com/ewels/rich-click,stars,2025-07-04,680,github
https://github.com/ewels/rich-click,stars,2025-07-09,682,github
https://github.com/ewels/rich-click,stars,2025-07-30,685,github
https://github.com/ewels/rich-click,stars,2025-08-05,686,github
https://github.com/ewels/rich-click,stars,2025-08-16,689,github
https://github.com/ewels/rich-click,stars,2025-08-22,695,github
https://github.com/ewels/rich-click,stars,2025-08-30,709,github
https://github.com/ewels/rich-click,stars,2025-09-05,711,github
https://github.com/ewels/rich-click,stars,2025-09-13,715,github
https://github.com/ewels/rich-click,stars,2025-09-19,722,github
https://github.com/ewels/rich-click,stars,2025-09-26,729,github
https://github.com/ewels/rich-click,stars,2025-10-01,734,github
https://github.com/ewels/rich-click,stars,2025-10-10,739,github
https://github.com/ewels/rich-click,stars,2025-10-14,743,github
https://github.com/ewels/rich-click,stars,2025-10-31,747,github
https://github.com/ewels/rich-click,stars,2025-11-07,755,github
https://github.com/ewels/rich-click,stars,2025-11-13,758,github
https://github.com/ewels/rich-click,stars,2025-11-22,761,github
https://github.com/ewels/rich-click,stars,2025-12-02,762,github
https://github.com/ewels/rich-click,stars,2025-12-13,765,github
https://github.com/ewels/rich-click,stars,2025-12-14,766,github
https://github.com/ewels/rich-click,stars,2025-12-25,769,github
https://github.com/ewels/rich-click,stars,2026-01-03,773,github
https://github.com/ewels/rich-click,stars,2026-01-05,774,github
https://github.com/ewels/rich-click,stars,2026-01-16,780,github
https://github.com/ewels/rich-click,stars,2026-01-19,781,github
https://github.com/ewels/rich-click,stars,2026-01-29,784,github
https://github.com/ewels/rich-click,stars,2026-02-07,789,github
https://github.com/ewels/rich-click,stars,2026-02-27,790,github
https://github.com/ewels/rich-click,stars,2026-03-13,791,github
https://github.com/ewels/rich-click,stars,2026-03-19,792,github
https://github.com/ewels/rich-click,stars,2026-04-01,795,github
https://github.com/ewels/rich-click,stars,2026-04-10,796,github
https://github.com/ewels/rich-click,stars,2026-04-16,798,github
https://github.com/ewels/rich-click,stars,2026-05-02,801,github
https://github.com/ewels/rich-click,stars,2026-05-09,804,github
https://github.com/ewels/rich-click,stars,2026-05-13,806,github
https://github.com/ewels/rich-click,stars,2026-05-18,807,github
https://github.com/ewels/rich-click,stars,2026-05-29,808,github
https://github.com/ewels/rich-click,stars,2026-06-05,810,github
https://github.com/ewels/rich-click,stars,2026-06-13,811,github
https://github.com/ewels/rich-click,stars,2026-06-25,812,github
https://github.com/ewels/rich-click,stars,2026-06-28,813,github
https://github.com/ewels/rich-click,stars,2026-07-09,814,github
https://github.com/ewels/rich-click,stars,2026-07-20,815,github
https://github.com/ewels/rich-click,stars,2026-08-04,816,github
https://github.com/ewels/rich-click,stars,2026-08-17,817,github
https://github.com/ewels/rich-click,stars,2026-08-18,817,sample
https://github.com/ewels/rich-click,stars,2026-08-25,817,sample
https://github.com/ewels/rich-click,stars,2026-09-01,817,sample
https://github.com/ewels/rich-click,stars,2026-09-03,818,github
https://github.com/ewels/rich-click,stars,2026-09-06,819,github
https://github.com/ewels/rich-click,stars,2026-09-08,819,sample
https://github.com/ewels/rich-click,stars,2026-09-15,819,sample
https://github.com/ewels/rich-click,stars,2026-09-22,819,sample
https://github.com/ewels/rich-click,stars,2026-09-28,820,github
https://github.com/ewels/rich-click,stars,2026-09-29,820,sample
https://github.com/fastapi/typer,commit,2026-09-15,2026-09-08,sample
https://github.com/fastapi/typer,release,2026-09-01,2026-08-28,sample
https://github.com/fastapi/typer,release_source,2026-08-17,release,sample
https://github.com/fastapi/typer,stars,2019-12-24,0,created
https://github.com/fastapi/typer,stars,2019-12-28,303,github
https://github.com/fastapi/typer,stars,2020-01-04,405,github
https://github.com/fastapi/typer,stars,2020-01-11,480,github
https://github.com/fastapi/typer,stars,2020-01-18,515,github
https://github.com/fastapi/typer,stars,2020-01-25,569,github
https://github.com/fastapi/typer,stars,2020-02-01,598,github
https://github.com/fastapi/typer,stars,2020-02-08,628,github
https://github.com/fastapi/typer,stars,2020-02-15,644,github
https://github.com/fastapi/typer,stars,2020-02-21,673,github
https://github.com/fastapi/typer,stars,2020-02-29,698,github
https://github.com/fastapi/typer,stars,2020-03-07,725,github
https://github.com/fastapi/typer,stars,2020-03-14,764,github
https://github.com/fastapi/typer,stars,2020-03-21,836,github
https://github.com/fastapi/typer,stars,2020-03-28,895,github
https://github.com/fastapi/typer,stars,2020-04-04,989,github
https://github.com/fastapi/typer,stars,2020-04-11,1040,github
https://github.com/fastapi/typer,stars,2020-04-18,1093,github
https://github.com/fastapi/typer,stars,2020-04-25,1144,github
https://github.com/fastapi/typer,stars,2020-05-02,1180,github
https://github.com/fastapi/typer,stars,2020-05-09,1218,github
https://github.com/fastapi/typer,stars,2020-05-16,1266,github
https://github.com/fastapi/typer,stars,2020-05-23,1300,github
https://github.com/fastapi/typer,stars,2020-05-30,1342,github
https://github.com/fastapi/typer,stars,2020-06-06,1395,github
https://github.com/fastapi/typer,stars,2020-06-13,1454,github
https://github.com/fastapi/typer,stars,2020-06-20,1508,github
https://github.com/fastapi/typer,stars,2020-06-27,1581,github
https://github.com/fastapi/typer,stars,2020-07-04,1640,github
https://github.com/fastapi/typer,stars,2020-07-11,1696,github
https://github.com/fastapi/typer,stars,2020-07-18,1825,github
https://github.com/fastapi/typer,stars,2020-07-25,1896,github
https://github.com/fastapi/typer,stars,2020-08-01,1974,github
https://github.com/fastapi/typer,stars,2020-08-08,2040,github
https://github.com/fastapi/typer,stars,2020-08-15,2087,github
https://github.com/fastapi/typer,stars,2020-08-22,2128,github
https://github.com/fastapi/typer,stars,2020-08-29,2182,github
https://github.com/fastapi/typer,stars,2020-09-05,2226,github
https://github.com/fastapi/typer,stars,2020-09-12,2266,github
https://github.com/fastapi/typer,stars,2020-09-19,2311,github
https://github.com/fastapi/typer,stars,2020-09-26,2352,github
https://github.com/fastapi/typer,stars,2020-10-03,2394,github
https://github.com/fastapi/typer,stars,2020-10-10,2465,github
https://github.com/fastapi/typer,stars,2020-10-17,2507,github
https://github.com/fastapi/typer,stars,2020-10-24,2555,github
https://github.com/fastapi/typer,stars,2020-10-31,2592,github
https://github.com/fastapi/typer,stars,2020-11-07,2632,github
https://github.com/fastapi/typer,stars,2020-11-14,2677,github
https://github.com/fastapi/typer,stars,2020-11-21,2745,github
https://github.com/fastapi/typer,stars,2020-11-28,2788,github
https://github.com/fastapi/typer,stars,2020-12-05,2840,github
https://github.com/fastapi/typer,stars,2020-12-12,2912,github
https://github.com/fastapi/typer,stars,2020-12-19,2959,github
https://github.com/fastapi/typer,stars,2020-12-26,3176,github
https://github.com/fastapi/typer,stars,2021-01-02,3537,github
https://github.com/fastapi/typer,stars,2021-01-09,3782,github
https://github.com/fastapi/typer,stars,2021-01-16,3904,github
https://github.com/fastapi/typer,stars,2021-01-23,4052,github
https://github.com/fastapi/typer,stars,2021-01-30,4136,github
https://github.com/fastapi/typer,stars,2021-02-06,4233,github
https://github.com/fastapi/typer,stars,2021-02-13,4282,github
https://github.com/fastapi/typer,stars,2021-02-20,4339,github
https://github.com/fastapi/typer,stars,2021-02-27,4392,github
https://github.com/fastapi/typer,stars,2021-03-06,4440,github
https://github.com/fastapi/typer,stars,2021-03-13,4487,github
https://github.com/fastapi/typer,stars,2021-03-20,4542,github
https://github.com/fastapi/typer,stars,2021-03-27,4589,github
https://github.com/fastapi/typer,stars,2021-04-03,4636,github
https://github.com/fastapi/typer,stars,2021-04-10,4689,github
https://github.com/fastapi/typer,stars,2021-04-17,4751,github
https://github.com/fastapi/typer,stars,2021-04-24,4810,github
https://github.com/fastapi/typer,stars,2021-05-01,4860,github
https://github.com/fastapi/typer,stars,2021-05-08,4899,github
https://github.com/fastapi/typer,stars,2021-05-15,4948,github
https://github.com/fastapi/typer,stars,2021-05-22,4998,github
https://github.com/fastapi/typer,stars,2021-05-29,5044,github
https://github.com/fastapi/typer,stars,2021-06-05,5077,github
https://github.com/fastapi/typer,stars,2021-06-12,5123,github
https://github.com/fastapi/typer,stars,2021-06-19,5222,github
https://github.com/fastapi/typer,stars,2021-06-26,5258,github
https://github.com/fastapi/typer,stars,2021-07-03,5294,github
https://github.com/fastapi/typer,stars,2021-07-10,5337,github
https://github.com/fastapi/typer,stars,2021-07-17,5375,github
https://github.com/fastapi/typer,stars,2021-07-24,5420,github
https://github.com/fastapi/typer,stars,2021-07-31,5455,github
https://github.com/fastapi/typer,stars,2021-08-07,5499,github
https://github.com/fastapi/typer,stars,2021-08-14,5543,github
https://github.com/fastapi/typer,stars,2021-08-21,5570,github
https://github.com/fastapi/typer,stars,2021-08-28,5665,github
https://github.com/fastapi/typer,stars,2021-09-04,5784,github
https://github.com/fastapi/typer,stars,2021-09-11,5832,github
https://github.com/fastapi/typer,stars,2021-09-18,5875,github
https://github.com/fastapi/typer,stars,2021-09-25,5921,github
https://github.com/fastapi/typer,stars,2021-10-02,5989,github
https://github.com/fastapi/typer,stars,2021-10-09,6043,github
https://github.com/fastapi/typer,stars,2021-10-16,6078,github
https://github.com/fastapi/typer,stars,2021-10-23,6116,github
https://github.com/fastapi/typer,stars,2021-10-30,6153,github
https://github.com/fastapi/typer,stars,2021-11-06,6181,github
https://github.com/fastapi/typer,stars,2021-11-13,6223,github
https://github.com/fastapi/typer,stars,2021-11-20,6256,github
https://github.com/fastapi/typer,stars,2021-11-27,6305,github
https://github.com/fastapi/typer,stars,2021-12-04,6346,github
https://github.com/fastapi/typer,stars,2021-12-11,6369,github
https://github.com/fastapi/typer,stars,2021-12-18,6448,github
https://github.com/fastapi/typer,stars,2021-12-25,6488,github
https://github.com/fastapi/typer,stars,2022-01-01,6543,github
https://github.com/fastapi/typer,stars,2022-01-08,6588,github
https://github.com/fastapi/typer,stars,2022-01-15,6647,github
https://github.com/fastapi/typer,stars,2022-01-22,6705,github
https://github.com/fastapi/typer,stars,2022-01-29,6758,github
https://github.com/fastapi/typer,stars,2022-02-05,6810,github
https://github.com/fastapi/typer,stars,2022-02-12,6848,github
https://github.com/fastapi/typer,stars,2022-02-19,6888,github
https://github.com/fastapi/typer,stars,2022-02-26,6937,github
https://github.com/fastapi/typer,stars,2022-03-05,6982,github
https://github.com/fastapi/typer,stars,2022-03-12,7020,github
https://github.com/fastapi/typer,stars,2022-03-19,7062,github
https://github.com/fastapi/typer,stars,2022-03-26,7098,github
https://github.com/fastapi/typer,stars,2022-04-02,7156,github
https://github.com/fastapi/typer,stars,2022-04-09,7185,github
https://github.com/fastapi/typer,stars,2022-04-16,7213,github
https://github.com/fastapi/typer,stars,2022-04-23,7255,github
https://github.com/fastapi/typer,stars,2022-04-30,7291,github
https://github.com/fastapi/typer,stars,2022-05-07,7346,github
https://github.com/fastapi/typer,stars,2022-05-14,7394,github
https://github.com/fastapi/typer,stars,2022-05-21,7439,github
https://github.com/fastapi/typer,stars,2022-05-28,7467,github
https://github.com/fastapi/typer,stars,2022-06-04,7509,github
https://github.com/fastapi/typer,stars,2022-06-11,7553,github
https://github.com/fastapi/typer,stars,2022-06-18,7610,github
https://github.com/fastapi/typer,stars,2022-06-25,7739,github
https://github.com/fastapi/typer,stars,2022-07-02,7791,github
https://github.com/fastapi/typer,stars,2022-07-09,7875,github
https://github.com/fastapi/typer,stars,2022-07-16,7966,github
https://github.com/fastapi/typer,stars,2022-07-23,8028,github
https://github.com/fastapi/typer,stars,2022-07-30,8101,github
https://github.com/fastapi/typer,stars,2022-08-06,8152,github
https://github.com/fastapi/typer,stars,2022-08-13,8193,github
https://github.com/fastapi/typer,stars,2022-08-20,8246,github
https://github.com/fastapi/typer,stars,2022-08-27,8292,github
https://github.com/fastapi/typer,stars,2022-09-03,8347,github
https://github.com/fastapi/typer,stars,2022-09-10,8392,github
https://github.com/fastapi/typer,stars,2022-09-17,8434,github
https://github.com/fastapi/typer,stars,2022-09-24,8474,github
https://github.com/fastapi/typer,stars,2022-10-01,8528,github
https://github.com/fastapi/typer,stars,2022-10-08,8568,github
https://github.com/fastapi/typer,stars,2022-10-15,8618,github
https://github.com/fastapi/typer,stars,2022-10-22,8664,github
https://github.com/fastapi/typer,stars,2022-10-29,8709,github
https://github.com/fastapi/typer,stars,2022-11-05,8780,github
https://github.com/fastapi/typer,stars,2022-11-12,9305,github
https://github.com/fastapi/typer,stars,2022-11-19,9388,github
https://github.com/fastapi/typer,stars,2022-11-26,9440,github
https://github.com/fastapi/typer,stars,2022-12-03,9491,github
https://github.com/fastapi/typer,stars,2022-12-10,9549,github
https://github.com/fastapi/typer,stars,2022-12-17,9596,github
https://github.com/fastapi/typer,stars,2022-12-24,9673,github
https://github.com/fastapi/typer,stars,2022-12-31,9709,github
https://github.com/fastapi/typer,stars,2023-01-07,9751,github
https://github.com/fastapi/typer,stars,2023-01-14,9813,github
https://github.com/fastapi/typer,stars,2023-01-21,9854,github
https://github.com/fastapi/typer,stars,2023-01-28,9895,github
https://github.com/fastapi/typer,stars,2023-02-04,9974,github
https://github.com/fastapi/typer,stars,2023-02-11,10025,github
https://github.com/fastapi/typer,stars,2023-02-18,10073,github
https://github.com/fastapi/typer,stars,2023-02-25,10139,github
https://github.com/fastapi/typer,stars,2023-03-04,10206,github
https://github.com/fastapi/typer,stars,2023-03-11,10262,github
https://github.com/fastapi/typer,stars,2023-03-18,10323,github
https://github.com/fastapi/typer,stars,2023-03-25,10380,github
https://github.com/fastapi/typer,stars,2023-04-01,10433,github
https://github.com/fastapi/typer,stars,2023-04-08,10478,github
https://github.com/fastapi/typer,stars,2023-04-15,10538,github
https://github.com/fastapi/typer,stars,2023-04-22,10584,github
https://github.com/fastapi/typer,stars,2023-04-29,10648,github
https://github.com/fastapi/typer,stars,2023-05-06,10709,github
https://github.com/fastapi/typer,stars,2023-05-13,10769,github
https://github.com/fastapi/typer,stars,2023-05-20,10819,github
https://github.com/fastapi/typer,stars,2023-05-27,10877,github
https://github.com/fastapi/typer,stars,2023-06-03,10929,github
https://github.com/fastapi/typer,stars,2023-06-10,10977,github
https://github.com/fastapi/typer,stars,2023-06-17,11034,github
https://github.com/fastapi/typer,stars,2023-06-24,11085,github
https://github.com/fastapi/typer,stars,2023-07-01,11128,github
https://github.com/fastapi/typer,stars,2023-07-08,11177,github
https://github.com/fastapi/typer,stars,2023-07-15,11222,github
https://github.com/fastapi/typer,stars,2023-07-22,11283,github
https://github.com/fastapi/typer,stars,2023-07-29,11330,github
https://github.com/fastapi/typer,stars,2023-08-05,11374,github
https://github.com/fastapi/typer,stars,2023-08-12,11423,github
https://github.com/fastapi/typer,stars,2023-08-19,11470,github
https://github.com/fastapi/typer,stars,2023-08-26,11529,github
https://github.com/fastapi/typer,stars,2023-09-02,11572,github
https://github.com/fastapi/typer,stars,2023-09-09,11612,github
https://github.com/fastapi/typer,stars,2023-09-16,11649,github
https://github.com/fastapi/typer,stars,2023-09-23,11701,github
https://github.com/fastapi/typer,stars,2023-09-30,11744,github
https://github.com/fastapi/typer,stars,2023-10-07,11787,github
https://github.com/fastapi/typer,stars,2023-10-14,11815,github
https://github.com/fastapi/typer,stars,2023-10-21,11852,github
https://github.com/fastapi/typer,stars,2023-10-28,11914,github
https://github.com/fastapi/typer,stars,2023-11-04,11957,github
https://github.com/fastapi/typer,stars,2023-11-11,12023,github
https://github.com/fastapi/typer,stars,2023-11-18,12086,github
https://github.com/fastapi/typer,stars,2023-11-25,12135,github
https://github.com/fastapi/typer,stars,2023-12-02,12182,github
https://github.com/fastapi/typer,stars,2023-12-09,12224,github
https://github.com/fastapi/typer,stars,2023-12-16,12274,github
https://github.com/fastapi/typer,stars,2023-12-23,12314,github
https://github.com/fastapi/typer,stars,2023-12-30,12359,github
https://github.com/fastapi/typer,stars,2024-01-06,12395,github
https://github.com/fastapi/typer,stars,2024-01-13,12439,github
https://github.com/fastapi/typer,stars,2024-01-20,12487,github
https://github.com/fastapi/typer,stars,2024-01-26,12523,github
https://github.com/fastapi/typer,stars,2024-02-03,12569,github
https://github.com/fastapi/typer,stars,2024-02-10,12625,github
https://github.com/fastapi/typer,stars,2024-02-17,12664,github
https://github.com/fastapi/typer,stars,2024-02-24,12713,github
https://github.com/fastapi/typer,stars,2024-03-02,12766,github
https://github.com/fastapi/typer,stars,2024-03-09,12817,github
https://github.com/fastapi/typer,stars,2024-03-16,12869,github
https://github.com/fastapi/typer,stars,2024-03-23,12923,github
https://github.com/fastapi/typer,stars,2024-03-30,13044,github
https://github.com/fastapi/typer,stars,2024-04-06,13736,github
https://github.com/fastapi/typer,stars,2024-04-13,13863,github
https://github.com/fastapi/typer,stars,2024-04-20,13914,github
https://github.com/fastapi/typer,stars,2024-04-27,13972,github
https://github.com/fastapi/typer,stars,2024-05-04,14012,github
https://github.com/fastapi/typer,stars,2024-05-11,14056,github
https://github.com/fastapi/typer,stars,2024-05-18,14103,github
https://github.com/fastapi/typer,stars,2024-05-25,14155,github
https://github.com/fastapi/typer,stars,2024-06-01,14199,github
https://github.com/fastapi/typer,stars,2024-06-08,14247,github
https://github.com/fastapi/typer,stars,2024-06-15,14289,github
https://github.com/fastapi/typer,stars,2024-06-22,14377,github
https://github.com/fastapi/typer,stars,2024-06-29,14438,github
https://github.com/fastapi/typer,stars,2024-07-06,14489,github
https://github.com/fastapi/typer,stars,2024-07-13,14538,github
https://github.com/fastapi/typer,stars,2024-07-20,14587,github
https://github.com/fastapi/typer,stars,2024-07-27,14627,github
https://github.com/fastapi/typer,stars,2024-08-03,14680,github
https://github.com/fastapi/typer,stars,2024-08-10,14758,github
https://github.com/fastapi/typer,stars,2024-08-17,14809,github
https://github.com/fastapi/typer,stars,2024-08-24,14864,github
https://github.com/fastapi/typer,stars,2024-08-31,14930,github
https://github.com/fastapi/typer,stars,2024-09-07,14977,github
https://github.com/fastapi/typer,stars,2024-09-14,15026,github
https://github.com/fastapi/typer,stars,2024-09-21,15095,github
https://github.com/fastapi/typer,stars,2024-09-28,15137,github
https://github.com/fastapi/typer,stars,2024-10-05,15178,github
https://github.com/fastapi/typer,stars,2024-10-12,15224,github
https://github.com/fastapi/typer,stars,2024-10-19,15277,github
https://github.com/fastapi/typer,stars,2024-10-26,15317,github
https://github.com/fastapi/typer,stars,2024-11-02,15362,github
https://github.com/fastapi/typer,stars,2024-11-09,15429,github
https://github.com/fastapi/typer,stars,2024-11-16,15471,github
https://github.com/fastapi/typer,stars,2024-11-23,15518,github
https://github.com/fastapi/typer,stars,2024-11-30,15598,github
https://github.com/fastapi/typer,stars,2024-12-07,15667,github
https://github.com/fastapi/typer,stars,2024-12-14,15707,github
https://github.com/fastapi/typer,stars,2024-12-21,15755,github
https://github.com/fastapi/typer,stars,2024-12-28,15791,github
https://github.com/fastapi/typer,stars,2025-01-04,15829,github
https://github.com/fastapi/typer,stars,2025-01-11,15865,github
https://github.com/fastapi/typer,stars,2025-01-18,15920,github
https://github.com/fastapi/typer,stars,2025-01-25,15961,github
https://github.com/fastapi/typer,stars,2025-02-01,16011,github
https://github.com/fastapi/typer,stars,2025-02-08,16048,github
https://github.com/fastapi/typer,stars,2025-02-15,16090,github
https://github.com/fastapi/typer,stars,2025-02-22,16153,github
https://github.com/fastapi/typer,stars,2025-03-01,16208,github
https://github.com/fastapi/typer,stars,2025-03-08,16272,github
https://github.com/fastapi/typer,stars,2025-03-15,16331,github
https://github.com/fastapi/typer,stars,2025-03-22,16381,github
https://github.com/fastapi/typer,stars,2025-03-29,16424,github
https://github.com/fastapi/typer,stars,2025-04-05,16470,github
https://github.com/fastapi/typer,stars,2025-04-12,16532,github
https://github.com/fastapi/typer,stars,2025-04-19,16583,github
https://github.com/fastapi/typer,stars,2025-04-26,16614,github
https://github.com/fastapi/typer,stars,2025-05-03,16663,github
https://github.com/fastapi/typer,stars,2025-05-10,16732,github
https://github.com/fastapi/typer,stars,2025-05-17,16788,github
https://github.com/fastapi/typer,stars,2025-05-24,16838,github
https://github.com/fastapi/typer,stars,2025-05-31,16901,github
https://github.com/fastapi/typer,stars,2025-06-07,16945,github
https://github.com/fastapi/typer,stars,2025-06-14,16982,github
https://github.com/fastapi/typer,stars,2025-06-21,17035,github
https://github.com/fastapi/typer,stars,2025-06-28,17084,github
https://github.com/fastapi/typer,stars,2025-07-05,17130,github
https://github.com/fastapi/typer,stars,2025-07-12,17191,github
https://github.com/fastapi/typer,stars,2025-07-19,17236,github
https://github.com/fastapi/typer,stars,2025-07-26,17285,github
https://github.com/fastapi/typer,stars,2025-08-02,17335,github
https://github.com/fastapi/typer,stars,2025-08-09,17384,github
https://github.com/fastapi/typer,stars,2025-08-16,17422,github
https://github.com/fastapi/typer,stars,2025-08-23,17489,github
https://github.com/fastapi/typer,stars,2025-08-30,17535,github
https://github.com/fastapi/typer,stars,2025-09-06,17592,github
https://github.com/fastapi/typer,stars,2025-09-13,17640,github
https://github.com/fastapi/typer,stars,2025-09-20,17695,github
https://github.com/fastapi/typer,stars,2025-09-27,17744,github
https://github.com/fastapi/typer,stars,2025-10-04,17786,github
https://github.com/fastapi/typer,stars,2025-10-11,17840,github
https://github.com/fastapi/typer,stars,2025-10-18,17884,github
https://github.com/fastapi/typer,stars,2025-10-25,17927,github
https://github.com/fastapi/typer,stars,2025-11-01,17981,github
https://github.com/fastapi/typer,stars,2025-11-08,18030,github
https://github.com/fastapi/typer,stars,2025-11-15,18085,github
https://github.com/fastapi/typer,stars,2025-11-22,18135,github
https://github.com/fastapi/typer,stars,2025-11-29,18185,github
https://github.com/fastapi/typer,stars,2025-12-06,18231,github
https://github.com/fastapi/typer,stars,2025-12-13,18280,github
https://github.com/fastapi/typer,stars,2025-12-20,18322,github
https://github.com/fastapi/typer,stars,2025-12-27,18361,github
https://github.com/fastapi/typer,stars,2026-01-03,18396,github
https://github.com/fastapi/typer,stars,2026-01-10,18426,github
https://github.com/fastapi/typer,stars,2026-01-17,18473,github
https://github.com/fastapi/typer,stars,2026-01-24,18516,github
https://github.com/fastapi/typer,stars,2026-01-31,18560,github
https://github.com/fastapi/typer,stars,2026-02-07,18621,github
https://github.com/fastapi/typer,stars,2026-02-14,18673,github
https://github.com/fastapi/typer,stars,2026-02-21,18721,github
https://github.com/fastapi/typer,stars,2026-02-28,18778,github
https://github.com/fastapi/typer,stars,2026-03-07,18823,github
https://github.com/fastapi/typer,stars,2026-03-14,18869,github
https://github.com/fastapi/typer,stars,2026-03-21,18920,github
https://github.com/fastapi/typer,stars,2026-03-28,18956,github
https://github.com/fastapi/typer,stars,2026-04-04,19019,github
https://github.com/fastapi/typer,stars,2026-04-11,19070,github
https://github.com/fastapi/typer,stars,2026-04-18,19122,github
https://github.com/fastapi/typer,stars,2026-04-25,19172,github
https://github.com/fastapi/typer,stars,2026-05-02,19230,github
https://github.com/fastapi/typer,stars,2026-05-09,19273,github
https://github.com/fastapi/typer,stars,2026-05-16,19319,github
https://github.com/fastapi/typer,stars,2026-05-23,19364,github
https://github.com/fastapi/typer,stars,2026-05-30,19410,github
https://github.com/fastapi/typer,stars,2026-06-06,19445,github
https://github.com/fastapi/typer,stars,2026-06-13,19485,github
https://github.com/fastapi/typer,stars,2026-06-20,19551,github
https://github.com/fastapi/typer,stars,2026-06-27,19588,github
https://github.com/fastapi/typer,stars,2026-07-04,19625,github
https://github.com/fastapi/typer,stars,2026-07-11,19686,github
https://github.com/fastapi/typer,stars,2026-07-18,19729,github
https://github.com/fastapi/typer,stars,2026-07-25,19757,github
https://github.com/fastapi/typer,stars,2026-08-01,19807,github
https://github.com/fastapi/typer,stars,2026-08-08,19841,github
https://github.com/fastapi/typer,stars,2026-08-15,19865,github
https://github.com/fastapi/typer,stars,2026-08-17,19897,sample
https://github.com/fastapi/typer,stars,2026-08-18,19902,sample
https://github.com/fastapi/typer,stars,2026-08-21,19889,github
https://github.com/fastapi/typer,stars,2026-08-25,19919,sample
https://github.com/fastapi/typer,stars,2026-08-29,19911,github
https://github.com/fastapi/typer,stars,2026-09-01,19941,sample
https://github.com/fastapi/typer,stars,2026-09-05,19935,github
https://github.com/fastapi/typer,stars,2026-09-08,19962,sample
https://github.com/fastapi/typer,stars,2026-09-12,19961,github
https://github.com/fastapi/typer,stars,2026-09-15,19984,sample
https://github.com/fastapi/typer,stars,2026-09-19,19993,github
https://github.com/fastapi/typer,stars,2026-09-22,20006,sample
https://github.com/fastapi/typer,stars,2026-09-26,20031,github
https://github.com/fastapi/typer,stars,2026-09-29,20040,github
https://github.com/google/python-fire,commit,2026-08-17,2025-08-16,sample
https://github.com/google/python-fire,release,2026-08-17,2025-08-16,sample
https://github.com/google/python-fire,release_source,2026-08-17,release,sample
https://github.com/google/python-fire,stars,2017-02-21,0,created
https://github.com/google/python-fire,stars,2017-02-23,5,github
https://github.com/google/python-fire,stars,2017-03-04,1612,github
https://github.com/google/python-fire,stars,2017-03-11,3883,github
https://github.com/google/python-fire,stars,2017-03-18,4379,github
https://github.com/google/python-fire,stars,2017-03-25,4733,github
https://github.com/google/python-fire,stars,2017-04-01,5030,github
https://github.com/google/python-fire,stars,2017-04-08,5248,github
https://github.com/google/python-fire,stars,2017-04-15,5329,github
https://github.com/google/python-fire,stars,2017-04-22,5382,github
https://github.com/google/python-fire,stars,2017-04-29,5435,github
https://github.com/google/python-fire,stars,2017-05-06,5485,github
https://github.com/google/python-fire,stars,2017-05-13,5528,github
https://github.com/google/python-fire,stars,2017-05-20,5582,github
https://github.com/google/python-fire,stars,2017-05-27,5673,github
https://github.com/google/python-fire,stars,2017-06-03,5712,github
https://github.com/google/python-fire,stars,2017-06-10,5738,github
https://github.com/google/python-fire,stars,2017-06-17,5772,github
https://github.com/google/python-fire,stars,2017-06-24,5802,github
https://github.com/google/python-fire,stars,2017-07-01,5832,github
https://github.com/google/python-fire,stars,2017-07-08,5851,github
https://github.com/google/python-fire,stars,2017-07-15,5881,github
https://github.com/google/python-fire,stars,2017-07-22,5923,github
https://github.com/google/python-fire,stars,2017-07-29,5956,github
https://github.com/google/python-fire,stars,2017-08-05,5972,github
https://github.com/google/python-fire,stars,2017-08-12,5991,github
https://github.com/google/python-fire,stars,2017-08-19,6016,github
https://github.com/google/python-fire,stars,2017-08-26,6041,github
https://github.com/google/python-fire,stars,2017-09-02,6072,github
https://github.com/google/python-fire,stars,2017-09-09,6092,github
https://github.com/google/python-fire,stars,2017-09-16,6121,github
https://github.com/google/python-fire,stars,2017-09-23,6149,github
https://github.com/google/python-fire,stars,2017-09-30,6168,github
https://github.com/google/python-fire,stars,2017-10-07,6188,github
https://github.com/google/python-fire,stars,2017-10-14,6210,github
https://github.com/google/python-fire,stars,2017-10-21,6240,github
https://github.com/google/python-fire,stars,2017-10-28,6266,github
https://github.com/google/python-fire,stars,2017-11-04,6299,github
https://github.com/google/python-fire,stars,2017-11-11,6321,github
https://github.com/google/python-fire,stars,2017-11-18,6462,github
https://github.com/google/python-fire,stars,2017-11-25,6512,github
https://github.com/google/python-fire,stars,2017-12-02,6543,github
https://github.com/google/python-fire,stars,2017-12-09,6574,github
https://github.com/google/python-fire,stars,2017-12-16,6623,github
https://github.com/google/python-fire,stars,2017-12-23,6767,github
https://github.com/google/python-fire,stars,2017-12-30,6959,github
https://github.com/google/python-fire,stars,2018-01-06,7041,github
https://github.com/google/python-fire,stars,2018-01-13,7293,github
https://github.com/google/python-fire,stars,2018-01-20,7429,github
https://github.com/google/python-fire,stars,2018-01-27,7496,github
https://github.com/google/python-fire,stars,2018-02-03,7553,github
https://github.com/google/python-fire,stars,2018-02-10,7602,github
https://github.com/google/python-fire,stars,2018-02-17,7664,github
https://github.com/google/python-fire,stars,2018-02-24,7776,github
https://github.com/google/python-fire,stars,2018-03-03,7896,github
https://github.com/google/python-fire,stars,2018-03-10,7954,github
https://github.com/google/python-fire,stars,2018-03-17,8007,github
https://github.com/google/python-fire,stars,2018-03-24,8048,github
https://github.com/google/python-fire,stars,2018-03-31,8104,github
https://github.com/google/python-fire,stars,2018-04-07,8172,github
https://github.com/google/python-fire,stars,2018-04-14,8212,github
https://github.com/google/python-fire,stars,2018-04-21,8260,github
https://github.com/google/python-fire,stars,2018-04-28,8327,github
https://github.com/google/python-fire,stars,2018-05-05,8348,github
https://github.com/google/python-fire,stars,2018-05-12,8392,github
https://github.com/google/python-fire,stars,2018-05-19,8442,github
https://github.com/google/python-fire,stars,2018-05-26,8486,github
https://github.com/google/python-fire,stars,2018-06-02,8542,github
https://github.com/google/python-fire,stars,2018-06-09,8605,github
https://github.com/google/python-fire,stars,2018-06-16,8672,github
https://github.com/google/python-fire,stars,2018-06-23,8708,github
https://github.com/google/python-fire,stars,2018-06-30,8766,github
https://github.com/google/python-fire,stars,2018-07-07,8828,github
https://github.com/google/python-fire,stars,2018-07-14,8901,github
https://github.com/google/python-fire,stars,2018-07-21,8948,github
https://github.com/google/python-fire,stars,2018-07-28,8995,github
https://github.com/google/python-fire,stars,2018-08-04,9038,github
https://github.com/google/python-fire,stars,2018-08-11,9072,github
https://github.com/google/python-fire,stars,2018-08-18,9806,github
https://github.com/google/python-fire,stars,2018-08-25,10833,github
https://github.com/google/python-fire,stars,2018-09-01,10989,github
https://github.com/google/python-fire,stars,2018-09-08,11094,github
https://github.com/google/python-fire,stars,2018-09-15,11150,github
https://github.com/google/python-fire,stars,2018-09-22,11224,github
https://github.com/google/python-fire,stars,2018-09-29,11264,github
https://github.com/google/python-fire,stars,2018-10-06,11294,github
https://github.com/google/python-fire,stars,2018-10-13,11348,github
https://github.com/google/python-fire,stars,2018-10-20,11418,github
https://github.com/google/python-fire,stars,2018-10-27,11506,github
https://github.com/google/python-fire,stars,2018-11-03,11651,github
https://github.com/google/python-fire,stars,2018-11-10,11722,github
https://github.com/google/python-fire,stars,2018-11-17,11781,github
https://github.com/google/python-fire,stars,2018-11-24,11827,github
https://github.com/google/python-fire,stars,2018-12-01,11887,github
https://github.com/google/python-fire,stars,2018-12-08,11945,github
https://github.com/google/python-fire,stars,2018-12-15,11991,github
https://github.com/google/python-fire,stars,2018-12-22,12045,github
https://github.com/google/python-fire,stars,2018-12-29,12078,github
https://github.com/google/python-fire,stars,2019-01-05,12124,github
https://github.com/google/python-fire,stars,2019-01-12,12183,github
https://github.com/google/python-fire,stars,2019-01-19,12213,github
https://github.com/google/python-fire,stars,2019-01-26,12257,github
https://github.com/google/python-fire,stars,2019-02-02,12291,github
https://github.com/google/python-fire,stars,2019-02-09,12321,github
https://github.com/google/python-fire,stars,2019-02-16,12367,github
https://github.com/google/python-fire,stars,2019-02-23,12433,github
https://github.com/google/python-fire,stars,2019-03-02,12483,github
https://github.com/google/python-fire,stars,2019-03-09,12537,github
https://github.com/google/python-fire,stars,2019-03-16,12628,github
https://github.com/google/python-fire,stars,2019-03-23,12697,github
https://github.com/google/python-fire,stars,2019-03-30,12755,github
https://github.com/google/python-fire,stars,2019-04-06,12799,github
https://github.com/google/python-fire,stars,2019-04-13,12859,github
https://github.com/google/python-fire,stars,2019-04-20,12904,github
https://github.com/google/python-fire,stars,2019-04-27,12961,github
https://github.com/google/python-fire,stars,2019-05-04,12991,github
https://github.com/google/python-fire,stars,2019-05-11,13036,github
https://github.com/google/python-fire,stars,2019-05-18,13070,github
https://github.com/google/python-fire,stars,2019-05-25,13112,github
https://github.com/google/python-fire,stars,2019-06-01,13161,github
https://github.com/google/python-fire,stars,2019-06-08,13198,github
https://github.com/google/python-fire,stars,2019-06-15,13238,github
https://github.com/google/python-fire,stars,2019-06-22,13296,github
https://github.com/google/python-fire,stars,2019-06-29,13344,github
https://github.com/google/python-fire,stars,2019-07-06,13403,github
https://github.com/google/python-fire,stars,2019-07-13,13440,github
https://github.com/google/python-fire,stars,2019-07-20,13481,github
https://github.com/google/python-fire,stars,2019-07-27,13536,github
https://github.com/google/python-fire,stars,2019-08-03,13614,github
https://github.com/google/python-fire,stars,2019-08-10,13705,github
https://github.com/google/python-fire,stars,2019-08-17,13789,github
https://github.com/google/python-fire,stars,2019-08-24,13849,github
https://github.com/google/python-fire,stars,2019-08-31,14010,github
https://github.com/google/python-fire,stars,2019-09-07,14070,github
https://github.com/google/python-fire,stars,2019-09-14,14147,github
https://github.com/google/python-fire,stars,2019-09-21,14200,github
https://github.com/google/python-fire,stars,2019-09-28,14307,github
https://github.com/google/python-fire,stars,2019-10-05,14354,github
https://github.com/google/python-fire,stars,2019-10-12,14433,github
https://github.com/google/python-fire,stars,2019-10-19,14478,github
https://github.com/google/python-fire,stars,2019-10-26,14509,github
https://github.com/google/python-fire,stars,2019-11-02,14551,github
https://github.com/google/python-fire,stars,2019-11-09,14620,github
https://github.com/google/python-fire,stars,2019-11-16,14655,github
https://github.com/google/python-fire,stars,2019-11-23,14690,github
https://github.com/google/python-fire,stars,2019-11-30,14743,github
https://github.com/google/python-fire,stars,2019-12-07,14855,github
https://github.com/google/python-fire,stars,2019-12-14,14904,github
https://github.com/google/python-fire,stars,2019-12-21,14947,github
https://github.com/google/python-fire,stars,2019-12-28,14993,github
https://github.com/google/python-fire,stars,2020-01-04,15016,github
https://github.com/google/python-fire,stars,2020-01-11,15069,github
https://github.com/google/python-fire,stars,2020-01-18,15114,github
https://github.com/google/python-fire,stars,2020-01-25,15150,github
https://github.com/google/python-fire,stars,2020-02-01,15193,github
https://github.com/google/python-fire,stars,2020-02-08,15233,github
https://github.com/google/python-fire,stars,2020-02-15,15271,github
https://github.com/google/python-fire,stars,2020-02-22,15314,github
https://github.com/google/python-fire,stars,2020-02-29,15356,github
https://github.com/google/python-fire,stars,2020-03-07,15404,github
https://github.com/google/python-fire,stars,2020-03-14,15433,github
https://github.com/google/python-fire,stars,2020-03-21,15496,github
https://github.com/google/python-fire,stars,2020-03-28,15533,github
https://github.com/google/python-fire,stars,2020-04-04,15574,github
https://github.com/google/python-fire,stars,2020-04-11,15613,github
https://github.com/google/python-fire,stars,2020-04-18,15657,github
https://github.com/google/python-fire,stars,2020-04-25,15702,github
https://github.com/google/python-fire,stars,2020-05-02,15774,github
https://github.com/google/python-fire,stars,2020-05-09,15819,github
https://github.com/google/python-fire,stars,2020-05-16,15880,github
https://github.com/google/python-fire,stars,2020-05-23,15973,github
https://github.com/google/python-fire,stars,2020-05-30,16052,github
https://github.com/google/python-fire,stars,2020-06-06,16087,github
https://github.com/google/python-fire,stars,2020-06-13,16150,github
https://github.com/google/python-fire,stars,2020-06-20,16221,github
https://github.com/google/python-fire,stars,2020-06-27,16253,github
https://github.com/google/python-fire,stars,2020-07-04,16291,github
https://github.com/google/python-fire,stars,2020-07-11,16322,github
https://github.com/google/python-fire,stars,2020-07-18,16351,github
https://github.com/google/python-fire,stars,2020-07-25,16384,github
https://github.com/google/python-fire,stars,2020-08-01,16431,github
https://github.com/google/python-fire,stars,2020-08-08,16497,github
https://github.com/google/python-fire,stars,2020-08-15,16560,github
https://github.com/google/python-fire,stars,2020-08-22,16600,github
https://github.com/google/python-fire,stars,2020-08-29,16633,github
https://github.com/google/python-fire,stars,2020-09-05,16673,github
https://github.com/google/python-fire,stars,2020-09-12,16696,github
https://github.com/google/python-fire,stars,2020-09-19,16730,github
https://github.com/google/python-fire,stars,2020-09-26,16759,github
https://github.com/google/python-fire,stars,2020-10-03,16801,github
https://github.com/google/python-fire,stars,2020-10-10,16858,github
https://github.com/google/python-fire,stars,2020-10-17,16899,github
https://github.com/google/python-fire,stars,2020-10-24,16952,github
https://github.com/google/python-fire,stars,2020-10-31,16978,github
https://github.com/google/python-fire,stars,2020-11-07,17000,github
https://github.com/google/python-fire,stars,2020-11-14,17183,github
https://github.com/google/python-fire,stars,2020-11-21,17257,github
https://github.com/google/python-fire,stars,2020-11-28,17291,github
https://github.com/google/python-fire,stars,2020-12-05,17325,github
https://github.com/google/python-fire,stars,2020-12-12,17385,github
https://github.com/google/python-fire,stars,2020-12-19,17441,github
https://github.com/google/python-fire,stars,2020-12-25,17485,github
https://github.com/google/python-fire,stars,2021-01-02,17518,github
https://github.com/google/python-fire,stars,2021-01-09,17558,github
https://github.com/google/python-fire,stars,2021-01-16,17595,github
https://github.com/google/python-fire,stars,2021-01-23,17635,github
https://github.com/google/python-fire,stars,2021-01-30,17662,github
https://github.com/google/python-fire,stars,2021-02-06,17695,github
https://github.com/google/python-fire,stars,2021-02-13,17740,github
https://github.com/google/python-fire,stars,2021-02-20,17772,github
https://github.com/google/python-fire,stars,2021-02-27,17808,github
https://github.com/google/python-fire,stars,2021-03-06,17854,github
https://github.com/google/python-fire,stars,2021-03-13,17897,github
https://github.com/google/python-fire,stars,2021-03-20,17936,github
https://github.com/google/python-fire,stars,2021-03-27,17963,github
https://github.com/google/python-fire,stars,2021-04-03,17994,github
https://github.com/google/python-fire,stars,2021-04-10,18030,github
https://github.com/google/python-fire,stars,2021-04-16,18066,github
https://github.com/google/python-fire,stars,2021-04-24,18097,github
https://github.com/google/python-fire,stars,2021-05-01,18129,github
https://github.com/google/python-fire,stars,2021-05-08,18167,github
https://github.com/google/python-fire,stars,2021-05-15,18216,github
https://github.com/google/python-fire,stars,2021-05-22,18246,github
https://github.com/google/python-fire,stars,2021-05-29,18269,github
https://github.com/google/python-fire,stars,2021-06-05,18296,github
https://github.com/google/python-fire,stars,2021-06-12,18317,github
https://github.com/google/python-fire,stars,2021-06-19,18768,github
https://github.com/google/python-fire,stars,2021-06-26,18806,github
https://github.com/google/python-fire,stars,2021-07-02,18840,github
https://github.com/google/python-fire,stars,2021-07-10,18881,github
https://github.com/google/python-fire,stars,2021-07-17,18914,github
https://github.com/google/python-fire,stars,2021-07-24,18941,github
https://github.com/google/python-fire,stars,2021-07-31,18980,github
https://github.com/google/python-fire,stars,2021-08-07,19008,github
https://github.com/google/python-fire,stars,2021-08-14,19043,github
https://github.com/google/python-fire,stars,2021-08-21,19062,github
https://github.com/google/python-fire,stars,2021-08-28,19094,github
https://github.com/google/python-fire,stars,2021-09-04,19137,github
https://github.com/google/python-fire,stars,2021-09-10,19157,github
https://github.com/google/python-fire,stars,2021-09-18,19242,github
https://github.com/google/python-fire,stars,2021-09-25,19283,github
https://github.com/google/python-fire,stars,2021-10-02,19317,github
https://github.com/google/python-fire,stars,2021-10-09,19354,github
https://github.com/google/python-fire,stars,2021-10-16,19389,github
https://github.com/google/python-fire,stars,2021-10-23,19427,github
https://github.com/google/python-fire,stars,2021-10-30,19477,github
https://github.com/google/python-fire,stars,2021-11-06,19503,github
https://github.com/google/python-fire,stars,2021-11-13,19531,github
https://github.com/google/python-fire,stars,2021-11-20,19562,github
https://github.com/google/python-fire,stars,2021-11-27,19589,github
https://github.com/google/python-fire,stars,2021-12-04,19613,github
https://github.com/google/python-fire,stars,2021-12-11,19641,github
https://github.com/google/python-fire,stars,2021-12-18,19662,github
https://github.com/google/python-fire,stars,2021-12-25,19691,github
https://github.com/google/python-fire,stars,2022-01-01,20652,github
https://github.com/google/python-fire,stars,2022-01-08,20786,github
https://github.com/google/python-fire,stars,2022-01-15,20844,github
https://github.com/google/python-fire,stars,2022-01-22,20916,github
https://github.com/google/python-fire,stars,2022-01-29,20973,github
https://github.com/google/python-fire,stars,2022-02-05,21001,github
https://github.com/google/python-fire,stars,2022-02-12,21026,github
https://github.com/google/python-fire,stars,2022-02-19,21065,github
https://github.com/google/python-fire,stars,2022-02-26,21096,github
https://github.com/google/python-fire,stars,2022-03-05,21134,github
https://github.com/google/python-fire,stars,2022-03-12,21167,github
https://github.com/google/python-fire,stars,2022-03-19,21200,github
https://github.com/google/python-fire,stars,2022-03-26,21228,github
https://github.com/google/python-fire,stars,2022-04-02,21268,github
https://github.com/google/python-fire,stars,2022-04-09,21308,github
https://github.com/google/python-fire,stars,2022-04-16,21344,github
https://github.com/google/python-fire,stars,2022-04-23,21409,github
https://github.com/google/python-fire,stars,2022-04-30,21478,github
https://github.com/google/python-fire,stars,2022-05-07,21515,github
https://github.com/google/python-fire,stars,2022-05-14,21575,github
https://github.com/google/python-fire,stars,2022-05-21,21611,github
https://github.com/google/python-fire,stars,2022-05-28,21643,github
https://github.com/google/python-fire,stars,2022-06-04,21684,github
https://github.com/google/python-fire,stars,2022-06-11,21728,github
https://github.com/google/python-fire,stars,2022-06-18,21759,github
https://github.com/google/python-fire,stars,2022-06-25,21805,github
https://github.com/google/python-fire,stars,2022-07-02,21846,github
https://github.com/google/python-fire,stars,2022-07-09,21883,github
https://github.com/google/python-fire,stars,2022-07-16,21916,github
https://github.com/google/python-fire,stars,2022-07-23,21955,github
https://github.com/google/python-fire,stars,2022-07-30,21986,github
https://github.com/google/python-fire,stars,2022-08-06,22022,github
https://github.com/google/python-fire,stars,2022-08-13,22057,github
https://github.com/google/python-fire,stars,2022-08-20,22085,github
https://github.com/google/python-fire,stars,2022-08-27,22129,github
https://github.com/google/python-fire,stars,2022-09-03,22185,github
https://github.com/google/python-fire,stars,2022-09-10,22227,github
https://github.com/google/python-fire,stars,2022-09-17,22255,github
https://github.com/google/python-fire,stars,2022-09-24,22283,github
https://github.com/google/python-fire,stars,2022-10-01,22358,github
https://github.com/google/python-fire,stars,2022-10-08,22419,github
https://github.com/google/python-fire,stars,2022-10-15,22460,github
https://github.com/google/python-fire,stars,2022-10-22,22498,github
https://github.com/google/python-fire,stars,2022-10-29,22531,github
https://github.com/google/python-fire,stars,2022-11-05,22566,github
https://github.com/google/python-fire,stars,2022-11-12,22599,github
https://github.com/google/python-fire,stars,2022-11-19,22623,github
https://github.com/google/python-fire,stars,2022-11-26,22652,github
https://github.com/google/python-fire,stars,2022-12-03,22689,github
https://github.com/google/python-fire,stars,2022-12-10,22727,github
https://github.com/google/python-fire,stars,2022-12-17,22769,github
https://github.com/google/python-fire,stars,2022-12-24,22832,github
https://github.com/google/python-fire,stars,2022-12-31,22876,github
https://github.com/google/python-fire,stars,2023-01-07,22917,github
https://github.com/google/python-fire,stars,2023-01-14,22964,github
https://github.com/google/python-fire,stars,2023-01-21,23003,github
https://github.com/google/python-fire,stars,2023-01-28,23034,github
https://github.com/google/python-fire,stars,2023-02-04,23064,github
https://github.com/google/python-fire,stars,2023-02-11,23132,github
https://github.com/google/python-fire,stars,2023-02-18,23198,github
https://github.com/google/python-fire,stars,2023-02-25,23300,github
https://github.com/google/python-fire,stars,2023-03-04,23366,github
https://github.com/google/python-fire,stars,2023-03-11,23424,github
https://github.com/google/python-fire,stars,2023-03-18,23480,github
https://github.com/google/python-fire,stars,2023-03-25,23541,github
https://github.com/google/python-fire,stars,2023-04-01,23596,github
https://github.com/google/python-fire,stars,2023-04-08,23631,github
https://github.com/google/python-fire,stars,2023-04-15,23677,github
https://github.com/google/python-fire,stars,2023-04-22,23716,github
https://github.com/google/python-fire,stars,2023-04-29,23760,github
https://github.com/google/python-fire,stars,2023-05-06,23794,github
https://github.com/google/python-fire,stars,2023-05-13,23835,github
https://github.com/google/python-fire,stars,2023-05-20,23875,github
https://github.com/google/python-fire,stars,2023-05-27,23923,github
https://github.com/google/python-fire,stars,2023-06-03,23960,github
https://github.com/google/python-fire,stars,2023-06-10,24001,github
https://github.com/google/python-fire,stars,2023-06-17,24038,github
https://github.com/google/python-fire,stars,2023-06-24,24075,github
https://github.com/google/python-fire,stars,2023-07-01,24114,github
https://github.com/google/python-fire,stars,2023-07-08,24164,github
https://github.com/google/python-fire,stars,2023-07-14,24200,github
https://github.com/google/python-fire,stars,2023-07-22,24267,github
https://github.com/google/python-fire,stars,2023-07-29,24314,github
https://github.com/google/python-fire,stars,2023-08-05,24351,github
https://github.com/google/python-fire,stars,2023-08-12,24393,github
https://github.com/google/python-fire,stars,2023-08-19,24429,github
https://github.com/google/python-fire,stars,2023-08-26,24474,github
https://github.com/google/python-fire,stars,2023-09-02,24511,github
https://github.com/google/python-fire,stars,2023-09-09,24555,github
https://github.com/google/python-fire,stars,2023-09-16,24593,github
https://github.com/google/python-fire,stars,2023-09-23,24637,github
https://github.com/google/python-fire,stars,2023-09-30,24675,github
https://github.com/google/python-fire,stars,2023-10-07,24711,github
https://github.com/google/python-fire,stars,2023-10-14,24755,github
https://github.com/google/python-fire,stars,2023-10-21,24791,github
https://github.com/google/python-fire,stars,2023-10-28,24833,github
https://github.com/google/python-fire,stars,2023-11-04,24857,github
https://github.com/google/python-fire,stars,2023-11-11,24892,github
https://github.com/google/python-fire,stars,2023-11-18,24930,github
https://github.com/google/python-fire,stars,2023-11-25,24957,github
https://github.com/google/python-fire,stars,2023-12-02,25024,github
https://github.com/google/python-fire,stars,2023-12-09,25062,github
https://github.com/google/python-fire,stars,2023-12-16,25112,github
https://github.com/google/python-fire,stars,2023-12-23,25131,github
https://github.com/google/python-fire,stars,2023-12-30,25169,github
https://github.com/google/python-fire,stars,2024-01-06,25208,github
https://github.com/google/python-fire,stars,2024-01-13,25244,github
https://github.com/google/python-fire,stars,2024-01-20,25287,github
https://github.com/google/python-fire,stars,2024-01-27,25313,github
https://github.com/google/python-fire,stars,2024-02-03,25347,github
https://github.com/google/python-fire,stars,2024-02-10,25375,github
https://github.com/google/python-fire,stars,2024-02-17,25428,github
https://github.com/google/python-fire,stars,2024-02-24,25466,github
https://github.com/google/python-fire,stars,2024-03-02,25504,github
https://github.com/google/python-fire,stars,2024-03-09,25533,github
https://github.com/google/python-fire,stars,2024-03-16,25571,github
https://github.com/google/python-fire,stars,2024-03-23,25618,github
https://github.com/google/python-fire,stars,2024-03-30,25664,github
https://github.com/google/python-fire,stars,2024-04-06,25693,github
https://github.com/google/python-fire,stars,2024-04-13,25743,github
https://github.com/google/python-fire,stars,2024-04-20,25777,github
https://github.com/google/python-fire,stars,2024-04-27,25816,github
https://github.com/google/python-fire,stars,2024-05-04,25837,github
https://github.com/google/python-fire,stars,2024-05-11,25869,github
https://github.com/google/python-fire,stars,2024-05-18,25901,github
https://github.com/google/python-fire,stars,2024-05-25,25929,github
https://github.com/google/python-fire,stars,2024-06-01,25961,github
https://github.com/google/python-fire,stars,2024-06-08,25990,github
https://github.com/google/python-fire,stars,2024-06-15,26015,github
https://github.com/google/python-fire,stars,2024-06-22,26035,github
https://github.com/google/python-fire,stars,2024-06-29,26061,github
https://github.com/google/python-fire,stars,2024-07-06,26091,github
https://github.com/google/python-fire,stars,2024-07-13,26125,github
https://github.com/google/python-fire,stars,2024-07-20,26158,github
https://github.com/google/python-fire,stars,2024-07-27,26186,github
https://github.com/google/python-fire,stars,2024-08-03,26241,github
https://github.com/google/python-fire,stars,2024-08-10,26278,github
https://github.com/google/python-fire,stars,2024-08-17,26310,github
https://github.com/google/python-fire,stars,2024-08-24,26327,github
https://github.com/google/python-fire,stars,2024-08-31,26372,github
https://github.com/google/python-fire,stars,2024-09-07,26407,github
https://github.com/google/python-fire,stars,2024-09-14,26433,github
https://github.com/google/python-fire,stars,2024-09-20,26462,github
https://github.com/google/python-fire,stars,2024-09-28,26495,github
https://github.com/google/python-fire,stars,2024-10-05,26522,github
https://github.com/google/python-fire,stars,2024-10-12,26545,github
https://github.com/google/python-fire,stars,2024-10-19,26572,github
https://github.com/google/python-fire,stars,2024-10-26,26606,github
https://github.com/google/python-fire,stars,2024-11-02,26629,github
https://github.com/google/python-fire,stars,2024-11-09,26658,github
https://github.com/google/python-fire,stars,2024-11-15,26682,github
https://github.com/google/python-fire,stars,2024-11-23,26722,github
https://github.com/google/python-fire,stars,2024-11-30,26750,github
https://github.com/google/python-fire,stars,2024-12-07,26824,github
https://github.com/google/python-fire,stars,2024-12-14,26855,github
https://github.com/google/python-fire,stars,2024-12-21,26883,github
https://github.com/google/python-fire,stars,2024-12-28,26906,github
https://github.com/google/python-fire,stars,2025-01-04,26931,github
https://github.com/google/python-fire,stars,2025-01-11,26948,github
https://github.com/google/python-fire,stars,2025-01-18,26968,github
https://github.com/google/python-fire,stars,2025-01-25,26984,github
https://github.com/google/python-fire,stars,2025-01-31,27003,github
https://github.com/google/python-fire,stars,2025-02-08,27025,github
https://github.com/google/python-fire,stars,2025-02-15,27041,github
https://github.com/google/python-fire,stars,2025-02-22,27056,github
https://github.com/google/python-fire,stars,2025-03-01,27076,github
https://github.com/google/python-fire,stars,2025-03-08,27096,github
https://github.com/google/python-fire,stars,2025-03-14,27117,github
https://github.com/google/python-fire,stars,2025-03-22,27142,github
https://github.com/google/python-fire,stars,2025-03-29,27162,github
https://github.com/google/python-fire,stars,2025-04-05,27193,github
https://github.com/google/python-fire,stars,2025-04-12,27213,github
https://github.com/google/python-fire,stars,2025-04-19,27233,github
https://github.com/google/python-fire,stars,2025-04-26,27263,github
https://github.com/google/python-fire,stars,2025-05-03,27274,github
https://github.com/google/python-fire,stars,2025-05-10,27291,github
https://github.com/google/python-fire,stars,2025-05-17,27313,github
https://github.com/google/python-fire,stars,2025-05-24,27327,github
https://github.com/google/python-fire,stars,2025-05-31,27351,github
https://github.com/google/python-fire,stars,2025-06-07,27366,github
https://github.com/google/python-fire,stars,2025-06-14,27388,github
https://github.com/google/python-fire,stars,2025-06-21,27405,github
https://github.com/google/python-fire,stars,2025-06-27,27419,github
https://github.com/google/python-fire,stars,2025-07-05,27441,github
https://github.com/google/python-fire,stars,2025-07-10,27457,github
https://github.com/google/python-fire,stars,2025-07-19,27477,github
https://github.com/google/python-fire,stars,2025-07-26,27491,github
https://github.com/google/python-fire,stars,2025-08-02,27517,github
https://github.com/google/python-fire,stars,2025-08-09,27537,github
https://github.com/google/python-fire,stars,2025-08-16,27556,github
https://github.com/google/python-fire,stars,2025-08-23,27571,github
https://github.com/google/python-fire,stars,2025-08-29,27592,github
https://github.com/google/python-fire,stars,2025-09-05,27606,github
https://github.com/google/python-fire,stars,2025-09-13,27623,github
https://github.com/google/python-fire,stars,2025-09-20,27640,github
https://github.com/google/python-fire,stars,2025-09-26,27660,github
https://github.com/google/python-fire,stars,2025-10-03,27672,github
https://github.com/google/python-fire,stars,2025-10-10,27686,github
https://github.com/google/python-fire,stars,2025-10-18,27698,github
https://github.com/google/python-fire,stars,2025-10-25,27712,github
https://github.com/google/python-fire,stars,2025-11-01,27724,github
https://github.com/google/python-fire,stars,2025-11-08,27734,github
https://github.com/google/python-fire,stars,2025-11-15,27753,github
https://github.com/google/python-fire,stars,2025-11-22,27767,github
https://github.com/google/python-fire,stars,2025-11-29,27785,github
https://github.com/google/python-fire,stars,2025-12-06,27797,github
https://github.com/google/python-fire,stars,2025-12-13,27809,github
https://github.com/google/python-fire,stars,2025-12-19,27824,github
https://github.com/google/python-fire,stars,2025-12-27,27834,github
https://github.com/google/python-fire,stars,2026-01-03,27848,github
https://github.com/google/python-fire,stars,2026-01-07,27856,github
https://github.com/google/python-fire,stars,2026-01-17,27867,github
https://github.com/google/python-fire,stars,2026-01-24,27883,github
https://github.com/google/python-fire,stars,2026-01-30,27891,github
https://github.com/google/python-fire,stars,2026-02-05,27903,github
https://github.com/google/python-fire,stars,2026-02-13,27926,github
https://github.com/google/python-fire,stars,2026-02-21,27940,github
https://github.com/google/python-fire,stars,2026-02-27,27955,github
https://github.com/google/python-fire,stars,2026-03-06,27968,github
https://github.com/google/python-fire,stars,2026-03-14,27982,github
https://github.com/google/python-fire,stars,2026-03-21,27990,github
https://github.com/google/python-fire,stars,2026-03-26,28000,github
https://github.com/google/python-fire,stars,2026-04-03,28012,github
https://github.com/google/python-fire,stars,2026-04-11,28027,github
https://github.com/google/python-fire,stars,2026-04-18,28046,github
https://github.com/google/python-fire,stars,2026-04-25,28062,github
https://github.com/google/python-fire,stars,2026-05-02,28070,github
https://github.com/google/python-fire,stars,2026-05-09,28077,github
https://github.com/google/python-fire,stars,2026-05-16,28087,github
https://github.com/google/python-fire,stars,2026-05-23,28099,github
https://github.com/google/python-fire,stars,2026-05-30,28107,github
https://github.com/google/python-fire,stars,2026-06-05,28114,github
https://github.com/google/python-fire,stars,2026-06-12,28122,github
https://github.com/google/python-fire,stars,2026-06-20,28133,github
https://github.com/google/python-fire,stars,2026-06-27,28138,github
https://github.com/google/python-fire,stars,2026-07-03,28147,github
https://github.com/google/python-fire,stars,2026-07-11,28156,github
https://github.com/google/python-fire,stars,2026-07-17,28162,github
https://github.com/google/python-fire,stars,2026-07-20,28163,github
https://github.com/google/python-fire,stars,2026-08-01,28172,github
https://github.com/google/python-fire,stars,2026-08-08,28175,github
https://github.com/google/python-fire,stars,2026-08-14,28181,github
https://github.com/google/python-fire,stars,2026-08-17,28208,sample
https://github.com/google/python-fire,stars,2026-08-18,28206,sample
https://github.com/google/python-fire,stars,2026-08-20,28186,github
https://github.com/google/python-fire,stars,2026-08-25,28204,sample
https://github.com/google/python-fire,stars,2026-08-28,28196,github
https://github.com/google/python-fire,stars,2026-09-01,28209,sample
https://github.com/google/python-fire,stars,2026-09-04,28205,github
https://github.com/google/python-fire,stars,2026-09-08,28216,sample
https://github.com/google/python-fire,stars,2026-09-11,28212,github
https://github.com/google/python-fire,stars,2026-09-15,28222,sample
https://github.com/google/python-fire,stars,2026-09-19,28223,github
https://github.com/google/python-fire,stars,2026-09-22,28225,sample
https://github.com/google/python-fire,stars,2026-09-25,28226,github
https://github.com/google/python-fire,stars,2026-09-29,28228,github
https://github.com/janluke/cloup,commit,2026-09-22,2026-09-18,sample
https://github.com/janluke/cloup,release,2026-09-15,2026-09-12,sample
https://github.com/janluke/cloup,release_source,2026-08-17,release,sample
https://github.com/janluke/cloup,stars,2020-02-25,0,created
https://github.com/janluke/cloup,stars,2020-02-26,2,github
https://github.com/janluke/cloup,stars,2020-08-22,3,github
https://github.com/janluke/cloup,stars,2020-08-31,4,github
https://github.com/janluke/cloup,stars,2021-02-10,4,wayback
https://github.com/janluke/cloup,stars,2021-02-13,6,github
https://github.com/janluke/cloup,stars,2021-03-21,7,github
https://github.com/janluke/cloup,stars,2021-04-01,8,github
https://github.com/janluke/cloup,stars,2021-04-07,9,github
https://github.com/janluke/cloup,stars,2021-04-25,10,github
https://github.com/janluke/cloup,stars,2021-05-11,11,github
https://github.com/janluke/cloup,stars,2021-06-14,12,github
https://github.com/janluke/cloup,stars,2021-06-23,13,github
https://github.com/janluke/cloup,stars,2021-07-01,14,github
https://github.com/janluke/cloup,stars,2021-07-08,16,github
https://github.com/janluke/cloup,stars,2021-07-12,17,github
https://github.com/janluke/cloup,stars,2021-07-23,19,github
https://github.com/janluke/cloup,stars,2021-08-13,21,github
https://github.com/janluke/cloup,stars,2021-08-28,22,github
https://github.com/janluke/cloup,stars,2021-09-08,23,github
https://github.com/janluke/cloup,stars,2021-09-13,24,github
https://github.com/janluke/cloup,stars,2021-09-25,25,github
https://github.com/janluke/cloup,stars,2021-10-27,26,github
https://github.com/janluke/cloup,stars,2021-11-10,27,github
https://github.com/janluke/cloup,stars,2021-11-27,30,wayback
https://github.com/janluke/cloup,stars,2021-11-30,28,github
https://github.com/janluke/cloup,stars,2021-12-17,29,github
https://github.com/janluke/cloup,stars,2021-12-23,30,github
https://github.com/janluke/cloup,stars,2021-12-29,31,github
https://github.com/janluke/cloup,stars,2022-01-14,33,github
https://github.com/janluke/cloup,stars,2022-03-03,34,github
https://github.com/janluke/cloup,stars,2022-03-18,36,github
https://github.com/janluke/cloup,stars,2022-03-21,37,github
https://github.com/janluke/cloup,stars,2022-04-14,38,github
https://github.com/janluke/cloup,stars,2022-04-17,39,github
https://github.com/janluke/cloup,stars,2022-05-05,41,wayback
https://github.com/janluke/cloup,stars,2022-05-06,40,github
https://github.com/janluke/cloup,stars,2022-05-09,41,github
https://github.com/janluke/cloup,stars,2022-06-09,42,github
https://github.com/janluke/cloup,stars,2022-06-27,43,github
https://github.com/janluke/cloup,stars,2022-07-07,45,github
https://github.com/janluke/cloup,stars,2022-07-20,48,github
https://github.com/janluke/cloup,stars,2022-07-27,49,github
https://github.com/janluke/cloup,stars,2022-08-02,50,github
https://github.com/janluke/cloup,stars,2022-09-09,51,github
https://github.com/janluke/cloup,stars,2022-09-29,52,github
https://github.com/janluke/cloup,stars,2022-10-07,54,github
https://github.com/janluke/cloup,stars,2022-11-06,55,github
https://github.com/janluke/cloup,stars,2022-11-27,56,github
https://github.com/janluke/cloup,stars,2022-12-16,57,github
https://github.com/janluke/cloup,stars,2022-12-22,59,github
https://github.com/janluke/cloup,stars,2023-01-28,61,github
https://github.com/janluke/cloup,stars,2023-02-01,62,github
https://github.com/janluke/cloup,stars,2023-02-11,63,github
https://github.com/janluke/cloup,stars,2023-03-23,64,github
https://github.com/janluke/cloup,stars,2023-03-26,65,github
https://github.com/janluke/cloup,stars,2023-05-05,67,github
https://github.com/janluke/cloup,stars,2023-05-13,71,github
https://github.com/janluke/cloup,stars,2023-06-22,72,github
https://github.com/janluke/cloup,stars,2023-07-10,73,github
https://github.com/janluke/cloup,stars,2023-07-22,75,github
https://github.com/janluke/cloup,stars,2023-07-27,76,github
https://github.com/janluke/cloup,stars,2023-08-04,77,github
https://github.com/janluke/cloup,stars,2023-08-14,78,github
https://github.com/janluke/cloup,stars,2023-08-23,79,github
https://github.com/janluke/cloup,stars,2023-09-04,80,github
https://github.com/janluke/cloup,stars,2023-11-15,81,github
https://github.com/janluke/cloup,stars,2023-11-23,82,github
https://github.com/janluke/cloup,stars,2023-12-17,84,github
https://github.com/janluke/cloup,stars,2023-12-27,85,github
https://github.com/janluke/cloup,stars,2024-01-19,86,github
https://github.com/janluke/cloup,stars,2024-01-27,87,github
https://github.com/janluke/cloup,stars,2024-02-08,88,github
https://github.com/janluke/cloup,stars,2024-02-28,90,github
https://github.com/janluke/cloup,stars,2024-03-06,91,github
https://github.com/janluke/cloup,stars,2024-03-27,93,github
https://github.com/janluke/cloup,stars,2024-05-03,94,github
https://github.com/janluke/cloup,stars,2024-06-17,95,github
https://github.com/janluke/cloup,stars,2024-07-10,96,github
https://github.com/janluke/cloup,stars,2024-08-23,99,github
https://github.com/janluke/cloup,stars,2024-09-02,100,github
https://github.com/janluke/cloup,stars,2024-09-10,101,github
https://github.com/janluke/cloup,stars,2024-10-02,102,github
https://github.com/janluke/cloup,stars,2024-10-17,104,wayback
https://github.com/janluke/cloup,stars,2024-11-09,104,github
https://github.com/janluke/cloup,stars,2024-12-06,106,github
https://github.com/janluke/cloup,stars,2025-01-13,107,github
https://github.com/janluke/cloup,stars,2025-01-21,108,github
https://github.com/janluke/cloup,stars,2025-01-28,109,github
https://github.com/janluke/cloup,stars,2025-02-08,111,github
https://github.com/janluke/cloup,stars,2025-02-20,112,github
https://github.com/janluke/cloup,stars,2025-02-28,113,github
https://github.com/janluke/cloup,stars,2025-03-03,112,wayback
https://github.com/janluke/cloup,stars,2025-03-06,115,github
https://github.com/janluke/cloup,stars,2025-03-15,116,github
https://github.com/janluke/cloup,stars,2025-03-20,117,github
https://github.com/janluke/cloup,stars,2025-04-21,118,github
https://github.com/janluke/cloup,stars,2025-05-21,119,github
https://github.com/janluke/cloup,stars,2025-05-29,118,wayback
https://github.com/janluke/cloup,stars,2025-07-07,120,github
https://github.com/janluke/cloup,stars,2025-07-18,121,github
https://github.com/janluke/cloup,stars,2025-08-26,122,github
https://github.com/janluke/cloup,stars,2025-08-27,121,wayback
https://github.com/janluke/cloup,stars,2025-08-31,123,github
https://github.com/janluke/cloup,stars,2025-09-21,124,github
https://github.com/janluke/cloup,stars,2025-10-03,125,github
https://github.com/janluke/cloup,stars,2025-10-29,126,github
https://github.com/janluke/cloup,stars,2026-01-02,125,wayback
https://github.com/janluke/cloup,stars,2026-01-29,127,github
https://github.com/janluke/cloup,stars,2026-03-11,128,github
https://github.com/janluke/cloup,stars,2026-04-23,129,github
https://github.com/janluke/cloup,stars,2026-05-22,130,github
https://github.com/janluke/cloup,stars,2026-06-25,131,github
https://github.com/janluke/cloup,stars,2026-07-15,132,github
https://github.com/janluke/cloup,stars,2026-08-17,132,sample
https://github.com/janluke/cloup,stars,2026-08-18,132,sample
https://github.com/janluke/cloup,stars,2026-08-23,133,github
https://github.com/janluke/cloup,stars,2026-08-25,133,sample
https://github.com/janluke/cloup,stars,2026-09-01,133,sample
https://github.com/janluke/cloup,stars,2026-09-08,133,sample
https://github.com/janluke/cloup,stars,2026-09-15,133,sample
https://github.com/janluke/cloup,stars,2026-09-22,133,sample
https://github.com/janluke/cloup,stars,2026-09-29,133,sample
https://github.com/kdeldycke/click-extra,commit,2026-09-29,2026-09-28,sample
https://github.com/kdeldycke/click-extra,release,2026-09-29,2026-09-28,sample
https://github.com/kdeldycke/click-extra,release_source,2026-08-17,release,sample
https://github.com/kdeldycke/click-extra,stars,2021-10-18,0,created
https://github.com/kdeldycke/click-extra,stars,2021-12-07,1,github
https://github.com/kdeldycke/click-extra,stars,2022-01-17,2,github
https://github.com/kdeldycke/click-extra,stars,2022-01-28,3,github
https://github.com/kdeldycke/click-extra,stars,2022-04-14,4,github
https://github.com/kdeldycke/click-extra,stars,2022-04-17,5,github
https://github.com/kdeldycke/click-extra,stars,2022-05-16,6,github
https://github.com/kdeldycke/click-extra,stars,2022-05-30,7,github
https://github.com/kdeldycke/click-extra,stars,2022-07-24,8,github
https://github.com/kdeldycke/click-extra,stars,2022-08-26,9,github
https://github.com/kdeldycke/click-extra,stars,2022-10-02,10,github
https://github.com/kdeldycke/click-extra,stars,2022-11-06,11,github
https://github.com/kdeldycke/click-extra,stars,2022-12-07,12,github
https://github.com/kdeldycke/click-extra,stars,2022-12-17,13,github
https://github.com/kdeldycke/click-extra,stars,2022-12-20,14,github
https://github.com/kdeldycke/click-extra,stars,2023-01-11,16,github
https://github.com/kdeldycke/click-extra,stars,2023-02-01,18,github
https://github.com/kdeldycke/click-extra,stars,2023-02-18,19,github
https://github.com/kdeldycke/click-extra,stars,2023-03-01,21,github
https://github.com/kdeldycke/click-extra,stars,2023-03-28,22,github
https://github.com/kdeldycke/click-extra,stars,2023-04-13,23,github
https://github.com/kdeldycke/click-extra,stars,2023-04-28,24,github
https://github.com/kdeldycke/click-extra,stars,2023-05-03,26,github
https://github.com/kdeldycke/click-extra,stars,2023-05-10,27,github
https://github.com/kdeldycke/click-extra,stars,2023-05-14,28,github
https://github.com/kdeldycke/click-extra,stars,2023-05-27,30,github
https://github.com/kdeldycke/click-extra,stars,2023-05-31,31,github
https://github.com/kdeldycke/click-extra,stars,2023-06-09,32,github
https://github.com/kdeldycke/click-extra,stars,2023-06-14,33,github
https://github.com/kdeldycke/click-extra,stars,2023-06-25,35,github
https://github.com/kdeldycke/click-extra,stars,2023-07-11,37,github
https://github.com/kdeldycke/click-extra,stars,2023-08-21,38,github
https://github.com/kdeldycke/click-extra,stars,2023-09-16,40,github
https://github.com/kdeldycke/click-extra,stars,2023-10-20,43,github
https://github.com/kdeldycke/click-extra,stars,2023-11-08,45,github
https://github.com/kdeldycke/click-extra,stars,2023-11-15,46,github
https://github.com/kdeldycke/click-extra,stars,2023-12-04,47,github
https://github.com/kdeldycke/click-extra,stars,2023-12-15,48,github
https://github.com/kdeldycke/click-extra,stars,2024-01-27,49,github
https://github.com/kdeldycke/click-extra,stars,2024-04-04,50,github
https://github.com/kdeldycke/click-extra,stars,2024-05-22,51,github
https://github.com/kdeldycke/click-extra,stars,2024-06-04,52,github
https://github.com/kdeldycke/click-extra,stars,2024-06-21,54,github
https://github.com/kdeldycke/click-extra,stars,2024-07-06,56,github
https://github.com/kdeldycke/click-extra,stars,2024-07-07,57,github
https://github.com/kdeldycke/click-extra,stars,2024-08-28,58,github
https://github.com/kdeldycke/click-extra,stars,2024-09-29,59,github
https://github.com/kdeldycke/click-extra,stars,2024-11-06,60,github
https://github.com/kdeldycke/click-extra,stars,2024-11-24,61,github
https://github.com/kdeldycke/click-extra,stars,2024-12-04,64,github
https://github.com/kdeldycke/click-extra,stars,2024-12-12,66,github
https://github.com/kdeldycke/click-extra,stars,2024-12-28,67,github
https://github.com/kdeldycke/click-extra,stars,2025-01-09,69,github
https://github.com/kdeldycke/click-extra,stars,2025-01-15,71,github
https://github.com/kdeldycke/click-extra,stars,2025-01-24,73,github
https://github.com/kdeldycke/click-extra,stars,2025-02-06,76,github
https://github.com/kdeldycke/click-extra,stars,2025-02-22,77,github
https://github.com/kdeldycke/click-extra,stars,2025-02-24,78,github
https://github.com/kdeldycke/click-extra,stars,2025-03-06,80,github
https://github.com/kdeldycke/click-extra,stars,2025-03-21,82,github
https://github.com/kdeldycke/click-extra,stars,2025-04-16,83,github
https://github.com/kdeldycke/click-extra,stars,2025-04-29,84,github
https://github.com/kdeldycke/click-extra,stars,2025-06-22,85,github
https://github.com/kdeldycke/click-extra,stars,2025-07-02,86,github
https://github.com/kdeldycke/click-extra,stars,2025-07-07,87,github
https://github.com/kdeldycke/click-extra,stars,2025-08-04,91,github
https://github.com/kdeldycke/click-extra,stars,2025-08-11,92,github
https://github.com/kdeldycke/click-extra,stars,2025-08-25,93,github
https://github.com/kdeldycke/click-extra,stars,2025-08-31,94,github
https://github.com/kdeldycke/click-extra,stars,2025-10-03,95,github
https://github.com/kdeldycke/click-extra,stars,2025-10-22,96,github
https://github.com/kdeldycke/click-extra,stars,2025-11-25,97,github
https://github.com/kdeldycke/click-extra,stars,2026-01-08,103,github
https://github.com/kdeldycke/click-extra,stars,2026-01-13,104,github
https://github.com/kdeldycke/click-extra,stars,2026-01-18,105,github
https://github.com/kdeldycke/click-extra,stars,2026-02-06,107,github
https://github.com/kdeldycke/click-extra,stars,2026-03-07,108,github
https://github.com/kdeldycke/click-extra,stars,2026-03-24,109,github
https://github.com/kdeldycke/click-extra,stars,2026-04-16,110,github
https://github.com/kdeldycke/click-extra,stars,2026-05-03,111,github
https://github.com/kdeldycke/click-extra,stars,2026-05-22,114,github
https://github.com/kdeldycke/click-extra,stars,2026-06-03,115,github
https://github.com/kdeldycke/click-extra,stars,2026-06-24,117,github
https://github.com/kdeldycke/click-extra,stars,2026-07-18,119,github
https://github.com/kdeldycke/click-extra,stars,2026-08-17,120,sample
https://github.com/kdeldycke/click-extra,stars,2026-08-18,120,sample
https://github.com/kdeldycke/click-extra,stars,2026-08-25,120,sample
https://github.com/kdeldycke/click-extra,stars,2026-08-29,120,github
https://github.com/kdeldycke/click-extra,stars,2026-09-01,121,github
https://github.com/kdeldycke/click-extra,stars,2026-09-08,121,sample
https://github.com/kdeldycke/click-extra,stars,2026-09-15,122,sample
https://github.com/kdeldycke/click-extra,stars,2026-09-17,123,github
https://github.com/kdeldycke/click-extra,stars,2026-09-22,123,sample
https://github.com/kdeldycke/click-extra,stars,2026-09-29,123,sample
https://github.com/pacak/bpaf,commit,2026-09-22,2026-09-17,sample
https://github.com/pacak/bpaf,release,2026-09-22,2026-09-17,sample
https://github.com/pacak/bpaf,release_source,2026-08-17,tag,sample
https://github.com/pacak/bpaf,stars,2021-11-17,0,created
https://github.com/pacak/bpaf,stars,2022-02-17,1,github
https://github.com/pacak/bpaf,stars,2022-03-10,3,github
https://github.com/pacak/bpaf,stars,2022-03-19,6,github
https://github.com/pacak/bpaf,stars,2022-03-20,7,github
https://github.com/pacak/bpaf,stars,2022-04-06,9,github
https://github.com/pacak/bpaf,stars,2022-04-15,45,github
https://github.com/pacak/bpaf,stars,2022-04-22,49,github
https://github.com/pacak/bpaf,stars,2022-04-25,51,github
https://github.com/pacak/bpaf,stars,2022-06-08,53,github
https://github.com/pacak/bpaf,stars,2022-06-25,55,github
https://github.com/pacak/bpaf,stars,2022-06-26,56,github
https://github.com/pacak/bpaf,stars,2022-07-14,57,github
https://github.com/pacak/bpaf,stars,2022-07-30,59,github
https://github.com/pacak/bpaf,stars,2022-08-06,62,github
https://github.com/pacak/bpaf,stars,2022-08-07,63,github
https://github.com/pacak/bpaf,stars,2022-08-14,65,github
https://github.com/pacak/bpaf,stars,2022-08-24,73,github
https://github.com/pacak/bpaf,stars,2022-09-03,77,github
https://github.com/pacak/bpaf,stars,2022-09-05,79,github
https://github.com/pacak/bpaf,stars,2022-09-17,85,github
https://github.com/pacak/bpaf,stars,2022-09-24,110,github
https://github.com/pacak/bpaf,stars,2022-09-30,125,github
https://github.com/pacak/bpaf,stars,2022-10-06,134,github
https://github.com/pacak/bpaf,stars,2022-10-13,139,github
https://github.com/pacak/bpaf,stars,2022-10-19,141,github
https://github.com/pacak/bpaf,stars,2022-10-26,143,github
https://github.com/pacak/bpaf,stars,2022-11-04,145,github
https://github.com/pacak/bpaf,stars,2022-11-10,147,github
https://github.com/pacak/bpaf,stars,2022-11-18,149,github
https://github.com/pacak/bpaf,stars,2022-11-22,153,github
https://github.com/pacak/bpaf,stars,2022-12-03,157,github
https://github.com/pacak/bpaf,stars,2022-12-10,162,github
https://github.com/pacak/bpaf,stars,2022-12-17,163,github
https://github.com/pacak/bpaf,stars,2022-12-20,164,github
https://github.com/pacak/bpaf,stars,2022-12-31,166,github
https://github.com/pacak/bpaf,stars,2023-01-07,167,github
https://github.com/pacak/bpaf,stars,2023-01-14,171,github
https://github.com/pacak/bpaf,stars,2023-01-18,174,github
https://github.com/pacak/bpaf,stars,2023-02-02,177,github
https://github.com/pacak/bpaf,stars,2023-02-05,178,github
https://github.com/pacak/bpaf,stars,2023-02-14,179,github
https://github.com/pacak/bpaf,stars,2023-03-02,180,github
https://github.com/pacak/bpaf,stars,2023-03-10,184,github
https://github.com/pacak/bpaf,stars,2023-03-17,189,github
https://github.com/pacak/bpaf,stars,2023-03-21,191,github
https://github.com/pacak/bpaf,stars,2023-03-30,194,github
https://github.com/pacak/bpaf,stars,2023-04-04,195,github
https://github.com/pacak/bpaf,stars,2023-04-22,198,github
https://github.com/pacak/bpaf,stars,2023-04-29,200,github
https://github.com/pacak/bpaf,stars,2023-05-12,204,github
https://github.com/pacak/bpaf,stars,2023-05-20,210,github
https://github.com/pacak/bpaf,stars,2023-05-24,211,github
https://github.com/pacak/bpaf,stars,2023-06-09,213,github
https://github.com/pacak/bpaf,stars,2023-06-13,221,github
https://github.com/pacak/bpaf,stars,2023-06-19,223,github
https://github.com/pacak/bpaf,stars,2023-07-06,230,wayback
https://github.com/pacak/bpaf,stars,2023-07-18,225,github
https://github.com/pacak/bpaf,stars,2023-07-31,226,github
https://github.com/pacak/bpaf,stars,2023-08-19,245,github
https://github.com/pacak/bpaf,stars,2023-09-03,246,github
https://github.com/pacak/bpaf,stars,2023-09-15,252,github
https://github.com/pacak/bpaf,stars,2023-09-22,254,github
https://github.com/pacak/bpaf,stars,2023-10-04,255,github
https://github.com/pacak/bpaf,stars,2023-10-11,256,github
https://github.com/pacak/bpaf,stars,2023-10-15,257,github
https://github.com/pacak/bpaf,stars,2023-10-27,260,github
https://github.com/pacak/bpaf,stars,2023-11-03,262,github
https://github.com/pacak/bpaf,stars,2023-11-05,263,github
https://github.com/pacak/bpaf,stars,2023-11-14,264,github
https://github.com/pacak/bpaf,stars,2023-11-23,266,github
https://github.com/pacak/bpaf,stars,2023-11-26,268,github
https://github.com/pacak/bpaf,stars,2023-12-16,272,github
https://github.com/pacak/bpaf,stars,2023-12-20,278,github
https://github.com/pacak/bpaf,stars,2023-12-27,280,github
https://github.com/pacak/bpaf,stars,2024-01-02,287,wayback
https://github.com/pacak/bpaf,stars,2024-01-03,281,github
https://github.com/pacak/bpaf,stars,2024-01-22,283,github
https://github.com/pacak/bpaf,stars,2024-02-02,284,github
https://github.com/pacak/bpaf,stars,2024-02-09,285,github
https://github.com/pacak/bpaf,stars,2024-02-12,291,github
https://github.com/pacak/bpaf,stars,2024-02-21,292,github
https://github.com/pacak/bpaf,stars,2024-02-25,293,github
https://github.com/pacak/bpaf,stars,2024-03-08,295,github
https://github.com/pacak/bpaf,stars,2024-03-15,298,github
https://github.com/pacak/bpaf,stars,2024-03-22,305,github
https://github.com/pacak/bpaf,stars,2024-03-29,308,github
https://github.com/pacak/bpaf,stars,2024-04-10,309,github
https://github.com/pacak/bpaf,stars,2024-04-17,310,github
https://github.com/pacak/bpaf,stars,2024-04-21,311,github
https://github.com/pacak/bpaf,stars,2024-04-30,312,github
https://github.com/pacak/bpaf,stars,2024-05-07,313,github
https://github.com/pacak/bpaf,stars,2024-05-20,315,github
https://github.com/pacak/bpaf,stars,2024-05-27,316,github
https://github.com/pacak/bpaf,stars,2024-06-05,317,github
https://github.com/pacak/bpaf,stars,2024-06-14,319,github
https://github.com/pacak/bpaf,stars,2024-06-29,324,github
https://github.com/pacak/bpaf,stars,2024-07-10,327,github
https://github.com/pacak/bpaf,stars,2024-07-26,331,github
https://github.com/pacak/bpaf,stars,2024-08-01,332,github
https://github.com/pacak/bpaf,stars,2024-08-16,334,github
https://github.com/pacak/bpaf,stars,2024-08-27,335,github
https://github.com/pacak/bpaf,stars,2024-09-07,337,github
https://github.com/pacak/bpaf,stars,2024-09-20,339,github
https://github.com/pacak/bpaf,stars,2024-09-28,340,github
https://github.com/pacak/bpaf,stars,2024-09-29,344,wayback
https://github.com/pacak/bpaf,stars,2024-10-01,344,github
https://github.com/pacak/bpaf,stars,2024-10-09,345,github
https://github.com/pacak/bpaf,stars,2024-10-14,346,github
https://github.com/pacak/bpaf,stars,2024-10-22,347,github
https://github.com/pacak/bpaf,stars,2024-10-31,348,github
https://github.com/pacak/bpaf,stars,2024-11-06,350,github
https://github.com/pacak/bpaf,stars,2024-11-13,355,wayback
https://github.com/pacak/bpaf,stars,2024-11-16,354,github
https://github.com/pacak/bpaf,stars,2024-12-09,358,wayback
https://github.com/pacak/bpaf,stars,2025-01-02,357,github
https://github.com/pacak/bpaf,stars,2025-01-09,358,github
https://github.com/pacak/bpaf,stars,2025-01-21,360,github
https://github.com/pacak/bpaf,stars,2025-01-29,361,github
https://github.com/pacak/bpaf,stars,2025-02-11,363,github
https://github.com/pacak/bpaf,stars,2025-02-27,364,github
https://github.com/pacak/bpaf,stars,2025-03-06,368,github
https://github.com/pacak/bpaf,stars,2025-03-07,373,wayback
https://github.com/pacak/bpaf,stars,2025-03-15,370,github
https://github.com/pacak/bpaf,stars,2025-03-20,371,github
https://github.com/pacak/bpaf,stars,2025-03-24,372,github
https://github.com/pacak/bpaf,stars,2025-04-03,373,github
https://github.com/pacak/bpaf,stars,2025-04-21,374,github
https://github.com/pacak/bpaf,stars,2025-05-02,379,wayback
https://github.com/pacak/bpaf,stars,2025-05-03,375,github
https://github.com/pacak/bpaf,stars,2025-05-28,379,github
https://github.com/pacak/bpaf,stars,2025-06-03,380,github
https://github.com/pacak/bpaf,stars,2025-06-10,381,github
https://github.com/pacak/bpaf,stars,2025-07-02,383,github
https://github.com/pacak/bpaf,stars,2025-07-09,388,wayback
https://github.com/pacak/bpaf,stars,2025-07-11,386,github
https://github.com/pacak/bpaf,stars,2025-07-15,387,github
https://github.com/pacak/bpaf,stars,2025-07-28,388,github
https://github.com/pacak/bpaf,stars,2025-08-04,390,github
https://github.com/pacak/bpaf,stars,2025-08-13,391,github
https://github.com/pacak/bpaf,stars,2025-08-19,392,github
https://github.com/pacak/bpaf,stars,2025-09-09,396,wayback
https://github.com/pacak/bpaf,stars,2025-09-26,394,github
https://github.com/pacak/bpaf,stars,2025-10-01,396,github
https://github.com/pacak/bpaf,stars,2025-10-31,399,github
https://github.com/pacak/bpaf,stars,2025-11-05,404,github
https://github.com/pacak/bpaf,stars,2025-11-11,408,github
https://github.com/pacak/bpaf,stars,2025-11-18,410,github
https://github.com/pacak/bpaf,stars,2025-11-23,411,github
https://github.com/pacak/bpaf,stars,2025-12-04,413,github
https://github.com/pacak/bpaf,stars,2025-12-11,414,github
https://github.com/pacak/bpaf,stars,2025-12-17,415,github
https://github.com/pacak/bpaf,stars,2025-12-24,416,github
https://github.com/pacak/bpaf,stars,2026-01-31,421,github
https://github.com/pacak/bpaf,stars,2026-02-03,422,github
https://github.com/pacak/bpaf,stars,2026-02-08,423,wayback
https://github.com/pacak/bpaf,stars,2026-02-20,423,github
https://github.com/pacak/bpaf,stars,2026-02-28,426,github
https://github.com/pacak/bpaf,stars,2026-03-01,427,github
https://github.com/pacak/bpaf,stars,2026-03-10,428,github
https://github.com/pacak/bpaf,stars,2026-03-18,429,github
https://github.com/pacak/bpaf,stars,2026-03-26,431,github
https://github.com/pacak/bpaf,stars,2026-04-08,432,github
https://github.com/pacak/bpaf,stars,2026-04-13,434,github
https://github.com/pacak/bpaf,stars,2026-04-21,435,github
https://github.com/pacak/bpaf,stars,2026-05-11,437,github
https://github.com/pacak/bpaf,stars,2026-05-21,439,github
https://github.com/pacak/bpaf,stars,2026-05-29,440,github
https://github.com/pacak/bpaf,stars,2026-06-06,443,github
https://github.com/pacak/bpaf,stars,2026-06-14,444,github
https://github.com/pacak/bpaf,stars,2026-06-26,445,github
https://github.com/pacak/bpaf,stars,2026-08-01,448,github
https://github.com/pacak/bpaf,stars,2026-08-04,451,github
https://github.com/pacak/bpaf,stars,2026-08-17,451,sample
https://github.com/pacak/bpaf,stars,2026-08-18,451,sample
https://github.com/pacak/bpaf,stars,2026-08-19,452,github
https://github.com/pacak/bpaf,stars,2026-08-25,455,sample
https://github.com/pacak/bpaf,stars,2026-08-28,459,github
https://github.com/pacak/bpaf,stars,2026-09-01,459,sample
https://github.com/pacak/bpaf,stars,2026-09-03,461,github
https://github.com/pacak/bpaf,stars,2026-09-08,461,sample
https://github.com/pacak/bpaf,stars,2026-09-11,462,github
https://github.com/pacak/bpaf,stars,2026-09-15,462,sample
https://github.com/pacak/bpaf,stars,2026-09-22,462,sample
https://github.com/pacak/bpaf,stars,2026-09-29,462,sample
https://github.com/pallets/click,commit,2026-09-29,2026-09-23,sample
https://github.com/pallets/click,release,2026-09-01,2026-08-27,sample
https://github.com/pallets/click,release_source,2026-09-01,release,sample
https://github.com/pallets/click,stars,2014-04-24,0,created
https://github.com/pallets/click,stars,2014-04-26,716,github
https://github.com/pallets/click,stars,2014-05-03,1005,github
https://github.com/pallets/click,stars,2014-05-10,1050,github
https://github.com/pallets/click,stars,2014-05-17,1096,github
https://github.com/pallets/click,stars,2014-05-24,1177,github
https://github.com/pallets/click,stars,2014-05-31,1235,github
https://github.com/pallets/click,stars,2014-06-07,1267,github
https://github.com/pallets/click,stars,2014-06-14,1300,github
https://github.com/pallets/click,stars,2014-06-21,1315,github
https://github.com/pallets/click,stars,2014-06-28,1331,github
https://github.com/pallets/click,stars,2014-07-05,1342,github
https://github.com/pallets/click,stars,2014-07-10,1350,github
https://github.com/pallets/click,stars,2014-07-18,1365,github
https://github.com/pallets/click,stars,2014-07-26,1382,github
https://github.com/pallets/click,stars,2014-08-02,1396,github
https://github.com/pallets/click,stars,2014-08-09,1408,github
https://github.com/pallets/click,stars,2014-08-16,1425,github
https://github.com/pallets/click,stars,2014-08-23,1444,github
https://github.com/pallets/click,stars,2014-08-30,1463,github
https://github.com/pallets/click,stars,2014-09-06,1475,github
https://github.com/pallets/click,stars,2014-09-13,1484,github
https://github.com/pallets/click,stars,2014-09-19,1495,github
https://github.com/pallets/click,stars,2014-09-27,1505,github
https://github.com/pallets/click,stars,2014-10-03,1521,github
https://github.com/pallets/click,stars,2014-10-11,1530,github
https://github.com/pallets/click,stars,2014-10-18,1556,github
https://github.com/pallets/click,stars,2014-10-25,1570,github
https://github.com/pallets/click,stars,2014-11-01,1581,github
https://github.com/pallets/click,stars,2014-11-08,1599,github
https://github.com/pallets/click,stars,2014-11-15,1615,github
https://github.com/pallets/click,stars,2014-11-22,1625,github
https://github.com/pallets/click,stars,2014-11-29,1637,github
https://github.com/pallets/click,stars,2014-12-06,1648,github
https://github.com/pallets/click,stars,2014-12-12,1657,github
https://github.com/pallets/click,stars,2014-12-19,1670,github
https://github.com/pallets/click,stars,2014-12-27,1682,github
https://github.com/pallets/click,stars,2015-01-03,1693,github
https://github.com/pallets/click,stars,2015-01-10,1704,github
https://github.com/pallets/click,stars,2015-01-14,1707,github
https://github.com/pallets/click,stars,2015-01-24,1716,github
https://github.com/pallets/click,stars,2015-01-31,1731,github
https://github.com/pallets/click,stars,2015-02-06,1742,github
https://github.com/pallets/click,stars,2015-02-14,1764,github
https://github.com/pallets/click,stars,2015-02-19,1779,github
https://github.com/pallets/click,stars,2015-02-28,1791,github
https://github.com/pallets/click,stars,2015-03-07,1805,github
https://github.com/pallets/click,stars,2015-03-14,1816,github
https://github.com/pallets/click,stars,2015-03-21,1833,github
https://github.com/pallets/click,stars,2015-03-27,1853,github
https://github.com/pallets/click,stars,2015-04-04,1874,github
https://github.com/pallets/click,stars,2015-04-11,1883,github
https://github.com/pallets/click,stars,2015-04-17,1905,github
https://github.com/pallets/click,stars,2015-04-24,1915,github
https://github.com/pallets/click,stars,2015-05-02,1935,github
https://github.com/pallets/click,stars,2015-05-08,1951,github
https://github.com/pallets/click,stars,2015-05-16,1967,github
https://github.com/pallets/click,stars,2015-05-23,1982,github
https://github.com/pallets/click,stars,2015-05-30,1998,github
https://github.com/pallets/click,stars,2015-06-06,2019,github
https://github.com/pallets/click,stars,2015-06-13,2032,github
https://github.com/pallets/click,stars,2015-06-20,2045,github
https://github.com/pallets/click,stars,2015-06-26,2062,github
https://github.com/pallets/click,stars,2015-07-02,2073,github
https://github.com/pallets/click,stars,2015-07-11,2088,github
https://github.com/pallets/click,stars,2015-07-18,2104,github
https://github.com/pallets/click,stars,2015-07-25,2127,github
https://github.com/pallets/click,stars,2015-08-01,2158,github
https://github.com/pallets/click,stars,2015-08-08,2173,github
https://github.com/pallets/click,stars,2015-08-14,2193,github
https://github.com/pallets/click,stars,2015-08-22,2211,github
https://github.com/pallets/click,stars,2015-08-29,2217,github
https://github.com/pallets/click,stars,2015-09-04,2233,github
https://github.com/pallets/click,stars,2015-09-11,2256,github
https://github.com/pallets/click,stars,2015-09-18,2274,github
https://github.com/pallets/click,stars,2015-09-26,2294,github
https://github.com/pallets/click,stars,2015-10-03,2304,github
https://github.com/pallets/click,stars,2015-10-10,2331,github
https://github.com/pallets/click,stars,2015-10-17,2351,github
https://github.com/pallets/click,stars,2015-10-24,2364,github
https://github.com/pallets/click,stars,2015-10-31,2388,github
https://github.com/pallets/click,stars,2015-11-07,2415,github
https://github.com/pallets/click,stars,2015-11-13,2430,github
https://github.com/pallets/click,stars,2015-11-21,2442,github
https://github.com/pallets/click,stars,2015-11-28,2462,github
https://github.com/pallets/click,stars,2015-12-05,2478,github
https://github.com/pallets/click,stars,2015-12-12,2495,github
https://github.com/pallets/click,stars,2015-12-19,2513,github
https://github.com/pallets/click,stars,2015-12-26,2590,github
https://github.com/pallets/click,stars,2015-12-31,2600,github
https://github.com/pallets/click,stars,2016-01-09,2634,github
https://github.com/pallets/click,stars,2016-01-16,2644,github
https://github.com/pallets/click,stars,2016-01-23,2663,github
https://github.com/pallets/click,stars,2016-01-30,2680,github
https://github.com/pallets/click,stars,2016-02-06,2706,github
https://github.com/pallets/click,stars,2016-02-13,2729,github
https://github.com/pallets/click,stars,2016-02-20,2757,github
https://github.com/pallets/click,stars,2016-02-27,2781,github
https://github.com/pallets/click,stars,2016-03-05,2792,github
https://github.com/pallets/click,stars,2016-03-12,2817,github
https://github.com/pallets/click,stars,2016-03-18,2828,github
https://github.com/pallets/click,stars,2016-03-24,2848,github
https://github.com/pallets/click,stars,2016-04-02,2884,github
https://github.com/pallets/click,stars,2016-04-09,2904,github
https://github.com/pallets/click,stars,2016-04-16,2925,github
https://github.com/pallets/click,stars,2016-04-23,2948,github
https://github.com/pallets/click,stars,2016-04-30,2960,github
https://github.com/pallets/click,stars,2016-05-06,2975,github
https://github.com/pallets/click,stars,2016-05-14,2999,github
https://github.com/pallets/click,stars,2016-05-21,3016,github
https://github.com/pallets/click,stars,2016-05-28,3037,github
https://github.com/pallets/click,stars,2016-06-04,3060,github
https://github.com/pallets/click,stars,2016-06-10,3085,github
https://github.com/pallets/click,stars,2016-06-18,3099,github
https://github.com/pallets/click,stars,2016-06-25,3117,github
https://github.com/pallets/click,stars,2016-07-02,3133,github
https://github.com/pallets/click,stars,2016-07-09,3147,github
https://github.com/pallets/click,stars,2016-07-15,3163,github
https://github.com/pallets/click,stars,2016-07-23,3173,github
https://github.com/pallets/click,stars,2016-07-30,3194,github
https://github.com/pallets/click,stars,2016-08-06,3207,github
https://github.com/pallets/click,stars,2016-08-13,3221,github
https://github.com/pallets/click,stars,2016-08-20,3233,github
https://github.com/pallets/click,stars,2016-08-27,3246,github
https://github.com/pallets/click,stars,2016-09-03,3262,github
https://github.com/pallets/click,stars,2016-09-10,3287,github
https://github.com/pallets/click,stars,2016-09-17,3306,github
https://github.com/pallets/click,stars,2016-09-24,3328,github
https://github.com/pallets/click,stars,2016-09-30,3340,github
https://github.com/pallets/click,stars,2016-10-08,3356,github
https://github.com/pallets/click,stars,2016-10-15,3381,github
https://github.com/pallets/click,stars,2016-10-22,3399,github
https://github.com/pallets/click,stars,2016-10-28,3416,github
https://github.com/pallets/click,stars,2016-11-05,3431,github
https://github.com/pallets/click,stars,2016-11-10,3443,github
https://github.com/pallets/click,stars,2016-11-19,3461,github
https://github.com/pallets/click,stars,2016-11-26,3476,github
https://github.com/pallets/click,stars,2016-12-03,3497,github
https://github.com/pallets/click,stars,2016-12-10,3514,github
https://github.com/pallets/click,stars,2016-12-17,3527,github
https://github.com/pallets/click,stars,2016-12-24,3560,github
https://github.com/pallets/click,stars,2016-12-31,3583,github
https://github.com/pallets/click,stars,2017-01-07,3606,github
https://github.com/pallets/click,stars,2017-01-13,3630,github
https://github.com/pallets/click,stars,2017-01-21,3649,github
https://github.com/pallets/click,stars,2017-01-28,3669,github
https://github.com/pallets/click,stars,2017-02-04,3692,github
https://github.com/pallets/click,stars,2017-02-11,3720,github
https://github.com/pallets/click,stars,2017-02-18,3746,github
https://github.com/pallets/click,stars,2017-02-25,3769,github
https://github.com/pallets/click,stars,2017-03-04,3788,github
https://github.com/pallets/click,stars,2017-03-11,3818,github
https://github.com/pallets/click,stars,2017-03-18,3844,github
https://github.com/pallets/click,stars,2017-03-25,3866,github
https://github.com/pallets/click,stars,2017-04-01,3889,github
https://github.com/pallets/click,stars,2017-04-08,3914,github
https://github.com/pallets/click,stars,2017-04-15,3931,github
https://github.com/pallets/click,stars,2017-04-22,3950,github
https://github.com/pallets/click,stars,2017-04-29,3972,github
https://github.com/pallets/click,stars,2017-05-06,3996,github
https://github.com/pallets/click,stars,2017-05-13,4019,github
https://github.com/pallets/click,stars,2017-05-20,4036,github
https://github.com/pallets/click,stars,2017-05-27,4059,github
https://github.com/pallets/click,stars,2017-06-03,4082,github
https://github.com/pallets/click,stars,2017-06-10,4108,github
https://github.com/pallets/click,stars,2017-06-17,4128,github
https://github.com/pallets/click,stars,2017-06-23,4157,github
https://github.com/pallets/click,stars,2017-07-01,4187,github
https://github.com/pallets/click,stars,2017-07-08,4200,github
https://github.com/pallets/click,stars,2017-07-15,4225,github
https://github.com/pallets/click,stars,2017-07-22,4249,github
https://github.com/pallets/click,stars,2017-07-29,4274,github
https://github.com/pallets/click,stars,2017-08-05,4291,github
https://github.com/pallets/click,stars,2017-08-12,4307,github
https://github.com/pallets/click,stars,2017-08-19,4321,github
https://github.com/pallets/click,stars,2017-08-25,4334,github
https://github.com/pallets/click,stars,2017-09-02,4352,github
https://github.com/pallets/click,stars,2017-09-09,4384,github
https://github.com/pallets/click,stars,2017-09-16,4402,github
https://github.com/pallets/click,stars,2017-09-23,4431,github
https://github.com/pallets/click,stars,2017-09-30,4452,github
https://github.com/pallets/click,stars,2017-10-07,4468,github
https://github.com/pallets/click,stars,2017-10-14,4492,github
https://github.com/pallets/click,stars,2017-10-21,4519,github
https://github.com/pallets/click,stars,2017-10-28,4532,github
https://github.com/pallets/click,stars,2017-11-04,4556,github
https://github.com/pallets/click,stars,2017-11-11,4578,github
https://github.com/pallets/click,stars,2017-11-17,4597,github
https://github.com/pallets/click,stars,2017-11-24,4625,github
https://github.com/pallets/click,stars,2017-12-01,4650,github
https://github.com/pallets/click,stars,2017-12-09,4674,github
https://github.com/pallets/click,stars,2017-12-16,4729,github
https://github.com/pallets/click,stars,2017-12-23,4750,github
https://github.com/pallets/click,stars,2017-12-30,4770,github
https://github.com/pallets/click,stars,2018-01-06,4801,github
https://github.com/pallets/click,stars,2018-01-13,4821,github
https://github.com/pallets/click,stars,2018-01-19,4854,github
https://github.com/pallets/click,stars,2018-01-27,4886,github
https://github.com/pallets/click,stars,2018-02-03,4913,github
https://github.com/pallets/click,stars,2018-02-09,4937,github
https://github.com/pallets/click,stars,2018-02-17,4962,github
https://github.com/pallets/click,stars,2018-02-24,4985,github
https://github.com/pallets/click,stars,2018-03-03,5007,github
https://github.com/pallets/click,stars,2018-03-10,5034,github
https://github.com/pallets/click,stars,2018-03-17,5060,github
https://github.com/pallets/click,stars,2018-03-24,5090,github
https://github.com/pallets/click,stars,2018-03-31,5121,github
https://github.com/pallets/click,stars,2018-04-07,5140,github
https://github.com/pallets/click,stars,2018-04-14,5172,github
https://github.com/pallets/click,stars,2018-04-21,5203,github
https://github.com/pallets/click,stars,2018-04-28,5231,github
https://github.com/pallets/click,stars,2018-05-05,5256,github
https://github.com/pallets/click,stars,2018-05-12,5288,github
https://github.com/pallets/click,stars,2018-05-19,5330,github
https://github.com/pallets/click,stars,2018-05-26,5362,github
https://github.com/pallets/click,stars,2018-06-02,5389,github
https://github.com/pallets/click,stars,2018-06-09,5431,github
https://github.com/pallets/click,stars,2018-06-16,5454,github
https://github.com/pallets/click,stars,2018-06-23,5481,github
https://github.com/pallets/click,stars,2018-06-30,5509,github
https://github.com/pallets/click,stars,2018-07-07,5536,github
https://github.com/pallets/click,stars,2018-07-14,5565,github
https://github.com/pallets/click,stars,2018-07-21,5589,github
https://github.com/pallets/click,stars,2018-07-28,5618,github
https://github.com/pallets/click,stars,2018-08-04,5649,github
https://github.com/pallets/click,stars,2018-08-11,5672,github
https://github.com/pallets/click,stars,2018-08-18,5719,github
https://github.com/pallets/click,stars,2018-08-25,5745,github
https://github.com/pallets/click,stars,2018-09-01,5780,github
https://github.com/pallets/click,stars,2018-09-08,5812,github
https://github.com/pallets/click,stars,2018-09-15,5856,github
https://github.com/pallets/click,stars,2018-09-22,5900,github
https://github.com/pallets/click,stars,2018-09-29,5941,github
https://github.com/pallets/click,stars,2018-10-06,5970,github
https://github.com/pallets/click,stars,2018-10-13,6008,github
https://github.com/pallets/click,stars,2018-10-20,6035,github
https://github.com/pallets/click,stars,2018-10-27,6090,github
https://github.com/pallets/click,stars,2018-11-03,6126,github
https://github.com/pallets/click,stars,2018-11-10,6159,github
https://github.com/pallets/click,stars,2018-11-17,6191,github
https://github.com/pallets/click,stars,2018-11-24,6221,github
https://github.com/pallets/click,stars,2018-12-01,6260,github
https://github.com/pallets/click,stars,2018-12-08,6284,github
https://github.com/pallets/click,stars,2018-12-15,6303,github
https://github.com/pallets/click,stars,2018-12-22,6340,github
https://github.com/pallets/click,stars,2018-12-29,6371,github
https://github.com/pallets/click,stars,2019-01-05,6416,github
https://github.com/pallets/click,stars,2019-01-12,6444,github
https://github.com/pallets/click,stars,2019-01-19,6465,github
https://github.com/pallets/click,stars,2019-01-26,6497,github
https://github.com/pallets/click,stars,2019-02-02,6560,github
https://github.com/pallets/click,stars,2019-02-09,6588,github
https://github.com/pallets/click,stars,2019-02-16,6618,github
https://github.com/pallets/click,stars,2019-02-23,6655,github
https://github.com/pallets/click,stars,2019-03-02,6701,github
https://github.com/pallets/click,stars,2019-03-09,6726,github
https://github.com/pallets/click,stars,2019-03-16,6765,github
https://github.com/pallets/click,stars,2019-03-23,6801,github
https://github.com/pallets/click,stars,2019-03-30,6835,github
https://github.com/pallets/click,stars,2019-04-06,6861,github
https://github.com/pallets/click,stars,2019-04-13,6895,github
https://github.com/pallets/click,stars,2019-04-20,6924,github
https://github.com/pallets/click,stars,2019-04-27,6961,github
https://github.com/pallets/click,stars,2019-05-03,6983,github
https://github.com/pallets/click,stars,2019-05-11,7023,github
https://github.com/pallets/click,stars,2019-05-18,7055,github
https://github.com/pallets/click,stars,2019-05-25,7085,github
https://github.com/pallets/click,stars,2019-06-01,7112,github
https://github.com/pallets/click,stars,2019-06-08,7148,github
https://github.com/pallets/click,stars,2019-06-15,7190,github
https://github.com/pallets/click,stars,2019-06-22,7227,github
https://github.com/pallets/click,stars,2019-06-29,7251,github
https://github.com/pallets/click,stars,2019-07-06,7270,github
https://github.com/pallets/click,stars,2019-07-13,7304,github
https://github.com/pallets/click,stars,2019-07-20,7340,github
https://github.com/pallets/click,stars,2019-07-27,7381,github
https://github.com/pallets/click,stars,2019-08-03,7413,github
https://github.com/pallets/click,stars,2019-08-10,7450,github
https://github.com/pallets/click,stars,2019-08-17,7490,github
https://github.com/pallets/click,stars,2019-08-24,7529,github
https://github.com/pallets/click,stars,2019-08-31,7571,github
https://github.com/pallets/click,stars,2019-09-07,7601,github
https://github.com/pallets/click,stars,2019-09-14,7635,github
https://github.com/pallets/click,stars,2019-09-21,7668,github
https://github.com/pallets/click,stars,2019-09-28,7701,github
https://github.com/pallets/click,stars,2019-10-05,7722,github
https://github.com/pallets/click,stars,2019-10-12,7754,github
https://github.com/pallets/click,stars,2019-10-19,7775,github
https://github.com/pallets/click,stars,2019-10-26,7812,github
https://github.com/pallets/click,stars,2019-11-02,7840,github
https://github.com/pallets/click,stars,2019-11-09,7883,github
https://github.com/pallets/click,stars,2019-11-16,7906,github
https://github.com/pallets/click,stars,2019-11-23,7940,github
https://github.com/pallets/click,stars,2019-11-30,7968,github
https://github.com/pallets/click,stars,2019-12-07,7995,github
https://github.com/pallets/click,stars,2019-12-13,8017,github
https://github.com/pallets/click,stars,2019-12-21,8049,github
https://github.com/pallets/click,stars,2019-12-28,8072,github
https://github.com/pallets/click,stars,2020-01-03,8087,github
https://github.com/pallets/click,stars,2020-01-11,8124,github
https://github.com/pallets/click,stars,2020-01-18,8161,github
https://github.com/pallets/click,stars,2020-01-25,8181,github
https://github.com/pallets/click,stars,2020-02-01,8205,github
https://github.com/pallets/click,stars,2020-02-08,8233,github
https://github.com/pallets/click,stars,2020-02-15,8256,github
https://github.com/pallets/click,stars,2020-02-22,8302,github
https://github.com/pallets/click,stars,2020-02-29,8337,github
https://github.com/pallets/click,stars,2020-03-07,8363,github
https://github.com/pallets/click,stars,2020-03-14,8422,github
https://github.com/pallets/click,stars,2020-03-21,8468,github
https://github.com/pallets/click,stars,2020-03-28,8496,github
https://github.com/pallets/click,stars,2020-04-04,8528,github
https://github.com/pallets/click,stars,2020-04-11,8563,github
https://github.com/pallets/click,stars,2020-04-18,8592,github
https://github.com/pallets/click,stars,2020-04-25,8624,github
https://github.com/pallets/click,stars,2020-05-02,8655,github
https://github.com/pallets/click,stars,2020-05-09,8687,github
https://github.com/pallets/click,stars,2020-05-15,8715,github
https://github.com/pallets/click,stars,2020-05-23,8740,github
https://github.com/pallets/click,stars,2020-05-30,8781,github
https://github.com/pallets/click,stars,2020-06-06,8819,github
https://github.com/pallets/click,stars,2020-06-13,8855,github
https://github.com/pallets/click,stars,2020-06-20,8891,github
https://github.com/pallets/click,stars,2020-06-27,8913,github
https://github.com/pallets/click,stars,2020-07-03,8938,github
https://github.com/pallets/click,stars,2020-07-11,8963,github
https://github.com/pallets/click,stars,2020-07-18,9011,github
https://github.com/pallets/click,stars,2020-07-25,9034,github
https://github.com/pallets/click,stars,2020-08-01,9071,github
https://github.com/pallets/click,stars,2020-08-08,9104,github
https://github.com/pallets/click,stars,2020-08-15,9133,github
https://github.com/pallets/click,stars,2020-08-22,9171,github
https://github.com/pallets/click,stars,2020-08-28,9198,github
https://github.com/pallets/click,stars,2020-09-05,9225,github
https://github.com/pallets/click,stars,2020-09-12,9255,github
https://github.com/pallets/click,stars,2020-09-18,9279,github
https://github.com/pallets/click,stars,2020-09-26,9305,github
https://github.com/pallets/click,stars,2020-10-03,9348,github
https://github.com/pallets/click,stars,2020-10-10,9375,github
https://github.com/pallets/click,stars,2020-10-17,9403,github
https://github.com/pallets/click,stars,2020-10-24,9424,github
https://github.com/pallets/click,stars,2020-10-30,9449,github
https://github.com/pallets/click,stars,2020-11-07,9475,github
https://github.com/pallets/click,stars,2020-11-14,9501,github
https://github.com/pallets/click,stars,2020-11-21,9528,github
https://github.com/pallets/click,stars,2020-11-28,9547,github
https://github.com/pallets/click,stars,2020-12-05,9576,github
https://github.com/pallets/click,stars,2020-12-12,9603,github
https://github.com/pallets/click,stars,2020-12-19,9638,github
https://github.com/pallets/click,stars,2020-12-26,9661,github
https://github.com/pallets/click,stars,2021-01-02,9694,github
https://github.com/pallets/click,stars,2021-01-09,9730,github
https://github.com/pallets/click,stars,2021-01-16,9761,github
https://github.com/pallets/click,stars,2021-01-23,9798,github
https://github.com/pallets/click,stars,2021-01-30,9836,github
https://github.com/pallets/click,stars,2021-02-06,9869,github
https://github.com/pallets/click,stars,2021-02-13,9899,github
https://github.com/pallets/click,stars,2021-02-20,9936,github
https://github.com/pallets/click,stars,2021-02-27,9963,github
https://github.com/pallets/click,stars,2021-03-06,10001,github
https://github.com/pallets/click,stars,2021-03-13,10033,github
https://github.com/pallets/click,stars,2021-03-20,10068,github
https://github.com/pallets/click,stars,2021-03-27,10096,github
https://github.com/pallets/click,stars,2021-04-03,10127,github
https://github.com/pallets/click,stars,2021-04-10,10144,github
https://github.com/pallets/click,stars,2021-04-17,10176,github
https://github.com/pallets/click,stars,2021-04-24,10212,github
https://github.com/pallets/click,stars,2021-05-01,10262,github
https://github.com/pallets/click,stars,2021-05-08,10290,github
https://github.com/pallets/click,stars,2021-05-15,10353,github
https://github.com/pallets/click,stars,2021-05-22,10389,github
https://github.com/pallets/click,stars,2021-05-29,10415,github
https://github.com/pallets/click,stars,2021-06-05,10443,github
https://github.com/pallets/click,stars,2021-06-12,10491,github
https://github.com/pallets/click,stars,2021-06-19,10523,github
https://github.com/pallets/click,stars,2021-06-26,10551,github
https://github.com/pallets/click,stars,2021-07-03,10577,github
https://github.com/pallets/click,stars,2021-07-10,10601,github
https://github.com/pallets/click,stars,2021-07-17,10621,github
https://github.com/pallets/click,stars,2021-07-24,10641,github
https://github.com/pallets/click,stars,2021-07-31,10664,github
https://github.com/pallets/click,stars,2021-08-06,10694,github
https://github.com/pallets/click,stars,2021-08-14,10728,github
https://github.com/pallets/click,stars,2021-08-21,10754,github
https://github.com/pallets/click,stars,2021-08-27,10777,github
https://github.com/pallets/click,stars,2021-09-04,10815,github
https://github.com/pallets/click,stars,2021-09-11,10856,github
https://github.com/pallets/click,stars,2021-09-18,10895,github
https://github.com/pallets/click,stars,2021-09-25,10928,github
https://github.com/pallets/click,stars,2021-10-02,10960,github
https://github.com/pallets/click,stars,2021-10-09,10984,github
https://github.com/pallets/click,stars,2021-10-16,11018,github
https://github.com/pallets/click,stars,2021-10-23,11038,github
https://github.com/pallets/click,stars,2021-10-30,11063,github
https://github.com/pallets/click,stars,2021-11-06,11091,github
https://github.com/pallets/click,stars,2021-11-13,11120,github
https://github.com/pallets/click,stars,2021-11-20,11152,github
https://github.com/pallets/click,stars,2021-11-27,11177,github
https://github.com/pallets/click,stars,2021-12-04,11204,github
https://github.com/pallets/click,stars,2021-12-11,11236,github
https://github.com/pallets/click,stars,2021-12-18,11274,github
https://github.com/pallets/click,stars,2021-12-25,11305,github
https://github.com/pallets/click,stars,2022-01-01,11339,github
https://github.com/pallets/click,stars,2022-01-08,11367,github
https://github.com/pallets/click,stars,2022-01-15,11398,github
https://github.com/pallets/click,stars,2022-01-22,11428,github
https://github.com/pallets/click,stars,2022-01-29,11464,github
https://github.com/pallets/click,stars,2022-02-05,11514,github
https://github.com/pallets/click,stars,2022-02-12,11546,github
https://github.com/pallets/click,stars,2022-02-19,11587,github
https://github.com/pallets/click,stars,2022-02-26,11627,github
https://github.com/pallets/click,stars,2022-03-05,11649,github
https://github.com/pallets/click,stars,2022-03-12,11681,github
https://github.com/pallets/click,stars,2022-03-19,11707,github
https://github.com/pallets/click,stars,2022-03-26,11734,github
https://github.com/pallets/click,stars,2022-04-02,11782,github
https://github.com/pallets/click,stars,2022-04-09,11805,github
https://github.com/pallets/click,stars,2022-04-16,11844,github
https://github.com/pallets/click,stars,2022-04-23,11869,github
https://github.com/pallets/click,stars,2022-04-30,11901,github
https://github.com/pallets/click,stars,2022-05-07,11937,github
https://github.com/pallets/click,stars,2022-05-14,11964,github
https://github.com/pallets/click,stars,2022-05-21,11998,github
https://github.com/pallets/click,stars,2022-05-28,12011,github
https://github.com/pallets/click,stars,2022-06-04,12038,github
https://github.com/pallets/click,stars,2022-06-11,12067,github
https://github.com/pallets/click,stars,2022-06-18,12096,github
https://github.com/pallets/click,stars,2022-06-25,12127,github
https://github.com/pallets/click,stars,2022-07-02,12162,github
https://github.com/pallets/click,stars,2022-07-09,12193,github
https://github.com/pallets/click,stars,2022-07-16,12230,github
https://github.com/pallets/click,stars,2022-07-23,12264,github
https://github.com/pallets/click,stars,2022-07-30,12292,github
https://github.com/pallets/click,stars,2022-08-06,12322,github
https://github.com/pallets/click,stars,2022-08-13,12362,github
https://github.com/pallets/click,stars,2022-08-20,12394,github
https://github.com/pallets/click,stars,2022-08-27,12420,github
https://github.com/pallets/click,stars,2022-09-03,12460,github
https://github.com/pallets/click,stars,2022-09-10,12487,github
https://github.com/pallets/click,stars,2022-09-17,12518,github
https://github.com/pallets/click,stars,2022-09-24,12544,github
https://github.com/pallets/click,stars,2022-10-01,12568,github
https://github.com/pallets/click,stars,2022-10-08,12593,github
https://github.com/pallets/click,stars,2022-10-15,12626,github
https://github.com/pallets/click,stars,2022-10-22,12654,github
https://github.com/pallets/click,stars,2022-10-28,12674,github
https://github.com/pallets/click,stars,2022-11-03,12692,github
https://github.com/pallets/click,stars,2022-11-12,12727,github
https://github.com/pallets/click,stars,2022-11-19,12746,github
https://github.com/pallets/click,stars,2022-11-26,12772,github
https://github.com/pallets/click,stars,2022-12-03,12799,github
https://github.com/pallets/click,stars,2022-12-10,12830,github
https://github.com/pallets/click,stars,2022-12-17,12854,github
https://github.com/pallets/click,stars,2022-12-24,12876,github
https://github.com/pallets/click,stars,2022-12-31,12895,github
https://github.com/pallets/click,stars,2023-01-07,12921,github
https://github.com/pallets/click,stars,2023-01-14,12945,github
https://github.com/pallets/click,stars,2023-01-21,12971,github
https://github.com/pallets/click,stars,2023-01-28,12993,github
https://github.com/pallets/click,stars,2023-02-04,13013,github
https://github.com/pallets/click,stars,2023-02-11,13041,github
https://github.com/pallets/click,stars,2023-02-18,13070,github
https://github.com/pallets/click,stars,2023-02-24,13099,github
https://github.com/pallets/click,stars,2023-03-04,13124,github
https://github.com/pallets/click,stars,2023-03-11,13144,github
https://github.com/pallets/click,stars,2023-03-18,13163,github
https://github.com/pallets/click,stars,2023-03-25,13197,github
https://github.com/pallets/click,stars,2023-04-01,13222,github
https://github.com/pallets/click,stars,2023-04-08,13253,github
https://github.com/pallets/click,stars,2023-04-15,13282,github
https://github.com/pallets/click,stars,2023-04-22,13307,github
https://github.com/pallets/click,stars,2023-04-29,13352,github
https://github.com/pallets/click,stars,2023-05-06,13381,github
https://github.com/pallets/click,stars,2023-05-13,13411,github
https://github.com/pallets/click,stars,2023-05-20,13435,github
https://github.com/pallets/click,stars,2023-05-27,13489,github
https://github.com/pallets/click,stars,2023-06-02,13516,github
https://github.com/pallets/click,stars,2023-06-10,13538,github
https://github.com/pallets/click,stars,2023-06-17,13562,github
https://github.com/pallets/click,stars,2023-06-23,13585,github
https://github.com/pallets/click,stars,2023-07-01,13620,github
https://github.com/pallets/click,stars,2023-07-08,13640,github
https://github.com/pallets/click,stars,2023-07-15,13662,github
https://github.com/pallets/click,stars,2023-07-22,13692,github
https://github.com/pallets/click,stars,2023-07-29,13730,github
https://github.com/pallets/click,stars,2023-08-05,13750,github
https://github.com/pallets/click,stars,2023-08-12,13771,github
https://github.com/pallets/click,stars,2023-08-19,13790,github
https://github.com/pallets/click,stars,2023-08-26,13816,github
https://github.com/pallets/click,stars,2023-09-02,13845,github
https://github.com/pallets/click,stars,2023-09-09,13877,github
https://github.com/pallets/click,stars,2023-09-16,13902,github
https://github.com/pallets/click,stars,2023-09-23,13921,github
https://github.com/pallets/click,stars,2023-09-30,13940,github
https://github.com/pallets/click,stars,2023-10-07,13966,github
https://github.com/pallets/click,stars,2023-10-14,13992,github
https://github.com/pallets/click,stars,2023-10-21,14012,github
https://github.com/pallets/click,stars,2023-10-28,14054,github
https://github.com/pallets/click,stars,2023-11-04,14077,github
https://github.com/pallets/click,stars,2023-11-11,14099,github
https://github.com/pallets/click,stars,2023-11-18,14131,github
https://github.com/pallets/click,stars,2023-11-25,14153,github
https://github.com/pallets/click,stars,2023-12-02,14184,github
https://github.com/pallets/click,stars,2023-12-09,14220,github
https://github.com/pallets/click,stars,2023-12-16,14239,github
https://github.com/pallets/click,stars,2023-12-23,14268,github
https://github.com/pallets/click,stars,2023-12-30,14286,github
https://github.com/pallets/click,stars,2024-01-06,14308,github
https://github.com/pallets/click,stars,2024-01-13,14336,github
https://github.com/pallets/click,stars,2024-01-20,14365,github
https://github.com/pallets/click,stars,2024-01-27,14388,github
https://github.com/pallets/click,stars,2024-02-03,14414,github
https://github.com/pallets/click,stars,2024-02-10,14440,github
https://github.com/pallets/click,stars,2024-02-17,14467,github
https://github.com/pallets/click,stars,2024-02-24,14491,github
https://github.com/pallets/click,stars,2024-03-02,14516,github
https://github.com/pallets/click,stars,2024-03-09,14536,github
https://github.com/pallets/click,stars,2024-03-16,14565,github
https://github.com/pallets/click,stars,2024-03-22,14593,github
https://github.com/pallets/click,stars,2024-03-30,14615,github
https://github.com/pallets/click,stars,2024-04-06,14637,github
https://github.com/pallets/click,stars,2024-04-13,14669,github
https://github.com/pallets/click,stars,2024-04-20,14690,github
https://github.com/pallets/click,stars,2024-04-27,14725,github
https://github.com/pallets/click,stars,2024-05-04,14749,github
https://github.com/pallets/click,stars,2024-05-11,14772,github
https://github.com/pallets/click,stars,2024-05-18,14794,github
https://github.com/pallets/click,stars,2024-05-25,14812,github
https://github.com/pallets/click,stars,2024-06-01,14843,github
https://github.com/pallets/click,stars,2024-06-08,14867,github
https://github.com/pallets/click,stars,2024-06-15,14905,github
https://github.com/pallets/click,stars,2024-06-22,14925,github
https://github.com/pallets/click,stars,2024-06-29,14945,github
https://github.com/pallets/click,stars,2024-07-06,14979,github
https://github.com/pallets/click,stars,2024-07-13,15009,github
https://github.com/pallets/click,stars,2024-07-20,15032,github
https://github.com/pallets/click,stars,2024-07-27,15053,github
https://github.com/pallets/click,stars,2024-08-03,15072,github
https://github.com/pallets/click,stars,2024-08-10,15098,github
https://github.com/pallets/click,stars,2024-08-17,15124,github
https://github.com/pallets/click,stars,2024-08-24,15153,github
https://github.com/pallets/click,stars,2024-08-31,15178,github
https://github.com/pallets/click,stars,2024-09-07,15202,github
https://github.com/pallets/click,stars,2024-09-14,15232,github
https://github.com/pallets/click,stars,2024-09-21,15262,github
https://github.com/pallets/click,stars,2024-09-28,15307,github
https://github.com/pallets/click,stars,2024-10-05,15333,github
https://github.com/pallets/click,stars,2024-10-12,15359,github
https://github.com/pallets/click,stars,2024-10-19,15379,github
https://github.com/pallets/click,stars,2024-10-26,15408,github
https://github.com/pallets/click,stars,2024-11-02,15436,github
https://github.com/pallets/click,stars,2024-11-09,15463,github
https://github.com/pallets/click,stars,2024-11-15,15490,github
https://github.com/pallets/click,stars,2024-11-23,15514,github
https://github.com/pallets/click,stars,2024-11-30,15536,github
https://github.com/pallets/click,stars,2024-12-07,15569,github
https://github.com/pallets/click,stars,2024-12-14,15595,github
https://github.com/pallets/click,stars,2024-12-21,15623,github
https://github.com/pallets/click,stars,2024-12-28,15641,github
https://github.com/pallets/click,stars,2025-01-03,15657,github
https://github.com/pallets/click,stars,2025-01-11,15688,github
https://github.com/pallets/click,stars,2025-01-18,15703,github
https://github.com/pallets/click,stars,2025-01-25,15726,github
https://github.com/pallets/click,stars,2025-02-01,15753,github
https://github.com/pallets/click,stars,2025-02-08,15777,github
https://github.com/pallets/click,stars,2025-02-15,15799,github
https://github.com/pallets/click,stars,2025-02-22,15818,github
https://github.com/pallets/click,stars,2025-03-01,15849,github
https://github.com/pallets/click,stars,2025-03-08,15872,github
https://github.com/pallets/click,stars,2025-03-15,15911,github
https://github.com/pallets/click,stars,2025-03-22,15935,github
https://github.com/pallets/click,stars,2025-03-29,15961,github
https://github.com/pallets/click,stars,2025-04-05,15990,github
https://github.com/pallets/click,stars,2025-04-12,16010,github
https://github.com/pallets/click,stars,2025-04-19,16039,github
https://github.com/pallets/click,stars,2025-04-26,16070,github
https://github.com/pallets/click,stars,2025-05-03,16087,github
https://github.com/pallets/click,stars,2025-05-10,16113,github
https://github.com/pallets/click,stars,2025-05-17,16165,github
https://github.com/pallets/click,stars,2025-05-24,16193,github
https://github.com/pallets/click,stars,2025-05-31,16230,github
https://github.com/pallets/click,stars,2025-06-07,16256,github
https://github.com/pallets/click,stars,2025-06-14,16291,github
https://github.com/pallets/click,stars,2025-06-21,16311,github
https://github.com/pallets/click,stars,2025-06-28,16339,github
https://github.com/pallets/click,stars,2025-07-05,16376,github
https://github.com/pallets/click,stars,2025-07-12,16406,github
https://github.com/pallets/click,stars,2025-07-19,16438,github
https://github.com/pallets/click,stars,2025-07-26,16465,github
https://github.com/pallets/click,stars,2025-08-02,16495,github
https://github.com/pallets/click,stars,2025-08-09,16521,github
https://github.com/pallets/click,stars,2025-08-16,16539,github
https://github.com/pallets/click,stars,2025-08-23,16567,github
https://github.com/pallets/click,stars,2025-08-30,16601,github
https://github.com/pallets/click,stars,2025-09-06,16621,github
https://github.com/pallets/click,stars,2025-09-12,16646,github
https://github.com/pallets/click,stars,2025-09-20,16665,github
https://github.com/pallets/click,stars,2025-09-27,16689,github
https://github.com/pallets/click,stars,2025-10-03,16706,github
https://github.com/pallets/click,stars,2025-10-11,16726,github
https://github.com/pallets/click,stars,2025-10-18,16750,github
https://github.com/pallets/click,stars,2025-10-25,16770,github
https://github.com/pallets/click,stars,2025-11-01,16792,github
https://github.com/pallets/click,stars,2025-11-08,16808,github
https://github.com/pallets/click,stars,2025-11-15,16827,github
https://github.com/pallets/click,stars,2025-11-22,16846,github
https://github.com/pallets/click,stars,2025-11-29,16865,github
https://github.com/pallets/click,stars,2025-12-06,16885,github
https://github.com/pallets/click,stars,2025-12-13,16905,github
https://github.com/pallets/click,stars,2025-12-20,16922,github
https://github.com/pallets/click,stars,2025-12-26,16936,github
https://github.com/pallets/click,stars,2026-01-03,16954,github
https://github.com/pallets/click,stars,2026-01-09,16967,github
https://github.com/pallets/click,stars,2026-01-17,16990,github
https://github.com/pallets/click,stars,2026-01-23,17008,github
https://github.com/pallets/click,stars,2026-01-31,17027,github
https://github.com/pallets/click,stars,2026-02-07,17057,github
https://github.com/pallets/click,stars,2026-02-14,17083,github
https://github.com/pallets/click,stars,2026-02-20,17107,github
https://github.com/pallets/click,stars,2026-02-28,17126,github
https://github.com/pallets/click,stars,2026-03-07,17150,github
https://github.com/pallets/click,stars,2026-03-14,17174,github
https://github.com/pallets/click,stars,2026-03-21,17193,github
https://github.com/pallets/click,stars,2026-03-28,17225,github
https://github.com/pallets/click,stars,2026-04-04,17245,github
https://github.com/pallets/click,stars,2026-04-11,17270,github
https://github.com/pallets/click,stars,2026-04-18,17302,github
https://github.com/pallets/click,stars,2026-04-25,17321,github
https://github.com/pallets/click,stars,2026-05-02,17346,github
https://github.com/pallets/click,stars,2026-05-09,17368,github
https://github.com/pallets/click,stars,2026-05-16,17392,github
https://github.com/pallets/click,stars,2026-05-23,17414,github
https://github.com/pallets/click,stars,2026-05-30,17437,github
https://github.com/pallets/click,stars,2026-06-06,17461,github
https://github.com/pallets/click,stars,2026-06-12,17473,github
https://github.com/pallets/click,stars,2026-06-20,17488,github
https://github.com/pallets/click,stars,2026-06-25,17500,github
https://github.com/pallets/click,stars,2026-07-04,17516,github
https://github.com/pallets/click,stars,2026-07-11,17532,github
https://github.com/pallets/click,stars,2026-07-18,17546,github
https://github.com/pallets/click,stars,2026-07-25,17563,github
https://github.com/pallets/click,stars,2026-08-01,17576,github
https://github.com/pallets/click,stars,2026-08-07,17592,github
https://github.com/pallets/click,stars,2026-08-15,17603,github
https://github.com/pallets/click,stars,2026-08-18,17626,sample
https://github.com/pallets/click,stars,2026-08-22,17612,github
https://github.com/pallets/click,stars,2026-08-25,17633,sample
https://github.com/pallets/click,stars,2026-08-29,17624,github
https://github.com/pallets/click,stars,2026-09-01,17647,sample
https://github.com/pallets/click,stars,2026-09-05,17644,github
https://github.com/pallets/click,stars,2026-09-08,17656,sample
https://github.com/pallets/click,stars,2026-09-12,17656,github
https://github.com/pallets/click,stars,2026-09-15,17666,sample
https://github.com/pallets/click,stars,2026-09-19,17689,github
https://github.com/pallets/click,stars,2026-09-26,17771,github
https://github.com/pallets/click,stars,2026-09-29,17778,github
https://github.com/spf13/cobra,commit,2026-08-17,2026-07-11,sample
https://github.com/spf13/cobra,release,2026-08-17,2025-12-04,sample
https://github.com/spf13/cobra,release_source,2026-08-17,release,sample
https://github.com/spf13/cobra,stars,2013-09-03,0,created
https://github.com/spf13/cobra,stars,2013-09-10,1,github
https://github.com/spf13/cobra,stars,2013-09-21,2,github
https://github.com/spf13/cobra,stars,2013-10-11,4,github
https://github.com/spf13/cobra,stars,2013-10-19,5,github
https://github.com/spf13/cobra,stars,2013-10-26,6,github
https://github.com/spf13/cobra,stars,2013-11-08,9,github
https://github.com/spf13/cobra,stars,2013-11-16,53,github
https://github.com/spf13/cobra,stars,2013-11-22,67,github
https://github.com/spf13/cobra,stars,2013-11-30,75,github
https://github.com/spf13/cobra,stars,2013-12-06,83,github
https://github.com/spf13/cobra,stars,2013-12-13,88,github
https://github.com/spf13/cobra,stars,2013-12-20,90,github
https://github.com/spf13/cobra,stars,2013-12-26,94,github
https://github.com/spf13/cobra,stars,2014-01-04,103,github
https://github.com/spf13/cobra,stars,2014-01-11,105,github
https://github.com/spf13/cobra,stars,2014-01-18,110,github
https://github.com/spf13/cobra,stars,2014-01-25,115,github
https://github.com/spf13/cobra,stars,2014-01-28,118,github
https://github.com/spf13/cobra,stars,2014-02-02,120,github
https://github.com/spf13/cobra,stars,2014-02-14,123,github
https://github.com/spf13/cobra,stars,2014-03-07,127,github
https://github.com/spf13/cobra,stars,2014-03-14,133,github
https://github.com/spf13/cobra,stars,2014-03-18,135,github
https://github.com/spf13/cobra,stars,2014-03-29,141,github
https://github.com/spf13/cobra,stars,2014-04-05,142,github
https://github.com/spf13/cobra,stars,2014-04-11,143,github
https://github.com/spf13/cobra,stars,2014-04-19,150,github
https://github.com/spf13/cobra,stars,2014-04-26,152,github
https://github.com/spf13/cobra,stars,2014-05-03,165,github
https://github.com/spf13/cobra,stars,2014-05-08,171,github
https://github.com/spf13/cobra,stars,2014-05-17,200,github
https://github.com/spf13/cobra,stars,2014-05-24,230,github
https://github.com/spf13/cobra,stars,2014-05-31,300,github
https://github.com/spf13/cobra,stars,2014-06-06,311,github
https://github.com/spf13/cobra,stars,2014-06-14,315,github
https://github.com/spf13/cobra,stars,2014-06-17,319,github
https://github.com/spf13/cobra,stars,2014-06-27,325,github
https://github.com/spf13/cobra,stars,2014-07-02,331,github
https://github.com/spf13/cobra,stars,2014-07-11,336,github
https://github.com/spf13/cobra,stars,2014-07-19,340,github
https://github.com/spf13/cobra,stars,2014-07-26,351,github
https://github.com/spf13/cobra,stars,2014-08-02,362,github
https://github.com/spf13/cobra,stars,2014-08-08,373,github
https://github.com/spf13/cobra,stars,2014-08-15,379,github
https://github.com/spf13/cobra,stars,2014-08-22,390,github
https://github.com/spf13/cobra,stars,2014-08-29,395,github
https://github.com/spf13/cobra,stars,2014-09-06,403,github
https://github.com/spf13/cobra,stars,2014-09-13,409,github
https://github.com/spf13/cobra,stars,2014-09-20,410,github
https://github.com/spf13/cobra,stars,2014-09-25,419,github
https://github.com/spf13/cobra,stars,2014-10-03,422,github
https://github.com/spf13/cobra,stars,2014-10-11,429,github
https://github.com/spf13/cobra,stars,2014-10-15,433,github
https://github.com/spf13/cobra,stars,2014-10-25,450,github
https://github.com/spf13/cobra,stars,2014-10-31,454,github
https://github.com/spf13/cobra,stars,2014-11-07,456,github
https://github.com/spf13/cobra,stars,2014-11-15,462,github
https://github.com/spf13/cobra,stars,2014-11-21,473,github
https://github.com/spf13/cobra,stars,2014-11-29,481,github
https://github.com/spf13/cobra,stars,2014-12-05,490,github
https://github.com/spf13/cobra,stars,2014-12-13,494,github
https://github.com/spf13/cobra,stars,2014-12-20,511,github
https://github.com/spf13/cobra,stars,2014-12-27,547,github
https://github.com/spf13/cobra,stars,2015-01-03,562,github
https://github.com/spf13/cobra,stars,2015-01-10,573,github
https://github.com/spf13/cobra,stars,2015-01-17,589,github
https://github.com/spf13/cobra,stars,2015-01-22,599,github
https://github.com/spf13/cobra,stars,2015-01-31,610,github
https://github.com/spf13/cobra,stars,2015-02-06,616,github
https://github.com/spf13/cobra,stars,2015-02-14,624,github
https://github.com/spf13/cobra,stars,2015-02-21,633,github
https://github.com/spf13/cobra,stars,2015-02-26,641,github
https://github.com/spf13/cobra,stars,2015-03-07,652,github
https://github.com/spf13/cobra,stars,2015-03-14,662,github
https://github.com/spf13/cobra,stars,2015-03-21,669,github
https://github.com/spf13/cobra,stars,2015-03-27,682,github
https://github.com/spf13/cobra,stars,2015-04-04,686,github
https://github.com/spf13/cobra,stars,2015-04-11,702,github
https://github.com/spf13/cobra,stars,2015-04-18,719,github
https://github.com/spf13/cobra,stars,2015-04-24,729,github
https://github.com/spf13/cobra,stars,2015-05-01,740,github
https://github.com/spf13/cobra,stars,2015-05-09,754,github
https://github.com/spf13/cobra,stars,2015-05-15,771,github
https://github.com/spf13/cobra,stars,2015-05-23,782,github
https://github.com/spf13/cobra,stars,2015-05-30,793,github
https://github.com/spf13/cobra,stars,2015-06-04,799,github
https://github.com/spf13/cobra,stars,2015-06-13,807,github
https://github.com/spf13/cobra,stars,2015-06-20,827,github
https://github.com/spf13/cobra,stars,2015-06-26,835,github
https://github.com/spf13/cobra,stars,2015-07-04,845,github
https://github.com/spf13/cobra,stars,2015-07-11,855,github
https://github.com/spf13/cobra,stars,2015-07-18,874,github
https://github.com/spf13/cobra,stars,2015-07-25,893,github
https://github.com/spf13/cobra,stars,2015-08-01,906,github
https://github.com/spf13/cobra,stars,2015-08-08,921,github
https://github.com/spf13/cobra,stars,2015-08-15,933,github
https://github.com/spf13/cobra,stars,2015-08-21,947,github
https://github.com/spf13/cobra,stars,2015-08-29,957,github
https://github.com/spf13/cobra,stars,2015-09-05,978,github
https://github.com/spf13/cobra,stars,2015-09-12,990,github
https://github.com/spf13/cobra,stars,2015-09-18,1001,github
https://github.com/spf13/cobra,stars,2015-09-26,1011,github
https://github.com/spf13/cobra,stars,2015-10-03,1022,github
https://github.com/spf13/cobra,stars,2015-10-09,1031,github
https://github.com/spf13/cobra,stars,2015-10-17,1047,github
https://github.com/spf13/cobra,stars,2015-10-24,1063,github
https://github.com/spf13/cobra,stars,2015-10-31,1083,github
https://github.com/spf13/cobra,stars,2015-11-07,1100,github
https://github.com/spf13/cobra,stars,2015-11-13,1128,github
https://github.com/spf13/cobra,stars,2015-11-21,1149,github
https://github.com/spf13/cobra,stars,2015-11-28,1180,github
https://github.com/spf13/cobra,stars,2015-12-05,1213,github
https://github.com/spf13/cobra,stars,2015-12-12,1239,github
https://github.com/spf13/cobra,stars,2015-12-19,1255,github
https://github.com/spf13/cobra,stars,2015-12-26,1269,github
https://github.com/spf13/cobra,stars,2016-01-02,1283,github
https://github.com/spf13/cobra,stars,2016-01-09,1307,github
https://github.com/spf13/cobra,stars,2016-01-16,1329,github
https://github.com/spf13/cobra,stars,2016-01-23,1462,github
https://github.com/spf13/cobra,stars,2016-01-29,1501,github
https://github.com/spf13/cobra,stars,2016-02-06,1517,github
https://github.com/spf13/cobra,stars,2016-02-13,1542,github
https://github.com/spf13/cobra,stars,2016-02-20,1560,github
https://github.com/spf13/cobra,stars,2016-02-26,1580,github
https://github.com/spf13/cobra,stars,2016-03-05,1602,github
https://github.com/spf13/cobra,stars,2016-03-12,1626,github
https://github.com/spf13/cobra,stars,2016-03-19,1649,github
https://github.com/spf13/cobra,stars,2016-03-26,1667,github
https://github.com/spf13/cobra,stars,2016-04-02,1695,github
https://github.com/spf13/cobra,stars,2016-04-09,1715,github
https://github.com/spf13/cobra,stars,2016-04-15,1737,github
https://github.com/spf13/cobra,stars,2016-04-23,1760,github
https://github.com/spf13/cobra,stars,2016-04-30,1778,github
https://github.com/spf13/cobra,stars,2016-05-07,1806,github
https://github.com/spf13/cobra,stars,2016-05-14,1823,github
https://github.com/spf13/cobra,stars,2016-05-21,1850,github
https://github.com/spf13/cobra,stars,2016-05-28,1868,github
https://github.com/spf13/cobra,stars,2016-06-04,1898,github
https://github.com/spf13/cobra,stars,2016-06-11,1932,github
https://github.com/spf13/cobra,stars,2016-06-18,1973,github
https://github.com/spf13/cobra,stars,2016-06-25,2003,github
https://github.com/spf13/cobra,stars,2016-07-02,2058,github
https://github.com/spf13/cobra,stars,2016-07-09,2102,github
https://github.com/spf13/cobra,stars,2016-07-16,2137,github
https://github.com/spf13/cobra,stars,2016-07-23,2165,github
https://github.com/spf13/cobra,stars,2016-07-30,2186,github
https://github.com/spf13/cobra,stars,2016-08-06,2212,github
https://github.com/spf13/cobra,stars,2016-08-13,2240,github
https://github.com/spf13/cobra,stars,2016-08-20,2272,github
https://github.com/spf13/cobra,stars,2016-08-27,2300,github
https://github.com/spf13/cobra,stars,2016-09-03,2342,github
https://github.com/spf13/cobra,stars,2016-09-10,2370,github
https://github.com/spf13/cobra,stars,2016-09-17,2404,github
https://github.com/spf13/cobra,stars,2016-09-24,2470,github
https://github.com/spf13/cobra,stars,2016-10-01,2513,github
https://github.com/spf13/cobra,stars,2016-10-08,2543,github
https://github.com/spf13/cobra,stars,2016-10-15,2577,github
https://github.com/spf13/cobra,stars,2016-10-21,2604,github
https://github.com/spf13/cobra,stars,2016-10-29,2626,github
https://github.com/spf13/cobra,stars,2016-11-05,2645,github
https://github.com/spf13/cobra,stars,2016-11-12,2673,github
https://github.com/spf13/cobra,stars,2016-11-19,2697,github
https://github.com/spf13/cobra,stars,2016-11-26,2725,github
https://github.com/spf13/cobra,stars,2016-12-03,2743,github
https://github.com/spf13/cobra,stars,2016-12-10,2767,github
https://github.com/spf13/cobra,stars,2016-12-17,2797,github
https://github.com/spf13/cobra,stars,2016-12-24,2834,github
https://github.com/spf13/cobra,stars,2016-12-31,2915,github
https://github.com/spf13/cobra,stars,2017-01-07,2959,github
https://github.com/spf13/cobra,stars,2017-01-14,3004,github
https://github.com/spf13/cobra,stars,2017-01-21,3076,github
https://github.com/spf13/cobra,stars,2017-01-28,3154,github
https://github.com/spf13/cobra,stars,2017-02-04,3193,github
https://github.com/spf13/cobra,stars,2017-02-11,3282,github
https://github.com/spf13/cobra,stars,2017-02-18,3346,github
https://github.com/spf13/cobra,stars,2017-02-25,3412,github
https://github.com/spf13/cobra,stars,2017-03-04,3471,github
https://github.com/spf13/cobra,stars,2017-03-11,3516,github
https://github.com/spf13/cobra,stars,2017-03-18,3569,github
https://github.com/spf13/cobra,stars,2017-03-25,3613,github
https://github.com/spf13/cobra,stars,2017-04-01,3667,github
https://github.com/spf13/cobra,stars,2017-04-08,3705,github
https://github.com/spf13/cobra,stars,2017-04-15,3745,github
https://github.com/spf13/cobra,stars,2017-04-22,3801,github
https://github.com/spf13/cobra,stars,2017-04-29,3859,github
https://github.com/spf13/cobra,stars,2017-05-06,3901,github
https://github.com/spf13/cobra,stars,2017-05-13,3949,github
https://github.com/spf13/cobra,stars,2017-05-20,3981,github
https://github.com/spf13/cobra,stars,2017-05-27,4015,github
https://github.com/spf13/cobra,stars,2017-06-03,4042,github
https://github.com/spf13/cobra,stars,2017-06-10,4080,github
https://github.com/spf13/cobra,stars,2017-06-17,4125,github
https://github.com/spf13/cobra,stars,2017-06-24,4159,github
https://github.com/spf13/cobra,stars,2017-07-01,4208,github
https://github.com/spf13/cobra,stars,2017-07-08,4246,github
https://github.com/spf13/cobra,stars,2017-07-15,4281,github
https://github.com/spf13/cobra,stars,2017-07-22,4315,github
https://github.com/spf13/cobra,stars,2017-07-29,4375,github
https://github.com/spf13/cobra,stars,2017-08-05,4412,github
https://github.com/spf13/cobra,stars,2017-08-12,4443,github
https://github.com/spf13/cobra,stars,2017-08-19,4485,github
https://github.com/spf13/cobra,stars,2017-08-26,4564,github
https://github.com/spf13/cobra,stars,2017-09-02,4611,github
https://github.com/spf13/cobra,stars,2017-09-09,4662,github
https://github.com/spf13/cobra,stars,2017-09-16,4710,github
https://github.com/spf13/cobra,stars,2017-09-23,4745,github
https://github.com/spf13/cobra,stars,2017-09-30,4787,github
https://github.com/spf13/cobra,stars,2017-10-07,4828,github
https://github.com/spf13/cobra,stars,2017-10-14,4883,github
https://github.com/spf13/cobra,stars,2017-10-21,4927,github
https://github.com/spf13/cobra,stars,2017-10-28,4981,github
https://github.com/spf13/cobra,stars,2017-11-04,5033,github
https://github.com/spf13/cobra,stars,2017-11-11,5090,github
https://github.com/spf13/cobra,stars,2017-11-18,5135,github
https://github.com/spf13/cobra,stars,2017-11-25,5177,github
https://github.com/spf13/cobra,stars,2017-11-27,5696,wayback
https://github.com/spf13/cobra,stars,2017-12-02,5267,github
https://github.com/spf13/cobra,stars,2017-12-09,5333,github
https://github.com/spf13/cobra,stars,2017-12-16,5389,github
https://github.com/spf13/cobra,stars,2017-12-23,5437,github
https://github.com/spf13/cobra,stars,2017-12-30,5486,github
https://github.com/spf13/cobra,stars,2018-01-06,5535,github
https://github.com/spf13/cobra,stars,2018-01-13,5594,github
https://github.com/spf13/cobra,stars,2018-01-20,5651,github
https://github.com/spf13/cobra,stars,2018-01-27,5712,github
https://github.com/spf13/cobra,stars,2018-02-03,5773,github
https://github.com/spf13/cobra,stars,2018-02-10,5831,github
https://github.com/spf13/cobra,stars,2018-02-17,5896,github
https://github.com/spf13/cobra,stars,2018-02-24,5952,github
https://github.com/spf13/cobra,stars,2018-03-03,6074,github
https://github.com/spf13/cobra,stars,2018-03-10,6143,github
https://github.com/spf13/cobra,stars,2018-03-17,6205,github
https://github.com/spf13/cobra,stars,2018-03-24,6278,github
https://github.com/spf13/cobra,stars,2018-03-31,6343,github
https://github.com/spf13/cobra,stars,2018-04-07,6462,github
https://github.com/spf13/cobra,stars,2018-04-14,6550,github
https://github.com/spf13/cobra,stars,2018-04-21,6665,github
https://github.com/spf13/cobra,stars,2018-04-28,6742,github
https://github.com/spf13/cobra,stars,2018-05-05,6800,github
https://github.com/spf13/cobra,stars,2018-05-12,6879,github
https://github.com/spf13/cobra,stars,2018-05-19,6938,github
https://github.com/spf13/cobra,stars,2018-05-26,7033,github
https://github.com/spf13/cobra,stars,2018-06-02,7105,github
https://github.com/spf13/cobra,stars,2018-06-09,7147,github
https://github.com/spf13/cobra,stars,2018-06-16,7208,github
https://github.com/spf13/cobra,stars,2018-06-23,7271,github
https://github.com/spf13/cobra,stars,2018-06-30,7329,github
https://github.com/spf13/cobra,stars,2018-07-07,7402,github
https://github.com/spf13/cobra,stars,2018-07-14,7473,github
https://github.com/spf13/cobra,stars,2018-07-21,7536,github
https://github.com/spf13/cobra,stars,2018-07-28,7620,github
https://github.com/spf13/cobra,stars,2018-08-04,7690,github
https://github.com/spf13/cobra,stars,2018-08-11,7758,github
https://github.com/spf13/cobra,stars,2018-08-18,7832,github
https://github.com/spf13/cobra,stars,2018-08-25,7908,github
https://github.com/spf13/cobra,stars,2018-09-01,7985,github
https://github.com/spf13/cobra,stars,2018-09-08,8050,github
https://github.com/spf13/cobra,stars,2018-09-15,8131,github
https://github.com/spf13/cobra,stars,2018-09-22,8202,github
https://github.com/spf13/cobra,stars,2018-09-25,8914,wayback
https://github.com/spf13/cobra,stars,2018-09-29,8277,github
https://github.com/spf13/cobra,stars,2018-10-06,8337,github
https://github.com/spf13/cobra,stars,2018-10-10,9072,wayback
https://github.com/spf13/cobra,stars,2018-10-13,8407,github
https://github.com/spf13/cobra,stars,2018-10-20,8486,github
https://github.com/spf13/cobra,stars,2018-10-27,8557,github
https://github.com/spf13/cobra,stars,2018-11-03,8636,github
https://github.com/spf13/cobra,stars,2018-11-10,8736,github
https://github.com/spf13/cobra,stars,2018-11-17,8803,github
https://github.com/spf13/cobra,stars,2018-11-24,8898,github
https://github.com/spf13/cobra,stars,2018-12-01,8992,github
https://github.com/spf13/cobra,stars,2018-12-08,9069,github
https://github.com/spf13/cobra,stars,2018-12-15,9136,github
https://github.com/spf13/cobra,stars,2018-12-22,9222,github
https://github.com/spf13/cobra,stars,2018-12-29,9283,github
https://github.com/spf13/cobra,stars,2019-01-05,9342,github
https://github.com/spf13/cobra,stars,2019-01-12,9423,github
https://github.com/spf13/cobra,stars,2019-01-19,9499,github
https://github.com/spf13/cobra,stars,2019-01-26,9561,github
https://github.com/spf13/cobra,stars,2019-02-02,9655,github
https://github.com/spf13/cobra,stars,2019-02-09,9728,github
https://github.com/spf13/cobra,stars,2019-02-16,9805,github
https://github.com/spf13/cobra,stars,2019-02-23,9889,github
https://github.com/spf13/cobra,stars,2019-03-02,9982,github
https://github.com/spf13/cobra,stars,2019-03-09,10077,github
https://github.com/spf13/cobra,stars,2019-03-16,10171,github
https://github.com/spf13/cobra,stars,2019-03-17,10951,wayback
https://github.com/spf13/cobra,stars,2019-03-23,10289,github
https://github.com/spf13/cobra,stars,2019-03-30,10456,github
https://github.com/spf13/cobra,stars,2019-04-06,10587,github
https://github.com/spf13/cobra,stars,2019-04-13,10684,github
https://github.com/spf13/cobra,stars,2019-04-20,10751,github
https://github.com/spf13/cobra,stars,2019-04-27,10880,github
https://github.com/spf13/cobra,stars,2019-05-01,11753,wayback
https://github.com/spf13/cobra,stars,2019-05-04,10960,github
https://github.com/spf13/cobra,stars,2019-05-11,11048,github
https://github.com/spf13/cobra,stars,2019-05-18,11140,github
https://github.com/spf13/cobra,stars,2019-05-25,11229,github
https://github.com/spf13/cobra,stars,2019-06-01,11315,github
https://github.com/spf13/cobra,stars,2019-06-08,11418,github
https://github.com/spf13/cobra,stars,2019-06-15,11500,github
https://github.com/spf13/cobra,stars,2019-06-22,11599,github
https://github.com/spf13/cobra,stars,2019-06-29,11669,github
https://github.com/spf13/cobra,stars,2019-07-06,11764,github
https://github.com/spf13/cobra,stars,2019-07-13,12026,github
https://github.com/spf13/cobra,stars,2019-07-20,12144,github
https://github.com/spf13/cobra,stars,2019-07-27,12238,github
https://github.com/spf13/cobra,stars,2019-08-03,12381,github
https://github.com/spf13/cobra,stars,2019-08-10,12492,github
https://github.com/spf13/cobra,stars,2019-08-17,12604,github
https://github.com/spf13/cobra,stars,2019-08-24,12688,github
https://github.com/spf13/cobra,stars,2019-08-31,12776,github
https://github.com/spf13/cobra,stars,2019-09-07,12857,github
https://github.com/spf13/cobra,stars,2019-09-14,12944,github
https://github.com/spf13/cobra,stars,2019-09-21,13032,github
https://github.com/spf13/cobra,stars,2019-09-28,13119,github
https://github.com/spf13/cobra,stars,2019-10-05,13173,github
https://github.com/spf13/cobra,stars,2019-10-12,13259,github
https://github.com/spf13/cobra,stars,2019-10-19,13340,github
https://github.com/spf13/cobra,stars,2019-10-26,13423,github
https://github.com/spf13/cobra,stars,2019-11-02,13500,github
https://github.com/spf13/cobra,stars,2019-11-09,13600,github
https://github.com/spf13/cobra,stars,2019-11-16,13682,github
https://github.com/spf13/cobra,stars,2019-11-23,13769,github
https://github.com/spf13/cobra,stars,2019-11-30,13859,github
https://github.com/spf13/cobra,stars,2019-12-07,13963,github
https://github.com/spf13/cobra,stars,2019-12-14,14065,github
https://github.com/spf13/cobra,stars,2019-12-21,14164,github
https://github.com/spf13/cobra,stars,2019-12-25,15162,wayback
https://github.com/spf13/cobra,stars,2019-12-28,14231,github
https://github.com/spf13/cobra,stars,2020-01-04,14312,github
https://github.com/spf13/cobra,stars,2020-01-11,14402,github
https://github.com/spf13/cobra,stars,2020-01-18,14505,github
https://github.com/spf13/cobra,stars,2020-01-25,14562,github
https://github.com/spf13/cobra,stars,2020-02-01,14621,github
https://github.com/spf13/cobra,stars,2020-02-08,14689,github
https://github.com/spf13/cobra,stars,2020-02-15,14768,github
https://github.com/spf13/cobra,stars,2020-02-22,14850,github
https://github.com/spf13/cobra,stars,2020-02-29,14935,github
https://github.com/spf13/cobra,stars,2020-03-07,15004,github
https://github.com/spf13/cobra,stars,2020-03-14,15096,github
https://github.com/spf13/cobra,stars,2020-03-21,15175,github
https://github.com/spf13/cobra,stars,2020-03-28,15250,github
https://github.com/spf13/cobra,stars,2020-04-04,15344,github
https://github.com/spf13/cobra,stars,2020-04-11,15433,github
https://github.com/spf13/cobra,stars,2020-04-18,15523,github
https://github.com/spf13/cobra,stars,2020-04-25,15618,github
https://github.com/spf13/cobra,stars,2020-05-02,15696,github
https://github.com/spf13/cobra,stars,2020-05-09,15816,github
https://github.com/spf13/cobra,stars,2020-05-16,15917,github
https://github.com/spf13/cobra,stars,2020-05-18,16952,wayback
https://github.com/spf13/cobra,stars,2020-05-23,16011,github
https://github.com/spf13/cobra,stars,2020-05-30,16168,github
https://github.com/spf13/cobra,stars,2020-06-06,16261,github
https://github.com/spf13/cobra,stars,2020-06-13,16353,github
https://github.com/spf13/cobra,stars,2020-06-20,16428,github
https://github.com/spf13/cobra,stars,2020-06-27,16497,github
https://github.com/spf13/cobra,stars,2020-07-04,16595,github
https://github.com/spf13/cobra,stars,2020-07-11,16666,github
https://github.com/spf13/cobra,stars,2020-07-18,16766,github
https://github.com/spf13/cobra,stars,2020-07-25,16848,github
https://github.com/spf13/cobra,stars,2020-08-01,16941,github
https://github.com/spf13/cobra,stars,2020-08-08,17023,github
https://github.com/spf13/cobra,stars,2020-08-15,17114,github
https://github.com/spf13/cobra,stars,2020-08-22,17178,github
https://github.com/spf13/cobra,stars,2020-08-29,17265,github
https://github.com/spf13/cobra,stars,2020-09-05,17347,github
https://github.com/spf13/cobra,stars,2020-09-12,17421,github
https://github.com/spf13/cobra,stars,2020-09-19,17533,github
https://github.com/spf13/cobra,stars,2020-09-26,17617,github
https://github.com/spf13/cobra,stars,2020-10-03,17677,github
https://github.com/spf13/cobra,stars,2020-10-04,18705,wayback
https://github.com/spf13/cobra,stars,2020-10-10,17753,github
https://github.com/spf13/cobra,stars,2020-10-17,17828,github
https://github.com/spf13/cobra,stars,2020-10-24,17944,github
https://github.com/spf13/cobra,stars,2020-10-31,18026,github
https://github.com/spf13/cobra,stars,2020-11-07,18122,github
https://github.com/spf13/cobra,stars,2020-11-14,18212,github
https://github.com/spf13/cobra,stars,2020-11-21,18299,github
https://github.com/spf13/cobra,stars,2020-11-28,18409,github
https://github.com/spf13/cobra,stars,2020-12-05,18509,github
https://github.com/spf13/cobra,stars,2020-12-12,18594,github
https://github.com/spf13/cobra,stars,2020-12-16,19672,wayback
https://github.com/spf13/cobra,stars,2020-12-19,18685,github
https://github.com/spf13/cobra,stars,2020-12-26,18762,github
https://github.com/spf13/cobra,stars,2021-01-02,18832,github
https://github.com/spf13/cobra,stars,2021-01-09,18921,github
https://github.com/spf13/cobra,stars,2021-01-16,19001,github
https://github.com/spf13/cobra,stars,2021-01-23,19101,github
https://github.com/spf13/cobra,stars,2021-01-30,19172,github
https://github.com/spf13/cobra,stars,2021-02-06,19299,github
https://github.com/spf13/cobra,stars,2021-02-13,19376,github
https://github.com/spf13/cobra,stars,2021-02-20,19446,github
https://github.com/spf13/cobra,stars,2021-02-27,19545,github
https://github.com/spf13/cobra,stars,2021-03-06,19640,github
https://github.com/spf13/cobra,stars,2021-03-13,19726,github
https://github.com/spf13/cobra,stars,2021-03-15,20786,wayback
https://github.com/spf13/cobra,stars,2021-03-20,19813,github
https://github.com/spf13/cobra,stars,2021-03-27,19905,github
https://github.com/spf13/cobra,stars,2021-04-03,19993,github
https://github.com/spf13/cobra,stars,2021-04-09,21094,wayback
https://github.com/spf13/cobra,stars,2021-04-10,20063,github
https://github.com/spf13/cobra,stars,2021-04-17,20146,github
https://github.com/spf13/cobra,stars,2021-04-24,20225,github
https://github.com/spf13/cobra,stars,2021-05-01,20310,github
https://github.com/spf13/cobra,stars,2021-05-08,20392,github
https://github.com/spf13/cobra,stars,2021-05-15,20470,github
https://github.com/spf13/cobra,stars,2021-05-22,20546,github
https://github.com/spf13/cobra,stars,2021-05-29,20637,github
https://github.com/spf13/cobra,stars,2021-06-05,20726,github
https://github.com/spf13/cobra,stars,2021-06-07,21780,wayback
https://github.com/spf13/cobra,stars,2021-06-12,20818,github
https://github.com/spf13/cobra,stars,2021-06-19,20890,github
https://github.com/spf13/cobra,stars,2021-06-26,20975,github
https://github.com/spf13/cobra,stars,2021-07-03,21134,github
https://github.com/spf13/cobra,stars,2021-07-10,21269,github
https://github.com/spf13/cobra,stars,2021-07-17,21364,github
https://github.com/spf13/cobra,stars,2021-07-24,21470,github
https://github.com/spf13/cobra,stars,2021-07-31,21553,github
https://github.com/spf13/cobra,stars,2021-08-07,21629,github
https://github.com/spf13/cobra,stars,2021-08-14,21721,github
https://github.com/spf13/cobra,stars,2021-08-21,21801,github
https://github.com/spf13/cobra,stars,2021-08-28,21884,github
https://github.com/spf13/cobra,stars,2021-09-04,21989,github
https://github.com/spf13/cobra,stars,2021-09-11,22077,github
https://github.com/spf13/cobra,stars,2021-09-18,22162,github
https://github.com/spf13/cobra,stars,2021-09-25,22236,github
https://github.com/spf13/cobra,stars,2021-10-01,23349,wayback
https://github.com/spf13/cobra,stars,2021-10-02,22308,github
https://github.com/spf13/cobra,stars,2021-10-09,22371,github
https://github.com/spf13/cobra,stars,2021-10-16,22468,github
https://github.com/spf13/cobra,stars,2021-10-23,22548,github
https://github.com/spf13/cobra,stars,2021-10-30,22641,github
https://github.com/spf13/cobra,stars,2021-11-06,22763,github
https://github.com/spf13/cobra,stars,2021-11-13,22857,github
https://github.com/spf13/cobra,stars,2021-11-20,22937,github
https://github.com/spf13/cobra,stars,2021-11-27,23024,github
https://github.com/spf13/cobra,stars,2021-12-04,23188,github
https://github.com/spf13/cobra,stars,2021-12-11,23283,github
https://github.com/spf13/cobra,stars,2021-12-18,23382,github
https://github.com/spf13/cobra,stars,2021-12-25,23461,github
https://github.com/spf13/cobra,stars,2022-01-01,23559,github
https://github.com/spf13/cobra,stars,2022-01-08,23657,github
https://github.com/spf13/cobra,stars,2022-01-15,23762,github
https://github.com/spf13/cobra,stars,2022-01-22,23863,github
https://github.com/spf13/cobra,stars,2022-01-29,23959,github
https://github.com/spf13/cobra,stars,2022-02-05,24059,github
https://github.com/spf13/cobra,stars,2022-02-12,24179,github
https://github.com/spf13/cobra,stars,2022-02-19,24280,github
https://github.com/spf13/cobra,stars,2022-02-26,24371,github
https://github.com/spf13/cobra,stars,2022-03-01,25437,wayback
https://github.com/spf13/cobra,stars,2022-03-05,24467,github
https://github.com/spf13/cobra,stars,2022-03-12,24561,github
https://github.com/spf13/cobra,stars,2022-03-19,24672,github
https://github.com/spf13/cobra,stars,2022-03-26,24769,github
https://github.com/spf13/cobra,stars,2022-04-02,24867,github
https://github.com/spf13/cobra,stars,2022-04-09,24973,github
https://github.com/spf13/cobra,stars,2022-04-16,25097,github
https://github.com/spf13/cobra,stars,2022-04-23,25232,github
https://github.com/spf13/cobra,stars,2022-04-30,25358,github
https://github.com/spf13/cobra,stars,2022-05-07,25463,github
https://github.com/spf13/cobra,stars,2022-05-14,25564,github
https://github.com/spf13/cobra,stars,2022-05-21,25665,github
https://github.com/spf13/cobra,stars,2022-05-28,25760,github
https://github.com/spf13/cobra,stars,2022-06-04,25851,github
https://github.com/spf13/cobra,stars,2022-06-11,25959,github
https://github.com/spf13/cobra,stars,2022-06-18,26068,github
https://github.com/spf13/cobra,stars,2022-06-25,26181,github
https://github.com/spf13/cobra,stars,2022-07-02,26283,github
https://github.com/spf13/cobra,stars,2022-07-09,26415,github
https://github.com/spf13/cobra,stars,2022-07-16,26511,github
https://github.com/spf13/cobra,stars,2022-07-23,26708,github
https://github.com/spf13/cobra,stars,2022-07-30,26830,github
https://github.com/spf13/cobra,stars,2022-08-06,26961,github
https://github.com/spf13/cobra,stars,2022-08-13,27047,github
https://github.com/spf13/cobra,stars,2022-08-20,27179,github
https://github.com/spf13/cobra,stars,2022-08-27,27283,github
https://github.com/spf13/cobra,stars,2022-09-03,27370,github
https://github.com/spf13/cobra,stars,2022-09-10,27449,github
https://github.com/spf13/cobra,stars,2022-09-17,27538,github
https://github.com/spf13/cobra,stars,2022-09-24,27642,github
https://github.com/spf13/cobra,stars,2022-10-01,27805,github
https://github.com/spf13/cobra,stars,2022-10-08,27889,github
https://github.com/spf13/cobra,stars,2022-10-15,27998,github
https://github.com/spf13/cobra,stars,2022-10-22,28112,github
https://github.com/spf13/cobra,stars,2022-10-29,28236,github
https://github.com/spf13/cobra,stars,2022-11-02,29296,wayback
https://github.com/spf13/cobra,stars,2022-11-05,28341,github
https://github.com/spf13/cobra,stars,2022-11-12,28439,github
https://github.com/spf13/cobra,stars,2022-11-19,28581,github
https://github.com/spf13/cobra,stars,2022-11-26,28681,github
https://github.com/spf13/cobra,stars,2022-12-03,28777,github
https://github.com/spf13/cobra,stars,2022-12-10,28871,github
https://github.com/spf13/cobra,stars,2022-12-17,28954,github
https://github.com/spf13/cobra,stars,2022-12-24,29028,github
https://github.com/spf13/cobra,stars,2022-12-31,29114,github
https://github.com/spf13/cobra,stars,2023-01-07,29224,github
https://github.com/spf13/cobra,stars,2023-01-14,29324,github
https://github.com/spf13/cobra,stars,2023-01-21,29402,github
https://github.com/spf13/cobra,stars,2023-01-28,29483,github
https://github.com/spf13/cobra,stars,2023-02-01,30535,wayback
https://github.com/spf13/cobra,stars,2023-02-04,29589,github
https://github.com/spf13/cobra,stars,2023-02-11,29680,github
https://github.com/spf13/cobra,stars,2023-02-18,29767,github
https://github.com/spf13/cobra,stars,2023-02-25,29858,github
https://github.com/spf13/cobra,stars,2023-03-04,29947,github
https://github.com/spf13/cobra,stars,2023-03-06,30940,wayback
https://github.com/spf13/cobra,stars,2023-03-11,30043,github
https://github.com/spf13/cobra,stars,2023-03-18,30142,github
https://github.com/spf13/cobra,stars,2023-03-25,30235,github
https://github.com/spf13/cobra,stars,2023-04-01,30338,github
https://github.com/spf13/cobra,stars,2023-04-06,31366,wayback
https://github.com/spf13/cobra,stars,2023-04-08,30442,github
https://github.com/spf13/cobra,stars,2023-04-15,30515,github
https://github.com/spf13/cobra,stars,2023-04-22,30612,github
https://github.com/spf13/cobra,stars,2023-04-29,30689,github
https://github.com/spf13/cobra,stars,2023-05-06,30774,github
https://github.com/spf13/cobra,stars,2023-05-13,30860,github
https://github.com/spf13/cobra,stars,2023-05-20,30935,github
https://github.com/spf13/cobra,stars,2023-05-27,31022,github
https://github.com/spf13/cobra,stars,2023-06-03,31100,github
https://github.com/spf13/cobra,stars,2023-06-10,31184,github
https://github.com/spf13/cobra,stars,2023-06-17,31283,github
https://github.com/spf13/cobra,stars,2023-06-24,31352,github
https://github.com/spf13/cobra,stars,2023-07-01,31421,github
https://github.com/spf13/cobra,stars,2023-07-08,31523,github
https://github.com/spf13/cobra,stars,2023-07-15,31596,github
https://github.com/spf13/cobra,stars,2023-07-22,31684,github
https://github.com/spf13/cobra,stars,2023-07-29,31783,github
https://github.com/spf13/cobra,stars,2023-08-05,31862,github
https://github.com/spf13/cobra,stars,2023-08-12,31962,github
https://github.com/spf13/cobra,stars,2023-08-19,32064,github
https://github.com/spf13/cobra,stars,2023-08-26,32155,github
https://github.com/spf13/cobra,stars,2023-09-02,32265,github
https://github.com/spf13/cobra,stars,2023-09-09,32358,github
https://github.com/spf13/cobra,stars,2023-09-16,32447,github
https://github.com/spf13/cobra,stars,2023-09-23,32530,github
https://github.com/spf13/cobra,stars,2023-09-30,32609,github
https://github.com/spf13/cobra,stars,2023-10-07,32685,github
https://github.com/spf13/cobra,stars,2023-10-14,32760,github
https://github.com/spf13/cobra,stars,2023-10-21,32884,github
https://github.com/spf13/cobra,stars,2023-10-28,32983,github
https://github.com/spf13/cobra,stars,2023-11-04,33073,github
https://github.com/spf13/cobra,stars,2023-11-11,33171,github
https://github.com/spf13/cobra,stars,2023-11-18,33258,github
https://github.com/spf13/cobra,stars,2023-11-25,33358,github
https://github.com/spf13/cobra,stars,2023-12-02,33463,github
https://github.com/spf13/cobra,stars,2023-12-09,33535,github
https://github.com/spf13/cobra,stars,2023-12-16,33618,github
https://github.com/spf13/cobra,stars,2023-12-23,33686,github
https://github.com/spf13/cobra,stars,2023-12-30,33767,github
https://github.com/spf13/cobra,stars,2024-01-06,33831,github
https://github.com/spf13/cobra,stars,2024-01-13,33935,github
https://github.com/spf13/cobra,stars,2024-01-20,34022,github
https://github.com/spf13/cobra,stars,2024-01-27,34106,github
https://github.com/spf13/cobra,stars,2024-02-03,34194,github
https://github.com/spf13/cobra,stars,2024-02-10,34277,github
https://github.com/spf13/cobra,stars,2024-02-17,34363,github
https://github.com/spf13/cobra,stars,2024-02-24,34459,github
https://github.com/spf13/cobra,stars,2024-03-02,34533,github
https://github.com/spf13/cobra,stars,2024-03-09,34612,github
https://github.com/spf13/cobra,stars,2024-03-16,34704,github
https://github.com/spf13/cobra,stars,2024-03-23,34789,github
https://github.com/spf13/cobra,stars,2024-03-30,34883,github
https://github.com/spf13/cobra,stars,2024-04-06,34951,github
https://github.com/spf13/cobra,stars,2024-04-13,35033,github
https://github.com/spf13/cobra,stars,2024-04-20,35117,github
https://github.com/spf13/cobra,stars,2024-04-27,35209,github
https://github.com/spf13/cobra,stars,2024-05-04,35304,github
https://github.com/spf13/cobra,stars,2024-05-11,35392,github
https://github.com/spf13/cobra,stars,2024-05-18,35473,github
https://github.com/spf13/cobra,stars,2024-05-25,35539,github
https://github.com/spf13/cobra,stars,2024-06-01,35627,github
https://github.com/spf13/cobra,stars,2024-06-08,35714,github
https://github.com/spf13/cobra,stars,2024-06-15,35795,github
https://github.com/spf13/cobra,stars,2024-06-22,35873,github
https://github.com/spf13/cobra,stars,2024-06-29,35931,github
https://github.com/spf13/cobra,stars,2024-07-06,36004,github
https://github.com/spf13/cobra,stars,2024-07-13,36073,github
https://github.com/spf13/cobra,stars,2024-07-20,36173,github
https://github.com/spf13/cobra,stars,2024-07-27,36256,github
https://github.com/spf13/cobra,stars,2024-08-03,36355,github
https://github.com/spf13/cobra,stars,2024-08-10,36454,github
https://github.com/spf13/cobra,stars,2024-08-17,36535,github
https://github.com/spf13/cobra,stars,2024-08-24,36603,github
https://github.com/spf13/cobra,stars,2024-08-31,36686,github
https://github.com/spf13/cobra,stars,2024-09-07,36771,github
https://github.com/spf13/cobra,stars,2024-09-14,36878,github
https://github.com/spf13/cobra,stars,2024-09-21,36954,github
https://github.com/spf13/cobra,stars,2024-09-28,37037,github
https://github.com/spf13/cobra,stars,2024-10-05,37101,github
https://github.com/spf13/cobra,stars,2024-10-12,37194,github
https://github.com/spf13/cobra,stars,2024-10-19,37267,github
https://github.com/spf13/cobra,stars,2024-10-26,37340,github
https://github.com/spf13/cobra,stars,2024-11-02,37422,github
https://github.com/spf13/cobra,stars,2024-11-09,37506,github
https://github.com/spf13/cobra,stars,2024-11-16,37587,github
https://github.com/spf13/cobra,stars,2024-11-23,37675,github
https://github.com/spf13/cobra,stars,2024-11-30,37751,github
https://github.com/spf13/cobra,stars,2024-12-07,37814,github
https://github.com/spf13/cobra,stars,2024-12-14,37895,github
https://github.com/spf13/cobra,stars,2024-12-21,37965,github
https://github.com/spf13/cobra,stars,2024-12-28,38035,github
https://github.com/spf13/cobra,stars,2025-01-04,38101,github
https://github.com/spf13/cobra,stars,2025-01-11,38167,github
https://github.com/spf13/cobra,stars,2025-01-18,38244,github
https://github.com/spf13/cobra,stars,2025-01-25,38323,github
https://github.com/spf13/cobra,stars,2025-02-01,38385,github
https://github.com/spf13/cobra,stars,2025-02-08,38470,github
https://github.com/spf13/cobra,stars,2025-02-15,38544,github
https://github.com/spf13/cobra,stars,2025-02-22,38847,github
https://github.com/spf13/cobra,stars,2025-03-01,38931,github
https://github.com/spf13/cobra,stars,2025-03-08,39030,github
https://github.com/spf13/cobra,stars,2025-03-15,39121,github
https://github.com/spf13/cobra,stars,2025-03-22,39208,github
https://github.com/spf13/cobra,stars,2025-03-29,39300,github
https://github.com/spf13/cobra,stars,2025-04-05,39381,github
https://github.com/spf13/cobra,stars,2025-04-12,39480,github
https://github.com/spf13/cobra,stars,2025-04-19,39557,github
https://github.com/spf13/cobra,stars,2025-04-26,39638,github
https://github.com/spf13/cobra,stars,2025-05-03,39707,github
https://github.com/spf13/cobra,stars,2025-05-10,39783,github
https://github.com/spf13/cobra,stars,2025-05-17,39855,github
https://github.com/spf13/cobra,stars,2025-05-24,39927,github
https://github.com/spf13/cobra,stars,2025-05-31,40014,github
https://github.com/spf13/cobra,stars,2025-06-07,40076,github
https://github.com/spf13/cobra,stars,2025-06-14,40153,github
https://github.com/spf13/cobra,stars,2025-06-21,40281,github
https://github.com/spf13/cobra,stars,2025-06-28,40386,github
https://github.com/spf13/cobra,stars,2025-07-05,40499,github
https://github.com/spf13/cobra,stars,2025-07-12,40570,github
https://github.com/spf13/cobra,stars,2025-07-19,40645,github
https://github.com/spf13/cobra,stars,2025-07-26,40724,github
https://github.com/spf13/cobra,stars,2025-08-02,40808,github
https://github.com/spf13/cobra,stars,2025-08-09,40884,github
https://github.com/spf13/cobra,stars,2025-08-16,40960,github
https://github.com/spf13/cobra,stars,2025-08-23,41033,github
https://github.com/spf13/cobra,stars,2025-08-30,41243,github
https://github.com/spf13/cobra,stars,2025-09-06,41313,github
https://github.com/spf13/cobra,stars,2025-09-13,41403,github
https://github.com/spf13/cobra,stars,2025-09-20,41465,github
https://github.com/spf13/cobra,stars,2025-09-27,41551,github
https://github.com/spf13/cobra,stars,2025-10-04,41616,github
https://github.com/spf13/cobra,stars,2025-10-11,41679,github
https://github.com/spf13/cobra,stars,2025-10-18,41747,github
https://github.com/spf13/cobra,stars,2025-10-25,41802,github
https://github.com/spf13/cobra,stars,2025-11-01,41865,github
https://github.com/spf13/cobra,stars,2025-11-08,41917,github
https://github.com/spf13/cobra,stars,2025-11-15,41988,github
https://github.com/spf13/cobra,stars,2025-11-22,42038,github
https://github.com/spf13/cobra,stars,2025-11-29,42102,github
https://github.com/spf13/cobra,stars,2025-12-06,42166,github
https://github.com/spf13/cobra,stars,2025-12-13,42233,github
https://github.com/spf13/cobra,stars,2025-12-20,42306,github
https://github.com/spf13/cobra,stars,2025-12-27,42353,github
https://github.com/spf13/cobra,stars,2026-01-03,42410,github
https://github.com/spf13/cobra,stars,2026-01-10,42503,github
https://github.com/spf13/cobra,stars,2026-01-17,42564,github
https://github.com/spf13/cobra,stars,2026-01-24,42624,github
https://github.com/spf13/cobra,stars,2026-01-31,42695,github
https://github.com/spf13/cobra,stars,2026-02-07,42756,github
https://github.com/spf13/cobra,stars,2026-02-14,42816,github
https://github.com/spf13/cobra,stars,2026-02-21,42881,github
https://github.com/spf13/cobra,stars,2026-02-28,42944,github
https://github.com/spf13/cobra,stars,2026-03-07,43018,github
https://github.com/spf13/cobra,stars,2026-03-14,43085,github
https://github.com/spf13/cobra,stars,2026-03-21,43165,github
https://github.com/spf13/cobra,stars,2026-03-28,43246,github
https://github.com/spf13/cobra,stars,2026-04-04,43308,github
https://github.com/spf13/cobra,stars,2026-04-11,43373,github
https://github.com/spf13/cobra,stars,2026-04-18,43449,github
https://github.com/spf13/cobra,stars,2026-04-25,43512,github
https://github.com/spf13/cobra,stars,2026-05-02,43566,github
https://github.com/spf13/cobra,stars,2026-05-09,43662,github
https://github.com/spf13/cobra,stars,2026-05-16,43717,github
https://github.com/spf13/cobra,stars,2026-05-23,43779,github
https://github.com/spf13/cobra,stars,2026-05-30,43853,github
https://github.com/spf13/cobra,stars,2026-06-06,43899,github
https://github.com/spf13/cobra,stars,2026-06-13,43942,github
https://github.com/spf13/cobra,stars,2026-06-20,43989,github
https://github.com/spf13/cobra,stars,2026-06-27,44037,github
https://github.com/spf13/cobra,stars,2026-07-04,44074,github
https://github.com/spf13/cobra,stars,2026-07-11,44131,github
https://github.com/spf13/cobra,stars,2026-07-18,44176,github
https://github.com/spf13/cobra,stars,2026-07-25,44220,github
https://github.com/spf13/cobra,stars,2026-08-01,44278,github
https://github.com/spf13/cobra,stars,2026-08-08,44322,github
https://github.com/spf13/cobra,stars,2026-08-15,44377,github
https://github.com/spf13/cobra,stars,2026-08-17,44454,sample
https://github.com/spf13/cobra,stars,2026-08-18,44459,sample
https://github.com/spf13/cobra,stars,2026-08-22,44443,github
https://github.com/spf13/cobra,stars,2026-08-25,44502,sample
https://github.com/spf13/cobra,stars,2026-08-29,44481,github
https://github.com/spf13/cobra,stars,2026-09-01,44550,sample
https://github.com/spf13/cobra,stars,2026-09-05,44534,github
https://github.com/spf13/cobra,stars,2026-09-08,44581,sample
https://github.com/spf13/cobra,stars,2026-09-12,44574,github
https://github.com/spf13/cobra,stars,2026-09-15,44602,sample
https://github.com/spf13/cobra,stars,2026-09-19,44606,github
https://github.com/spf13/cobra,stars,2026-09-26,44656,github
https://github.com/spf13/cobra,stars,2026-09-29,44671,github
